<?xml version="1.0" encoding="UTF-8"?>
<rdf:RDF xmlns:rdf="http://www.w3.org/1999/02/22-rdf-syntax-ns#" xmlns:cim="http://iec.ch/TC57/2009/CIM-schema-cim14#">
<md:FullModel xmlns:md="http://www.casepowersoftware.com/2020/ThreeWndg_TP/1">
	<md:Model.created>2025-11-14-12</md:Model.created>
	<md:Model.Version>
		<md:Description>
			<md:Description.name>ThreeWndg_TP</md:Description.name>
			<md:Description.version>1</md:Description.version>
		</md:Description>
	</md:Model.Version>
	<md:Model.ModelingAuthoritySet>
		<md:Description>
			<md:Description.name>ThreeWndg</md:Description.name>
		</md:Description>
	</md:Model.ModelingAuthoritySet>
	<md:Model.Profile>
		<md:Description>
			<md:Description.uri>http://iec.ch/TC57/61970-452/Topology/1</md:Description.uri>
			<md:Description.name>IEC61970-452-Topology_Model</md:Description.name>
			<md:Description.version>1</md:Description.version>
		</md:Description>
	</md:Model.Profile>
	<md:Model.Creator>
		<md:Description>
			<md:Description.name>CASE 1.0</md:Description.name>
		</md:Description>
	</md:Model.Creator>
</md:FullModel>
<cim:TopologicalNode rdf:ID="_1f2dd6b7c91b4738b614d5665c9f6640">
	<cim:Node.UniqueNumber>0</cim:Node.UniqueNumber>
	<cim:IdentifiedObject.name>Node 1</cim:IdentifiedObject.name>
	<cim:IdentifiedObject.description>Node 1</cim:IdentifiedObject.description>
	<cim:TopologicalNode.equivalent>FALSE</cim:TopologicalNode.equivalent>
	<cim:TopologicalNodeSubstation.name></cim:TopologicalNodeSubstation.name>
	<cim:TopologicalNode.NodeCode>Node 1</cim:TopologicalNode.NodeCode>
	<cim:TopologicalNode.BaseVoltage rdf:resource="#_2fc84ca4de1c4aae83df486e891b086d"/>
	<cim:TopologicalNode.ConnectivityNodeContainer rdf:resource="#_736ef4b476f747d193fbc65600572fdc"/>
	<cim:TopologicalNode.TopologicalIsland rdf:resource="#_470d55772cc74d58922c004b7097db98"/>
</cim:TopologicalNode>
<cim:TopologicalNode rdf:ID="_1325f6d2f2d148cd95506db1164b993e">
	<cim:Node.UniqueNumber>1</cim:Node.UniqueNumber>
	<cim:IdentifiedObject.name>System Swing</cim:IdentifiedObject.name>
	<cim:IdentifiedObject.description>System Swing</cim:IdentifiedObject.description>
	<cim:TopologicalNode.equivalent>FALSE</cim:TopologicalNode.equivalent>
	<cim:TopologicalNodeSubstation.name></cim:TopologicalNodeSubstation.name>
	<cim:TopologicalNode.NodeCode>SystemSw</cim:TopologicalNode.NodeCode>
	<cim:TopologicalNode.BaseVoltage rdf:resource="#_2fc84ca4de1c4aae83df486e891b086d"/>
	<cim:TopologicalNode.ConnectivityNodeContainer rdf:resource="#_30d86bbc89b0463495bab62cff322188"/>
	<cim:TopologicalNode.TopologicalIsland rdf:resource="#_470d55772cc74d58922c004b7097db98"/>
</cim:TopologicalNode>
<cim:TopologicalNode rdf:ID="_124307b016814bdab33405f08dc77655">
	<cim:Node.UniqueNumber>2</cim:Node.UniqueNumber>
	<cim:IdentifiedObject.name>G1</cim:IdentifiedObject.name>
	<cim:IdentifiedObject.description>G1</cim:IdentifiedObject.description>
	<cim:TopologicalNode.equivalent>FALSE</cim:TopologicalNode.equivalent>
	<cim:TopologicalNodeSubstation.name></cim:TopologicalNodeSubstation.name>
	<cim:TopologicalNode.NodeCode>Node_G1</cim:TopologicalNode.NodeCode>
	<cim:TopologicalNode.BaseVoltage rdf:resource="#_6ccb67c0d9fd4a6096e152d39a5c3b04"/>
	<cim:TopologicalNode.ConnectivityNodeContainer rdf:resource="#_08321476009e4e09aecd22a2787ba749"/>
	<cim:TopologicalNode.TopologicalIsland rdf:resource="#_470d55772cc74d58922c004b7097db98"/>
</cim:TopologicalNode>
<cim:TopologicalNode rdf:ID="_d566cbc9e6c94e00b6756461bcdc0afe">
	<cim:Node.UniqueNumber>3</cim:Node.UniqueNumber>
	<cim:IdentifiedObject.name>G2</cim:IdentifiedObject.name>
	<cim:IdentifiedObject.description>G2</cim:IdentifiedObject.description>
	<cim:TopologicalNode.equivalent>FALSE</cim:TopologicalNode.equivalent>
	<cim:TopologicalNodeSubstation.name></cim:TopologicalNodeSubstation.name>
	<cim:TopologicalNode.NodeCode>Node_G2</cim:TopologicalNode.NodeCode>
	<cim:TopologicalNode.BaseVoltage rdf:resource="#_6ccb67c0d9fd4a6096e152d39a5c3b04"/>
	<cim:TopologicalNode.ConnectivityNodeContainer rdf:resource="#_fc04ab8dd2514e75a68e3e354bb5df28"/>
	<cim:TopologicalNode.TopologicalIsland rdf:resource="#_470d55772cc74d58922c004b7097db98"/>
</cim:TopologicalNode>
<cim:TopologicalNode rdf:ID="_a153b477be5b4c0d869355f5a33fca08">
	<cim:Node.UniqueNumber>4</cim:Node.UniqueNumber>
	<cim:IdentifiedObject.name>Node 2</cim:IdentifiedObject.name>
	<cim:IdentifiedObject.description>Node 2</cim:IdentifiedObject.description>
	<cim:TopologicalNode.equivalent>FALSE</cim:TopologicalNode.equivalent>
	<cim:TopologicalNodeSubstation.name></cim:TopologicalNodeSubstation.name>
	<cim:TopologicalNode.NodeCode>Node 2</cim:TopologicalNode.NodeCode>
	<cim:TopologicalNode.BaseVoltage rdf:resource="#_2fc84ca4de1c4aae83df486e891b086d"/>
	<cim:TopologicalNode.ConnectivityNodeContainer rdf:resource="#_b3c2346ed16743bc8cab67035a4f19ba"/>
	<cim:TopologicalNode.TopologicalIsland rdf:resource="#_470d55772cc74d58922c004b7097db98"/>
</cim:TopologicalNode>
<cim:TopologicalNode rdf:ID="_313f08f071844d92a1a3a492f8a2cc4a">
	<cim:Node.UniqueNumber>5</cim:Node.UniqueNumber>
	<cim:IdentifiedObject.name>Node 3</cim:IdentifiedObject.name>
	<cim:IdentifiedObject.description>Node 3</cim:IdentifiedObject.description>
	<cim:TopologicalNode.equivalent>FALSE</cim:TopologicalNode.equivalent>
	<cim:TopologicalNodeSubstation.name></cim:TopologicalNodeSubstation.name>
	<cim:TopologicalNode.NodeCode>Node 3</cim:TopologicalNode.NodeCode>
	<cim:TopologicalNode.BaseVoltage rdf:resource="#_2fc84ca4de1c4aae83df486e891b086d"/>
	<cim:TopologicalNode.ConnectivityNodeContainer rdf:resource="#_2ae2401fe5db4ebbbd728a30c02a518d"/>
	<cim:TopologicalNode.TopologicalIsland rdf:resource="#_470d55772cc74d58922c004b7097db98"/>
</cim:TopologicalNode>
<cim:TopologicalNode rdf:ID="_a233ab34ba604db49cb47633fcab0574">
	<cim:Node.UniqueNumber>6</cim:Node.UniqueNumber>
	<cim:IdentifiedObject.name>Node 3 - 110 kV</cim:IdentifiedObject.name>
	<cim:IdentifiedObject.description>Node 3 - 110 kV</cim:IdentifiedObject.description>
	<cim:TopologicalNode.equivalent>FALSE</cim:TopologicalNode.equivalent>
	<cim:TopologicalNodeSubstation.name></cim:TopologicalNodeSubstation.name>
	<cim:TopologicalNode.NodeCode>Node3_11</cim:TopologicalNode.NodeCode>
	<cim:TopologicalNode.BaseVoltage rdf:resource="#_0bc53fda2c0c4de794c15f7e7c7d5847"/>
	<cim:TopologicalNode.ConnectivityNodeContainer rdf:resource="#_46525fd822114178baefda1a7302a69e"/>
	<cim:TopologicalNode.TopologicalIsland rdf:resource="#_470d55772cc74d58922c004b7097db98"/>
</cim:TopologicalNode>
<cim:TopologicalNode rdf:ID="_e42868ae9d39413dac2c4c8344cdbd9e">
	<cim:Node.UniqueNumber>7</cim:Node.UniqueNumber>
	<cim:IdentifiedObject.name>Node 5</cim:IdentifiedObject.name>
	<cim:IdentifiedObject.description>Node 5</cim:IdentifiedObject.description>
	<cim:TopologicalNode.equivalent>FALSE</cim:TopologicalNode.equivalent>
	<cim:TopologicalNodeSubstation.name></cim:TopologicalNodeSubstation.name>
	<cim:TopologicalNode.NodeCode>Node 5</cim:TopologicalNode.NodeCode>
	<cim:TopologicalNode.BaseVoltage rdf:resource="#_0bc53fda2c0c4de794c15f7e7c7d5847"/>
	<cim:TopologicalNode.ConnectivityNodeContainer rdf:resource="#_286f11d19f8b484ebc7ad9187969a6fb"/>
	<cim:TopologicalNode.TopologicalIsland rdf:resource="#_470d55772cc74d58922c004b7097db98"/>
</cim:TopologicalNode>
<cim:TopologicalNode rdf:ID="_0a3e88288581473ca0a541a9583ff205">
	<cim:Node.UniqueNumber>8</cim:Node.UniqueNumber>
	<cim:IdentifiedObject.name>G3</cim:IdentifiedObject.name>
	<cim:IdentifiedObject.description>G3</cim:IdentifiedObject.description>
	<cim:TopologicalNode.equivalent>FALSE</cim:TopologicalNode.equivalent>
	<cim:TopologicalNodeSubstation.name></cim:TopologicalNodeSubstation.name>
	<cim:TopologicalNode.NodeCode>G3</cim:TopologicalNode.NodeCode>
	<cim:TopologicalNode.BaseVoltage rdf:resource="#_ff97bf2f4108483aa00da28d36d7bda3"/>
	<cim:TopologicalNode.ConnectivityNodeContainer rdf:resource="#_a842a22162dc414e81f3bebee14084ff"/>
	<cim:TopologicalNode.TopologicalIsland rdf:resource="#_470d55772cc74d58922c004b7097db98"/>
</cim:TopologicalNode>
<cim:Terminal rdf:about="#_43e617f24c7f405f8851f7c787215b88">
	<cim:Terminal.TopologicalNode rdf:resource="#_1325f6d2f2d148cd95506db1164b993e"/>
	<cim:Terminal.connected>TRUE</cim:Terminal.connected>
</cim:Terminal>
<cim:Terminal rdf:about="#_cb835eee184c4526969b5b26eb731ce6">
	<cim:Terminal.TopologicalNode rdf:resource="#_1f2dd6b7c91b4738b614d5665c9f6640"/>
	<cim:Terminal.connected>TRUE</cim:Terminal.connected>
</cim:Terminal>
<cim:Terminal rdf:about="#_c59fa3a953df4918943c9cd2e933d1c0">
	<cim:Terminal.TopologicalNode rdf:resource="#_1f2dd6b7c91b4738b614d5665c9f6640"/>
	<cim:Terminal.connected>TRUE</cim:Terminal.connected>
</cim:Terminal>
<cim:Terminal rdf:about="#_62d7523555ee4bfeb9bd1b855c05ba8b">
	<cim:Terminal.TopologicalNode rdf:resource="#_a153b477be5b4c0d869355f5a33fca08"/>
	<cim:Terminal.connected>TRUE</cim:Terminal.connected>
</cim:Terminal>
<cim:Terminal rdf:about="#_e1abf48f0135414890e3c1bb628c5315">
	<cim:Terminal.TopologicalNode rdf:resource="#_1f2dd6b7c91b4738b614d5665c9f6640"/>
	<cim:Terminal.connected>TRUE</cim:Terminal.connected>
</cim:Terminal>
<cim:Terminal rdf:about="#_eee747d62c3d4cadbb9eded587993344">
	<cim:Terminal.TopologicalNode rdf:resource="#_a153b477be5b4c0d869355f5a33fca08"/>
	<cim:Terminal.connected>TRUE</cim:Terminal.connected>
</cim:Terminal>
<cim:Terminal rdf:about="#_ce6d5b5da4aa4e79b5ad0b9a3dcce5a8">
	<cim:Terminal.TopologicalNode rdf:resource="#_a153b477be5b4c0d869355f5a33fca08"/>
	<cim:Terminal.connected>TRUE</cim:Terminal.connected>
</cim:Terminal>
<cim:Terminal rdf:about="#_b07bcf5d6b1e482e86b9634bcb2e4300">
	<cim:Terminal.TopologicalNode rdf:resource="#_313f08f071844d92a1a3a492f8a2cc4a"/>
	<cim:Terminal.connected>TRUE</cim:Terminal.connected>
</cim:Terminal>
<cim:Terminal rdf:about="#_e8e5cb9c67b14e959c92dd9af8be4dc7">
	<cim:Terminal.TopologicalNode rdf:resource="#_a233ab34ba604db49cb47633fcab0574"/>
	<cim:Terminal.connected>TRUE</cim:Terminal.connected>
</cim:Terminal>
<cim:Terminal rdf:about="#_f205cd55d82b4649812a742f73622e72">
	<cim:Terminal.TopologicalNode rdf:resource="#_e42868ae9d39413dac2c4c8344cdbd9e"/>
	<cim:Terminal.connected>TRUE</cim:Terminal.connected>
</cim:Terminal>
<cim:Terminal rdf:about="#_572a389a1e6d49f8b02d38ae209e3ceb">
	<cim:Terminal.connected>TRUE</cim:Terminal.connected>
	<cim:Terminal.TopologicalNode rdf:resource="#_a153b477be5b4c0d869355f5a33fca08"/>
</cim:Terminal>
<cim:Terminal rdf:about="#_71bb6d4e7a4e4b35a4ba79219cc28436">
	<cim:Terminal.connected>TRUE</cim:Terminal.connected>
	<cim:Terminal.TopologicalNode rdf:resource="#_a233ab34ba604db49cb47633fcab0574"/>
</cim:Terminal>
<cim:Terminal rdf:about="#_af4157c465be4c2488f2aea11967db29">
	<cim:Terminal.connected>TRUE</cim:Terminal.connected>
	<cim:Terminal.TopologicalNode rdf:resource="#_1f2dd6b7c91b4738b614d5665c9f6640"/>
</cim:Terminal>
<cim:Terminal rdf:about="#_1553ae2dd095434f84304f7d3640a22f">
	<cim:Terminal.connected>TRUE</cim:Terminal.connected>
	<cim:Terminal.TopologicalNode rdf:resource="#_124307b016814bdab33405f08dc77655"/>
</cim:Terminal>
<cim:Terminal rdf:about="#_f010fcb8f76a452c90b62676d39b3234">
	<cim:Terminal.connected>TRUE</cim:Terminal.connected>
	<cim:Terminal.TopologicalNode rdf:resource="#_d566cbc9e6c94e00b6756461bcdc0afe"/>
</cim:Terminal>
<cim:Terminal rdf:about="#_ff3d690080ef420eaff759d2570a0b7d">
	<cim:Terminal.connected>TRUE</cim:Terminal.connected>
	<cim:Terminal.TopologicalNode rdf:resource="#_313f08f071844d92a1a3a492f8a2cc4a"/>
</cim:Terminal>
<cim:Terminal rdf:about="#_bf597e8cf986466b9f1c5a5610adc0f3">
	<cim:Terminal.connected>TRUE</cim:Terminal.connected>
	<cim:Terminal.TopologicalNode rdf:resource="#_a233ab34ba604db49cb47633fcab0574"/>
</cim:Terminal>
<cim:Terminal rdf:about="#_7a022ce65f2148c0be794640703506e5">
	<cim:Terminal.connected>TRUE</cim:Terminal.connected>
	<cim:Terminal.TopologicalNode rdf:resource="#_e42868ae9d39413dac2c4c8344cdbd9e"/>
</cim:Terminal>
<cim:Terminal rdf:about="#_f2ae6baef7e043feb340af67e8e685b8">
	<cim:Terminal.connected>TRUE</cim:Terminal.connected>
	<cim:Terminal.TopologicalNode rdf:resource="#_0a3e88288581473ca0a541a9583ff205"/>
</cim:Terminal>
<cim:Terminal rdf:about="#_c94e51b3b2644231a97dd289a1dc384b">
	<cim:Terminal.TopologicalNode rdf:resource="#_124307b016814bdab33405f08dc77655"/>
	<cim:Terminal.connected>TRUE</cim:Terminal.connected>
</cim:Terminal>
<cim:Terminal rdf:about="#_43d2d8ca1d814a80abd8d0c36fb5273b">
	<cim:Terminal.TopologicalNode rdf:resource="#_d566cbc9e6c94e00b6756461bcdc0afe"/>
	<cim:Terminal.connected>TRUE</cim:Terminal.connected>
</cim:Terminal>
<cim:Terminal rdf:about="#_2eed0e1c52fe4b39b8e17d309837efee">
	<cim:Terminal.TopologicalNode rdf:resource="#_0a3e88288581473ca0a541a9583ff205"/>
	<cim:Terminal.connected>TRUE</cim:Terminal.connected>
</cim:Terminal>
<cim:Terminal rdf:about="#_3113d51743ae4d8586d8cbe8a54066e8">
	<cim:Terminal.TopologicalNode rdf:resource="#_1325f6d2f2d148cd95506db1164b993e"/>
	<cim:Terminal.connected>TRUE</cim:Terminal.connected>
</cim:Terminal>
</rdf:RDF>