<?xml version="1.0" encoding="UTF-8"?>
<rdf:RDF xmlns:rdf="http://www.w3.org/1999/02/22-rdf-syntax-ns#" xmlns:cim="http://iec.ch/TC57/2009/CIM-schema-cim14#">
<md:FullModel xmlns:md="http://www.casepowersoftware.com/2020/ThreeWndg_SV/1">
	<md:Model.created>2025-11-14-12</md:Model.created>
	<md:Model.Version>
		<md:Description>
			<md:Description.name>ThreeWndg_SV</md:Description.name>
			<md:Description.version>1</md:Description.version>
			<md:Description.ModelComment></md:Description.ModelComment>
		</md:Description>
	</md:Model.Version>
	<md:Model.ModelingAuthoritySet>
		<md:Description>
			<md:Description.name>ThreeWndg</md:Description.name>
		</md:Description>
	</md:Model.ModelingAuthoritySet>
	<md:Model.Profile>
		<md:Description>
			<md:Description.uri>http://iec.ch/TC57/61970-452/StateVariables/1</md:Description.uri>
			<md:Description.name>IEC61970-452-StateVariables_Model</md:Description.name>
			<md:Description.version>1</md:Description.version>
		</md:Description>
	</md:Model.Profile>
	<md:Model.Creator>
		<md:Description>
			<md:Description.name>CASE 1.0</md:Description.name>
		</md:Description>
	</md:Model.Creator>
</md:FullModel>
<cim:SvVoltage rdf:ID="_1e70caf18a5048c58da4074ac938bb86">
	<cim:SvVoltage.v>416.0987</cim:SvVoltage.v>
	<cim:SvVoltage.angle>-1.1978</cim:SvVoltage.angle>
	<cim:SvVoltage.TopologicalNode rdf:resource="#_1f2dd6b7c91b4738b614d5665c9f6640"/>
</cim:SvVoltage>
<cim:SvVoltage rdf:ID="_007f2250f28e4cd68a672b573d88cc0f">
	<cim:SvVoltage.v>415.0000</cim:SvVoltage.v>
	<cim:SvVoltage.angle> 0.0000</cim:SvVoltage.angle>
	<cim:SvVoltage.TopologicalNode rdf:resource="#_1325f6d2f2d148cd95506db1164b993e"/>
</cim:SvVoltage>
<cim:SvVoltage rdf:ID="_e3010d030b9245e397bb45820ede5149">
	<cim:SvVoltage.v>15.7500</cim:SvVoltage.v>
	<cim:SvVoltage.angle> 2.9909</cim:SvVoltage.angle>
	<cim:SvVoltage.TopologicalNode rdf:resource="#_124307b016814bdab33405f08dc77655"/>
</cim:SvVoltage>
<cim:SvVoltage rdf:ID="_f40f0f6c18d54b1fbff676de20e9e231">
	<cim:SvVoltage.v>15.7500</cim:SvVoltage.v>
	<cim:SvVoltage.angle> 2.9909</cim:SvVoltage.angle>
	<cim:SvVoltage.TopologicalNode rdf:resource="#_d566cbc9e6c94e00b6756461bcdc0afe"/>
</cim:SvVoltage>
<cim:SvVoltage rdf:ID="_06e7cd55e4d84c26bfbeb8c79d280db3">
	<cim:SvVoltage.v>412.3112</cim:SvVoltage.v>
	<cim:SvVoltage.angle>-3.2650</cim:SvVoltage.angle>
	<cim:SvVoltage.TopologicalNode rdf:resource="#_a153b477be5b4c0d869355f5a33fca08"/>
</cim:SvVoltage>
<cim:SvVoltage rdf:ID="_c7c9b93c40cb4fc39921064f084a0016">
	<cim:SvVoltage.v>403.7465</cim:SvVoltage.v>
	<cim:SvVoltage.angle>-5.7009</cim:SvVoltage.angle>
	<cim:SvVoltage.TopologicalNode rdf:resource="#_313f08f071844d92a1a3a492f8a2cc4a"/>
</cim:SvVoltage>
<cim:SvVoltage rdf:ID="_c6c5e5e2a2be463a8a76f0958c095a2d">
	<cim:SvVoltage.v>106.9497</cim:SvVoltage.v>
	<cim:SvVoltage.angle>-8.9960</cim:SvVoltage.angle>
	<cim:SvVoltage.TopologicalNode rdf:resource="#_a233ab34ba604db49cb47633fcab0574"/>
</cim:SvVoltage>
<cim:SvVoltage rdf:ID="_217e2afa87d242b3b76bb5450cf4e497">
	<cim:SvVoltage.v>109.1935</cim:SvVoltage.v>
	<cim:SvVoltage.angle>-5.0655</cim:SvVoltage.angle>
	<cim:SvVoltage.TopologicalNode rdf:resource="#_e42868ae9d39413dac2c4c8344cdbd9e"/>
</cim:SvVoltage>
<cim:SvVoltage rdf:ID="_a9d2b6e27950417ea034f284f2dcb4a8">
	<cim:SvVoltage.v>10.5000</cim:SvVoltage.v>
	<cim:SvVoltage.angle>-0.4590</cim:SvVoltage.angle>
	<cim:SvVoltage.TopologicalNode rdf:resource="#_0a3e88288581473ca0a541a9583ff205"/>
</cim:SvVoltage>
<cim:SvPowerFlow rdf:ID="_03e328fe7613416fb844083a2bc35296">
	<cim:SvPowerFlow.p>300.0000</cim:SvPowerFlow.p>
	<cim:SvPowerFlow.q>100.0000</cim:SvPowerFlow.q>
	<cim:SvPowerFlow.Terminal rdf:resource="#_572a389a1e6d49f8b02d38ae209e3ceb"/>
</cim:SvPowerFlow>
<cim:SvPowerFlow rdf:ID="_c2f17a03775444fe81ba7fb1ab0983bf">
	<cim:SvPowerFlow.p>240.0000</cim:SvPowerFlow.p>
	<cim:SvPowerFlow.q>80.0000</cim:SvPowerFlow.q>
	<cim:SvPowerFlow.Terminal rdf:resource="#_71bb6d4e7a4e4b35a4ba79219cc28436"/>
</cim:SvPowerFlow>
<cim:SvPowerFlow rdf:ID="_19651b8bf08749059a31e3d526708c64">
	<cim:SvPowerFlow.p>170.0000</cim:SvPowerFlow.p>
	<cim:SvPowerFlow.q>26.3838</cim:SvPowerFlow.q>
	<cim:SvPowerFlow.Terminal rdf:resource="#_c94e51b3b2644231a97dd289a1dc384b"/>
</cim:SvPowerFlow>
<cim:SvPowerFlow rdf:ID="_be6e17681bd141e68e80a19e69e694c7">
	<cim:SvPowerFlow.p>170.0000</cim:SvPowerFlow.p>
	<cim:SvPowerFlow.q>26.3836</cim:SvPowerFlow.q>
	<cim:SvPowerFlow.Terminal rdf:resource="#_43d2d8ca1d814a80abd8d0c36fb5273b"/>
</cim:SvPowerFlow>
<cim:SvPowerFlow rdf:ID="_cb0dacdb526b4c6296b14ed70143dd0a">
	<cim:SvPowerFlow.p>100.0000</cim:SvPowerFlow.p>
	<cim:SvPowerFlow.q>10.6420</cim:SvPowerFlow.q>
	<cim:SvPowerFlow.Terminal rdf:resource="#_2eed0e1c52fe4b39b8e17d309837efee"/>
</cim:SvPowerFlow>
<cim:SvPowerFlow rdf:ID="_ae3e75a301604a2db6ec679c6dd1c699">
	<cim:SvPowerFlow.p>105.2616</cim:SvPowerFlow.p>
	<cim:SvPowerFlow.q>-50.1450</cim:SvPowerFlow.q>
	<cim:SvPowerFlow.Terminal rdf:resource="#_3113d51743ae4d8586d8cbe8a54066e8"/>
</cim:SvPowerFlow>
</rdf:RDF>