<?xml version="1.0" encoding="UTF-8"?>
<rdf:RDF xmlns:rdf="http://www.w3.org/1999/02/22-rdf-syntax-ns#" xmlns:cim="http://iec.ch/TC57/2009/CIM-schema-cim14#">
<md:FullModel xmlns:md="http://www.casepowersoftware.com/2020/AM-start_SLD/1">
	<md:Model.created>2025-11-19-11</md:Model.created>
	<md:Model.Version>
		<md:Description>
			<md:Description.name>AM-start_SLD</md:Description.name>
			<md:Description.version>1</md:Description.version>
		</md:Description>
	</md:Model.Version>
	<md:Model.ModelingAuthoritySet>
		<md:Description>
		</md:Description>
	</md:Model.ModelingAuthoritySet>
	<md:Model.Profile>
		<md:Description>
			<md:Description.version>1</md:Description.version>
		</md:Description>
	</md:Model.Profile>
	<md:Model.Creator>
		<md:Description>
			<md:Description.name>CASE 1.0</md:Description.name>
		</md:Description>
	</md:Model.Creator>
</md:FullModel>
<cim:SLD_Properties rdf:ID="_9fe06c7a1ce44579a428fb20f7f9cf21">
	<cim:SLD_Properties.NodeDisplayOption>1</cim:SLD_Properties.NodeDisplayOption>
	<cim:SLD_Properties.ShowElementsLoad>1</cim:SLD_Properties.ShowElementsLoad>
</cim:SLD_Properties>
<cim:Scrollbar rdf:ID="_5f77b5d639ac455e80422853daff1c21">
	<cim:Scrollbar.VerticalPosition>746</cim:Scrollbar.VerticalPosition>
	<cim:Scrollbar.HorizontalPosition>1294</cim:Scrollbar.HorizontalPosition>
	<cim:Scrollbar.HorizontalMaxPosition>2500</cim:Scrollbar.HorizontalMaxPosition>
	<cim:Scrollbar.VerticalMaxPosition>10500</cim:Scrollbar.VerticalMaxPosition>
</cim:Scrollbar>
<cim:General rdf:ID="_ac653942ae59476bb3e0ac116166b66b">
	<cim:General.nmb_of_drawn_nodes>10</cim:General.nmb_of_drawn_nodes>
	<cim:General.nmb_of_drawn_lines>6</cim:General.nmb_of_drawn_lines>
	<cim:General.nmb_of_drawn_transformers>4</cim:General.nmb_of_drawn_transformers>
	<cim:General.nmb_of_drawn_generators>4</cim:General.nmb_of_drawn_generators>
	<cim:General.nmb_of_drawn_loads>2</cim:General.nmb_of_drawn_loads>
	<cim:General.nmb_of_drawn_shunts>0</cim:General.nmb_of_drawn_shunts>
</cim:General>
<cim:SLD_Node rdf:ID="_f6d11ce37fce408c85dfc592dd0c636a">
	<cim:SLD_Node.code>Node 1</cim:SLD_Node.code>
	<cim:SLD_Node.x_coordinate>-291</cim:SLD_Node.x_coordinate>
	<cim:SLD_Node.y_coordinate>-46</cim:SLD_Node.y_coordinate>
	<cim:SLD_Node.length>400</cim:SLD_Node.length>
	<cim:SLD_Node.width>6</cim:SLD_Node.width>
	<cim:SLD_Node.color>255</cim:SLD_Node.color>
	<cim:SLD_Node.number_of_element>0</cim:SLD_Node.number_of_element>
	<cim:SLD_Node.horizontal_or_vertical>0</cim:SLD_Node.horizontal_or_vertical>
	<cim:SLD_Node.ConnectionPoint>0</cim:SLD_Node.ConnectionPoint>
	<cim:SLD_Node.H_Offset>0</cim:SLD_Node.H_Offset>
	<cim:SLD_Node.V_Offset>0</cim:SLD_Node.V_Offset>
</cim:SLD_Node>
<cim:SLD_Node rdf:ID="_16f1987dbd5e49789695ed04ec1b1428">
	<cim:SLD_Node.code>SystemSw</cim:SLD_Node.code>
	<cim:SLD_Node.x_coordinate>-520</cim:SLD_Node.x_coordinate>
	<cim:SLD_Node.y_coordinate>-163</cim:SLD_Node.y_coordinate>
	<cim:SLD_Node.length>160</cim:SLD_Node.length>
	<cim:SLD_Node.width>6</cim:SLD_Node.width>
	<cim:SLD_Node.color>255</cim:SLD_Node.color>
	<cim:SLD_Node.number_of_element>1</cim:SLD_Node.number_of_element>
	<cim:SLD_Node.horizontal_or_vertical>0</cim:SLD_Node.horizontal_or_vertical>
	<cim:SLD_Node.ConnectionPoint>0</cim:SLD_Node.ConnectionPoint>
	<cim:SLD_Node.H_Offset>0</cim:SLD_Node.H_Offset>
	<cim:SLD_Node.V_Offset>0</cim:SLD_Node.V_Offset>
</cim:SLD_Node>
<cim:SLD_Node rdf:ID="_09dbad23fa24448bbd21abdb47057e9d">
	<cim:SLD_Node.code>Node_G1</cim:SLD_Node.code>
	<cim:SLD_Node.x_coordinate>-203</cim:SLD_Node.x_coordinate>
	<cim:SLD_Node.y_coordinate>187</cim:SLD_Node.y_coordinate>
	<cim:SLD_Node.length>100</cim:SLD_Node.length>
	<cim:SLD_Node.width>6</cim:SLD_Node.width>
	<cim:SLD_Node.color>16711680</cim:SLD_Node.color>
	<cim:SLD_Node.number_of_element>2</cim:SLD_Node.number_of_element>
	<cim:SLD_Node.horizontal_or_vertical>0</cim:SLD_Node.horizontal_or_vertical>
	<cim:SLD_Node.ConnectionPoint>0</cim:SLD_Node.ConnectionPoint>
	<cim:SLD_Node.H_Offset>0</cim:SLD_Node.H_Offset>
	<cim:SLD_Node.V_Offset>0</cim:SLD_Node.V_Offset>
</cim:SLD_Node>
<cim:SLD_Node rdf:ID="_230e784c27ad4d1bbefb39db76fa1158">
	<cim:SLD_Node.code>Node_G2</cim:SLD_Node.code>
	<cim:SLD_Node.x_coordinate>12</cim:SLD_Node.x_coordinate>
	<cim:SLD_Node.y_coordinate>189</cim:SLD_Node.y_coordinate>
	<cim:SLD_Node.length>100</cim:SLD_Node.length>
	<cim:SLD_Node.width>6</cim:SLD_Node.width>
	<cim:SLD_Node.color>16711680</cim:SLD_Node.color>
	<cim:SLD_Node.number_of_element>3</cim:SLD_Node.number_of_element>
	<cim:SLD_Node.horizontal_or_vertical>0</cim:SLD_Node.horizontal_or_vertical>
	<cim:SLD_Node.ConnectionPoint>0</cim:SLD_Node.ConnectionPoint>
	<cim:SLD_Node.H_Offset>0</cim:SLD_Node.H_Offset>
	<cim:SLD_Node.V_Offset>0</cim:SLD_Node.V_Offset>
</cim:SLD_Node>
<cim:SLD_Node rdf:ID="_c0c2426f7900403dbd374dab57f6d69f">
	<cim:SLD_Node.code>Node 2</cim:SLD_Node.code>
	<cim:SLD_Node.x_coordinate>471</cim:SLD_Node.x_coordinate>
	<cim:SLD_Node.y_coordinate>-40</cim:SLD_Node.y_coordinate>
	<cim:SLD_Node.length>350</cim:SLD_Node.length>
	<cim:SLD_Node.width>6</cim:SLD_Node.width>
	<cim:SLD_Node.color>255</cim:SLD_Node.color>
	<cim:SLD_Node.number_of_element>4</cim:SLD_Node.number_of_element>
	<cim:SLD_Node.horizontal_or_vertical>0</cim:SLD_Node.horizontal_or_vertical>
	<cim:SLD_Node.ConnectionPoint>0</cim:SLD_Node.ConnectionPoint>
	<cim:SLD_Node.H_Offset>0</cim:SLD_Node.H_Offset>
	<cim:SLD_Node.V_Offset>0</cim:SLD_Node.V_Offset>
</cim:SLD_Node>
<cim:SLD_Node rdf:ID="_336ff695172842ec9b6b1d673c394359">
	<cim:SLD_Node.code>Node 3</cim:SLD_Node.code>
	<cim:SLD_Node.x_coordinate>490</cim:SLD_Node.x_coordinate>
	<cim:SLD_Node.y_coordinate>219</cim:SLD_Node.y_coordinate>
	<cim:SLD_Node.length>200</cim:SLD_Node.length>
	<cim:SLD_Node.width>6</cim:SLD_Node.width>
	<cim:SLD_Node.color>255</cim:SLD_Node.color>
	<cim:SLD_Node.number_of_element>5</cim:SLD_Node.number_of_element>
	<cim:SLD_Node.horizontal_or_vertical>0</cim:SLD_Node.horizontal_or_vertical>
	<cim:SLD_Node.ConnectionPoint>0</cim:SLD_Node.ConnectionPoint>
	<cim:SLD_Node.H_Offset>0</cim:SLD_Node.H_Offset>
	<cim:SLD_Node.V_Offset>0</cim:SLD_Node.V_Offset>
</cim:SLD_Node>
<cim:SLD_Node rdf:ID="_6c88078032b54cc6a17e99b33f8a36ed">
	<cim:SLD_Node.code>Node3_11</cim:SLD_Node.code>
	<cim:SLD_Node.x_coordinate>489</cim:SLD_Node.x_coordinate>
	<cim:SLD_Node.y_coordinate>417</cim:SLD_Node.y_coordinate>
	<cim:SLD_Node.length>300</cim:SLD_Node.length>
	<cim:SLD_Node.width>4</cim:SLD_Node.width>
	<cim:SLD_Node.color>0</cim:SLD_Node.color>
	<cim:SLD_Node.number_of_element>6</cim:SLD_Node.number_of_element>
	<cim:SLD_Node.horizontal_or_vertical>0</cim:SLD_Node.horizontal_or_vertical>
	<cim:SLD_Node.ConnectionPoint>0</cim:SLD_Node.ConnectionPoint>
	<cim:SLD_Node.H_Offset>0</cim:SLD_Node.H_Offset>
	<cim:SLD_Node.V_Offset>0</cim:SLD_Node.V_Offset>
</cim:SLD_Node>
<cim:SLD_Node rdf:ID="_2c0b1f021eeb446595ca198af9cd3f57">
	<cim:SLD_Node.code>Node 5</cim:SLD_Node.code>
	<cim:SLD_Node.x_coordinate>919</cim:SLD_Node.x_coordinate>
	<cim:SLD_Node.y_coordinate>189</cim:SLD_Node.y_coordinate>
	<cim:SLD_Node.length>300</cim:SLD_Node.length>
	<cim:SLD_Node.width>4</cim:SLD_Node.width>
	<cim:SLD_Node.color>0</cim:SLD_Node.color>
	<cim:SLD_Node.number_of_element>7</cim:SLD_Node.number_of_element>
	<cim:SLD_Node.horizontal_or_vertical>0</cim:SLD_Node.horizontal_or_vertical>
	<cim:SLD_Node.ConnectionPoint>0</cim:SLD_Node.ConnectionPoint>
	<cim:SLD_Node.H_Offset>0</cim:SLD_Node.H_Offset>
	<cim:SLD_Node.V_Offset>0</cim:SLD_Node.V_Offset>
</cim:SLD_Node>
<cim:SLD_Node rdf:ID="_40cd4b5b0e64414bbe1b768ed3fa71f2">
	<cim:SLD_Node.code>G3</cim:SLD_Node.code>
	<cim:SLD_Node.x_coordinate>958</cim:SLD_Node.x_coordinate>
	<cim:SLD_Node.y_coordinate>353</cim:SLD_Node.y_coordinate>
	<cim:SLD_Node.length>90</cim:SLD_Node.length>
	<cim:SLD_Node.width>4</cim:SLD_Node.width>
	<cim:SLD_Node.color>8421504</cim:SLD_Node.color>
	<cim:SLD_Node.number_of_element>8</cim:SLD_Node.number_of_element>
	<cim:SLD_Node.horizontal_or_vertical>0</cim:SLD_Node.horizontal_or_vertical>
	<cim:SLD_Node.ConnectionPoint>0</cim:SLD_Node.ConnectionPoint>
	<cim:SLD_Node.H_Offset>0</cim:SLD_Node.H_Offset>
	<cim:SLD_Node.V_Offset>0</cim:SLD_Node.V_Offset>
</cim:SLD_Node>
<cim:SLD_Node rdf:ID="_a4e3b039d18e423487ac4d080d4582e6">
	<cim:SLD_Node.code>Node 6</cim:SLD_Node.code>
	<cim:SLD_Node.x_coordinate>1137</cim:SLD_Node.x_coordinate>
	<cim:SLD_Node.y_coordinate>351</cim:SLD_Node.y_coordinate>
	<cim:SLD_Node.length>140</cim:SLD_Node.length>
	<cim:SLD_Node.width>4</cim:SLD_Node.width>
	<cim:SLD_Node.color>32766</cim:SLD_Node.color>
	<cim:SLD_Node.number_of_element>9</cim:SLD_Node.number_of_element>
	<cim:SLD_Node.horizontal_or_vertical>0</cim:SLD_Node.horizontal_or_vertical>
	<cim:SLD_Node.ConnectionPoint>0</cim:SLD_Node.ConnectionPoint>
	<cim:SLD_Node.H_Offset>0</cim:SLD_Node.H_Offset>
	<cim:SLD_Node.V_Offset>0</cim:SLD_Node.V_Offset>
</cim:SLD_Node>
<cim:SLD_Line rdf:ID="_86c9cf18016f4f7c9ae8af8439f75b61">
	<cim:SLD_Line.nmb_of_knees>4</cim:SLD_Line.nmb_of_knees>
	<cim:SLD_Line.knee_coordinate.x>-122</cim:SLD_Line.knee_coordinate.x>
	<cim:SLD_Line.knee_coordinate.y>73</cim:SLD_Line.knee_coordinate.y>
	<cim:SLD_Line.knee_coordinate.x>39</cim:SLD_Line.knee_coordinate.x>
	<cim:SLD_Line.knee_coordinate.y>73</cim:SLD_Line.knee_coordinate.y>
	<cim:SLD_Line.knee_coordinate.x>39</cim:SLD_Line.knee_coordinate.x>
	<cim:SLD_Line.knee_coordinate.y>152</cim:SLD_Line.knee_coordinate.y>
	<cim:SLD_Line.knee_coordinate.x>39</cim:SLD_Line.knee_coordinate.x>
	<cim:SLD_Line.knee_coordinate.y>192</cim:SLD_Line.knee_coordinate.y>
	<cim:SLD_Line.type>0</cim:SLD_Line.type>
	<cim:SLD_Line.color>16711680</cim:SLD_Line.color>
	<cim:SLD_Line.width>6</cim:SLD_Line.width>
	<cim:SLD_Line.tertiary_wndg_connection>1</cim:SLD_Line.tertiary_wndg_connection>
	<cim:SLD_Line.tran_nmb>0</cim:SLD_Line.tran_nmb>
	<cim:SLD_Line.First_CB>1</cim:SLD_Line.First_CB>
	<cim:SLD_Line.Second_CB>1</cim:SLD_Line.Second_CB>
	<cim:SLD_Line.H1_Offset>0</cim:SLD_Line.H1_Offset>
	<cim:SLD_Line.V1_Offset>0</cim:SLD_Line.V1_Offset>
	<cim:SLD_Line.H2_Offset>0</cim:SLD_Line.H2_Offset>
	<cim:SLD_Line.V2_Offset>0</cim:SLD_Line.V2_Offset>
	<cim:SLD_Line.NodeCode2>Node_G2</cim:SLD_Line.NodeCode2>
	<cim:SLD_Line.Node2 rdf:resource="#_230e784c27ad4d1bbefb39db76fa1158"/>
</cim:SLD_Line>
<cim:SLD_Line rdf:ID="_3cb5fd22b4e9401b8668cca01d625347">
	<cim:SLD_Line.nmb_of_knees>6</cim:SLD_Line.nmb_of_knees>
	<cim:SLD_Line.knee_coordinate.x>-429</cim:SLD_Line.knee_coordinate.x>
	<cim:SLD_Line.knee_coordinate.y>-160</cim:SLD_Line.knee_coordinate.y>
	<cim:SLD_Line.knee_coordinate.x>-429</cim:SLD_Line.knee_coordinate.x>
	<cim:SLD_Line.knee_coordinate.y>-200</cim:SLD_Line.knee_coordinate.y>
	<cim:SLD_Line.knee_coordinate.x>-428</cim:SLD_Line.knee_coordinate.x>
	<cim:SLD_Line.knee_coordinate.y>-245</cim:SLD_Line.knee_coordinate.y>
	<cim:SLD_Line.knee_coordinate.x>-248</cim:SLD_Line.knee_coordinate.x>
	<cim:SLD_Line.knee_coordinate.y>-245</cim:SLD_Line.knee_coordinate.y>
	<cim:SLD_Line.knee_coordinate.x>-250</cim:SLD_Line.knee_coordinate.x>
	<cim:SLD_Line.knee_coordinate.y>-83</cim:SLD_Line.knee_coordinate.y>
	<cim:SLD_Line.knee_coordinate.x>-250</cim:SLD_Line.knee_coordinate.x>
	<cim:SLD_Line.knee_coordinate.y>-43</cim:SLD_Line.knee_coordinate.y>
	<cim:SLD_Line.type>0</cim:SLD_Line.type>
	<cim:SLD_Line.color>255</cim:SLD_Line.color>
	<cim:SLD_Line.width>6</cim:SLD_Line.width>
	<cim:SLD_Line.tertiary_wndg_connection>0</cim:SLD_Line.tertiary_wndg_connection>
	<cim:SLD_Line.tran_nmb>-1</cim:SLD_Line.tran_nmb>
	<cim:SLD_Line.First_CB>1</cim:SLD_Line.First_CB>
	<cim:SLD_Line.Second_CB>1</cim:SLD_Line.Second_CB>
	<cim:SLD_Line.H1_Offset>0</cim:SLD_Line.H1_Offset>
	<cim:SLD_Line.V1_Offset>0</cim:SLD_Line.V1_Offset>
	<cim:SLD_Line.H2_Offset>0</cim:SLD_Line.H2_Offset>
	<cim:SLD_Line.V2_Offset>0</cim:SLD_Line.V2_Offset>
	<cim:SLD_Line.NodeCode1>SystemSw</cim:SLD_Line.NodeCode1>
	<cim:SLD_Line.NodeCode2>Node 1</cim:SLD_Line.NodeCode2>
	<cim:SLD_Line.ParIndex>1</cim:SLD_Line.ParIndex>
	<cim:SLD_Line.number>0</cim:SLD_Line.number>
	<cim:SLD_Line.Node1 rdf:resource="#_16f1987dbd5e49789695ed04ec1b1428"/>
	<cim:SLD_Line.Node2 rdf:resource="#_f6d11ce37fce408c85dfc592dd0c636a"/>
</cim:SLD_Line>
<cim:SLD_Line rdf:ID="_3f8e44d8964b4e47811d78e753b2f698">
	<cim:SLD_Line.nmb_of_knees>6</cim:SLD_Line.nmb_of_knees>
	<cim:SLD_Line.knee_coordinate.x>-121</cim:SLD_Line.knee_coordinate.x>
	<cim:SLD_Line.knee_coordinate.y>-43</cim:SLD_Line.knee_coordinate.y>
	<cim:SLD_Line.knee_coordinate.x>-121</cim:SLD_Line.knee_coordinate.x>
	<cim:SLD_Line.knee_coordinate.y>-83</cim:SLD_Line.knee_coordinate.y>
	<cim:SLD_Line.knee_coordinate.x>-121</cim:SLD_Line.knee_coordinate.x>
	<cim:SLD_Line.knee_coordinate.y>-232</cim:SLD_Line.knee_coordinate.y>
	<cim:SLD_Line.knee_coordinate.x>698</cim:SLD_Line.knee_coordinate.x>
	<cim:SLD_Line.knee_coordinate.y>-229</cim:SLD_Line.knee_coordinate.y>
	<cim:SLD_Line.knee_coordinate.x>702</cim:SLD_Line.knee_coordinate.x>
	<cim:SLD_Line.knee_coordinate.y>-77</cim:SLD_Line.knee_coordinate.y>
	<cim:SLD_Line.knee_coordinate.x>702</cim:SLD_Line.knee_coordinate.x>
	<cim:SLD_Line.knee_coordinate.y>-37</cim:SLD_Line.knee_coordinate.y>
	<cim:SLD_Line.type>0</cim:SLD_Line.type>
	<cim:SLD_Line.color>255</cim:SLD_Line.color>
	<cim:SLD_Line.width>6</cim:SLD_Line.width>
	<cim:SLD_Line.tertiary_wndg_connection>0</cim:SLD_Line.tertiary_wndg_connection>
	<cim:SLD_Line.tran_nmb>-1</cim:SLD_Line.tran_nmb>
	<cim:SLD_Line.First_CB>1</cim:SLD_Line.First_CB>
	<cim:SLD_Line.Second_CB>1</cim:SLD_Line.Second_CB>
	<cim:SLD_Line.H1_Offset>0</cim:SLD_Line.H1_Offset>
	<cim:SLD_Line.V1_Offset>0</cim:SLD_Line.V1_Offset>
	<cim:SLD_Line.H2_Offset>0</cim:SLD_Line.H2_Offset>
	<cim:SLD_Line.V2_Offset>0</cim:SLD_Line.V2_Offset>
	<cim:SLD_Line.NodeCode1>Node 1</cim:SLD_Line.NodeCode1>
	<cim:SLD_Line.NodeCode2>Node 2</cim:SLD_Line.NodeCode2>
	<cim:SLD_Line.ParIndex>1</cim:SLD_Line.ParIndex>
	<cim:SLD_Line.number>1</cim:SLD_Line.number>
	<cim:SLD_Line.Node1 rdf:resource="#_f6d11ce37fce408c85dfc592dd0c636a"/>
	<cim:SLD_Line.Node2 rdf:resource="#_c0c2426f7900403dbd374dab57f6d69f"/>
</cim:SLD_Line>
<cim:SLD_Line rdf:ID="_6a61f7209d664801b62d1d239a5b48d0">
	<cim:SLD_Line.nmb_of_knees>6</cim:SLD_Line.nmb_of_knees>
	<cim:SLD_Line.knee_coordinate.x>1</cim:SLD_Line.knee_coordinate.x>
	<cim:SLD_Line.knee_coordinate.y>-43</cim:SLD_Line.knee_coordinate.y>
	<cim:SLD_Line.knee_coordinate.x>1</cim:SLD_Line.knee_coordinate.x>
	<cim:SLD_Line.knee_coordinate.y>-83</cim:SLD_Line.knee_coordinate.y>
	<cim:SLD_Line.knee_coordinate.x>-1</cim:SLD_Line.knee_coordinate.x>
	<cim:SLD_Line.knee_coordinate.y>-190</cim:SLD_Line.knee_coordinate.y>
	<cim:SLD_Line.knee_coordinate.x>534</cim:SLD_Line.knee_coordinate.x>
	<cim:SLD_Line.knee_coordinate.y>-189</cim:SLD_Line.knee_coordinate.y>
	<cim:SLD_Line.knee_coordinate.x>536</cim:SLD_Line.knee_coordinate.x>
	<cim:SLD_Line.knee_coordinate.y>-77</cim:SLD_Line.knee_coordinate.y>
	<cim:SLD_Line.knee_coordinate.x>536</cim:SLD_Line.knee_coordinate.x>
	<cim:SLD_Line.knee_coordinate.y>-37</cim:SLD_Line.knee_coordinate.y>
	<cim:SLD_Line.type>0</cim:SLD_Line.type>
	<cim:SLD_Line.color>255</cim:SLD_Line.color>
	<cim:SLD_Line.width>6</cim:SLD_Line.width>
	<cim:SLD_Line.tertiary_wndg_connection>0</cim:SLD_Line.tertiary_wndg_connection>
	<cim:SLD_Line.tran_nmb>-1</cim:SLD_Line.tran_nmb>
	<cim:SLD_Line.First_CB>1</cim:SLD_Line.First_CB>
	<cim:SLD_Line.Second_CB>1</cim:SLD_Line.Second_CB>
	<cim:SLD_Line.H1_Offset>0</cim:SLD_Line.H1_Offset>
	<cim:SLD_Line.V1_Offset>0</cim:SLD_Line.V1_Offset>
	<cim:SLD_Line.H2_Offset>0</cim:SLD_Line.H2_Offset>
	<cim:SLD_Line.V2_Offset>0</cim:SLD_Line.V2_Offset>
	<cim:SLD_Line.NodeCode1>Node 1</cim:SLD_Line.NodeCode1>
	<cim:SLD_Line.NodeCode2>Node 2</cim:SLD_Line.NodeCode2>
	<cim:SLD_Line.ParIndex>2</cim:SLD_Line.ParIndex>
	<cim:SLD_Line.number>2</cim:SLD_Line.number>
	<cim:SLD_Line.Node1 rdf:resource="#_f6d11ce37fce408c85dfc592dd0c636a"/>
	<cim:SLD_Line.Node2 rdf:resource="#_c0c2426f7900403dbd374dab57f6d69f"/>
</cim:SLD_Line>
<cim:SLD_Line rdf:ID="_89fc1076e2a7453491b6477efcacefc2">
	<cim:SLD_Line.nmb_of_knees>4</cim:SLD_Line.nmb_of_knees>
	<cim:SLD_Line.knee_coordinate.x>506</cim:SLD_Line.knee_coordinate.x>
	<cim:SLD_Line.knee_coordinate.y>-37</cim:SLD_Line.knee_coordinate.y>
	<cim:SLD_Line.knee_coordinate.x>506</cim:SLD_Line.knee_coordinate.x>
	<cim:SLD_Line.knee_coordinate.y>3</cim:SLD_Line.knee_coordinate.y>
	<cim:SLD_Line.knee_coordinate.x>512</cim:SLD_Line.knee_coordinate.x>
	<cim:SLD_Line.knee_coordinate.y>182</cim:SLD_Line.knee_coordinate.y>
	<cim:SLD_Line.knee_coordinate.x>512</cim:SLD_Line.knee_coordinate.x>
	<cim:SLD_Line.knee_coordinate.y>222</cim:SLD_Line.knee_coordinate.y>
	<cim:SLD_Line.type>0</cim:SLD_Line.type>
	<cim:SLD_Line.color>255</cim:SLD_Line.color>
	<cim:SLD_Line.width>6</cim:SLD_Line.width>
	<cim:SLD_Line.tertiary_wndg_connection>0</cim:SLD_Line.tertiary_wndg_connection>
	<cim:SLD_Line.tran_nmb>-1</cim:SLD_Line.tran_nmb>
	<cim:SLD_Line.First_CB>1</cim:SLD_Line.First_CB>
	<cim:SLD_Line.Second_CB>1</cim:SLD_Line.Second_CB>
	<cim:SLD_Line.H1_Offset>0</cim:SLD_Line.H1_Offset>
	<cim:SLD_Line.V1_Offset>0</cim:SLD_Line.V1_Offset>
	<cim:SLD_Line.H2_Offset>0</cim:SLD_Line.H2_Offset>
	<cim:SLD_Line.V2_Offset>0</cim:SLD_Line.V2_Offset>
	<cim:SLD_Line.NodeCode1>Node 2</cim:SLD_Line.NodeCode1>
	<cim:SLD_Line.NodeCode2>Node 3</cim:SLD_Line.NodeCode2>
	<cim:SLD_Line.ParIndex>1</cim:SLD_Line.ParIndex>
	<cim:SLD_Line.number>3</cim:SLD_Line.number>
	<cim:SLD_Line.Node1 rdf:resource="#_c0c2426f7900403dbd374dab57f6d69f"/>
	<cim:SLD_Line.Node2 rdf:resource="#_336ff695172842ec9b6b1d673c394359"/>
</cim:SLD_Line>
<cim:SLD_Line rdf:ID="_6f505553572d425bb77580b87f2fadcb">
	<cim:SLD_Line.nmb_of_knees>8</cim:SLD_Line.nmb_of_knees>
	<cim:SLD_Line.knee_coordinate.x>660</cim:SLD_Line.knee_coordinate.x>
	<cim:SLD_Line.knee_coordinate.y>419</cim:SLD_Line.knee_coordinate.y>
	<cim:SLD_Line.knee_coordinate.x>660</cim:SLD_Line.knee_coordinate.x>
	<cim:SLD_Line.knee_coordinate.y>379</cim:SLD_Line.knee_coordinate.y>
	<cim:SLD_Line.knee_coordinate.x>662</cim:SLD_Line.knee_coordinate.x>
	<cim:SLD_Line.knee_coordinate.y>349</cim:SLD_Line.knee_coordinate.y>
	<cim:SLD_Line.knee_coordinate.x>871</cim:SLD_Line.knee_coordinate.x>
	<cim:SLD_Line.knee_coordinate.y>296</cim:SLD_Line.knee_coordinate.y>
	<cim:SLD_Line.knee_coordinate.x>874</cim:SLD_Line.knee_coordinate.x>
	<cim:SLD_Line.knee_coordinate.y>122</cim:SLD_Line.knee_coordinate.y>
	<cim:SLD_Line.knee_coordinate.x>1003</cim:SLD_Line.knee_coordinate.x>
	<cim:SLD_Line.knee_coordinate.y>120</cim:SLD_Line.knee_coordinate.y>
	<cim:SLD_Line.knee_coordinate.x>1003</cim:SLD_Line.knee_coordinate.x>
	<cim:SLD_Line.knee_coordinate.y>151</cim:SLD_Line.knee_coordinate.y>
	<cim:SLD_Line.knee_coordinate.x>1003</cim:SLD_Line.knee_coordinate.x>
	<cim:SLD_Line.knee_coordinate.y>191</cim:SLD_Line.knee_coordinate.y>
	<cim:SLD_Line.type>0</cim:SLD_Line.type>
	<cim:SLD_Line.color>0</cim:SLD_Line.color>
	<cim:SLD_Line.width>4</cim:SLD_Line.width>
	<cim:SLD_Line.tertiary_wndg_connection>0</cim:SLD_Line.tertiary_wndg_connection>
	<cim:SLD_Line.tran_nmb>-1</cim:SLD_Line.tran_nmb>
	<cim:SLD_Line.First_CB>1</cim:SLD_Line.First_CB>
	<cim:SLD_Line.Second_CB>1</cim:SLD_Line.Second_CB>
	<cim:SLD_Line.H1_Offset>0</cim:SLD_Line.H1_Offset>
	<cim:SLD_Line.V1_Offset>0</cim:SLD_Line.V1_Offset>
	<cim:SLD_Line.H2_Offset>0</cim:SLD_Line.H2_Offset>
	<cim:SLD_Line.V2_Offset>0</cim:SLD_Line.V2_Offset>
	<cim:SLD_Line.NodeCode1>Node3_11</cim:SLD_Line.NodeCode1>
	<cim:SLD_Line.NodeCode2>Node 5</cim:SLD_Line.NodeCode2>
	<cim:SLD_Line.ParIndex>1</cim:SLD_Line.ParIndex>
	<cim:SLD_Line.number>4</cim:SLD_Line.number>
	<cim:SLD_Line.Node1 rdf:resource="#_6c88078032b54cc6a17e99b33f8a36ed"/>
	<cim:SLD_Line.Node2 rdf:resource="#_2c0b1f021eeb446595ca198af9cd3f57"/>
</cim:SLD_Line>
<cim:SLD_Tran rdf:ID="_c26b2c301cd84f3c91d880497e372758">
	<cim:SLD_Tran.knee_coordinate.x>-174</cim:SLD_Tran.knee_coordinate.x>
	<cim:SLD_Tran.knee_coordinate.y>-43</cim:SLD_Tran.knee_coordinate.y>
	<cim:SLD_Tran.knee_coordinate.x>-174</cim:SLD_Tran.knee_coordinate.x>
	<cim:SLD_Tran.knee_coordinate.y>-13</cim:SLD_Tran.knee_coordinate.y>
	<cim:SLD_Tran.knee_coordinate.x>-174</cim:SLD_Tran.knee_coordinate.x>
	<cim:SLD_Tran.knee_coordinate.y>160</cim:SLD_Tran.knee_coordinate.y>
	<cim:SLD_Tran.knee_coordinate.x>-174</cim:SLD_Tran.knee_coordinate.x>
	<cim:SLD_Tran.knee_coordinate.y>190</cim:SLD_Tran.knee_coordinate.y>
	<cim:SLD_Tran_three_wndg_tran>1</cim:SLD_Tran_three_wndg_tran>
	<cim:SLD_Tran_primary_wndg.color>255</cim:SLD_Tran_primary_wndg.color>
	<cim:SLD_Tran_primary_wndg.width>6</cim:SLD_Tran_primary_wndg.width>
	<cim:SLD_Tran_secondary_wndg.color>16711680</cim:SLD_Tran_secondary_wndg.color>
	<cim:SLD_Tran_secondary_wndg.width>6</cim:SLD_Tran_secondary_wndg.width>
	<cim:SLD_Tran_tertiary_wndg.color>16711680</cim:SLD_Tran_tertiary_wndg.color>
	<cim:SLD_Tran_tertiary_wndg.width>6</cim:SLD_Tran_tertiary_wndg.width>
	<cim:SLD_Tran.First_CB>1</cim:SLD_Tran.First_CB>
	<cim:SLD_Tran.Second_CB>1</cim:SLD_Tran.Second_CB>
	<cim:SLD_Tran.NodeCode1>Node 1</cim:SLD_Tran.NodeCode1>
	<cim:SLD_Tran.NodeCode2>Node_G1</cim:SLD_Tran.NodeCode2>
	<cim:SLD_Tran.NodeCode3>Node_G2</cim:SLD_Tran.NodeCode3>
	<cim:SLD_Tran.ParIndex>1</cim:SLD_Tran.ParIndex>
	<cim:SLD_Tran.Number>0</cim:SLD_Tran.Number>
	<cim:SLD_Tran.CircleDiameter>40</cim:SLD_Tran.CircleDiameter>
	<cim:SLD_Tran.H1_Offset>0</cim:SLD_Tran.H1_Offset>
	<cim:SLD_Tran.V1_Offset>0</cim:SLD_Tran.V1_Offset>
	<cim:SLD_Tran.H2_Offset>0</cim:SLD_Tran.H2_Offset>
	<cim:SLD_Tran.V2_Offset>0</cim:SLD_Tran.V2_Offset>
	<cim:SLD_Tran.H3_Offset>0</cim:SLD_Tran.H3_Offset>
	<cim:SLD_Tran.V3_Offset>0</cim:SLD_Tran.V3_Offset>
</cim:SLD_Tran>
<cim:SLD_Tran rdf:ID="_901f4e02a99348fab57b1e7e7186871e">
	<cim:SLD_Tran.knee_coordinate.x>572</cim:SLD_Tran.knee_coordinate.x>
	<cim:SLD_Tran.knee_coordinate.y>222</cim:SLD_Tran.knee_coordinate.y>
	<cim:SLD_Tran.knee_coordinate.x>572</cim:SLD_Tran.knee_coordinate.x>
	<cim:SLD_Tran.knee_coordinate.y>252</cim:SLD_Tran.knee_coordinate.y>
	<cim:SLD_Tran.knee_coordinate.x>572</cim:SLD_Tran.knee_coordinate.x>
	<cim:SLD_Tran.knee_coordinate.y>389</cim:SLD_Tran.knee_coordinate.y>
	<cim:SLD_Tran.knee_coordinate.x>572</cim:SLD_Tran.knee_coordinate.x>
	<cim:SLD_Tran.knee_coordinate.y>419</cim:SLD_Tran.knee_coordinate.y>
	<cim:SLD_Tran_three_wndg_tran>0</cim:SLD_Tran_three_wndg_tran>
	<cim:SLD_Tran_primary_wndg.color>255</cim:SLD_Tran_primary_wndg.color>
	<cim:SLD_Tran_primary_wndg.width>6</cim:SLD_Tran_primary_wndg.width>
	<cim:SLD_Tran_secondary_wndg.color>0</cim:SLD_Tran_secondary_wndg.color>
	<cim:SLD_Tran_secondary_wndg.width>4</cim:SLD_Tran_secondary_wndg.width>
	<cim:SLD_Tran.First_CB>1</cim:SLD_Tran.First_CB>
	<cim:SLD_Tran.Second_CB>1</cim:SLD_Tran.Second_CB>
	<cim:SLD_Tran.NodeCode1>Node 3</cim:SLD_Tran.NodeCode1>
	<cim:SLD_Tran.NodeCode2>Node3_11</cim:SLD_Tran.NodeCode2>
	<cim:SLD_Tran.ParIndex>1</cim:SLD_Tran.ParIndex>
	<cim:SLD_Tran.Number>1</cim:SLD_Tran.Number>
	<cim:SLD_Tran.CircleDiameter>40</cim:SLD_Tran.CircleDiameter>
	<cim:SLD_Tran.H1_Offset>0</cim:SLD_Tran.H1_Offset>
	<cim:SLD_Tran.V1_Offset>-10</cim:SLD_Tran.V1_Offset>
	<cim:SLD_Tran.H2_Offset>0</cim:SLD_Tran.H2_Offset>
	<cim:SLD_Tran.V2_Offset>10</cim:SLD_Tran.V2_Offset>
	<cim:SLD_Tran.H3_Offset>0</cim:SLD_Tran.H3_Offset>
	<cim:SLD_Tran.V3_Offset>0</cim:SLD_Tran.V3_Offset>
</cim:SLD_Tran>
<cim:SLD_Tran rdf:ID="_0c97ec1d812d4ad788aac14c4873f548">
	<cim:SLD_Tran.knee_coordinate.x>979</cim:SLD_Tran.knee_coordinate.x>
	<cim:SLD_Tran.knee_coordinate.y>191</cim:SLD_Tran.knee_coordinate.y>
	<cim:SLD_Tran.knee_coordinate.x>979</cim:SLD_Tran.knee_coordinate.x>
	<cim:SLD_Tran.knee_coordinate.y>221</cim:SLD_Tran.knee_coordinate.y>
	<cim:SLD_Tran.knee_coordinate.x>979</cim:SLD_Tran.knee_coordinate.x>
	<cim:SLD_Tran.knee_coordinate.y>325</cim:SLD_Tran.knee_coordinate.y>
	<cim:SLD_Tran.knee_coordinate.x>979</cim:SLD_Tran.knee_coordinate.x>
	<cim:SLD_Tran.knee_coordinate.y>355</cim:SLD_Tran.knee_coordinate.y>
	<cim:SLD_Tran_three_wndg_tran>0</cim:SLD_Tran_three_wndg_tran>
	<cim:SLD_Tran_primary_wndg.color>0</cim:SLD_Tran_primary_wndg.color>
	<cim:SLD_Tran_primary_wndg.width>4</cim:SLD_Tran_primary_wndg.width>
	<cim:SLD_Tran_secondary_wndg.color>8421504</cim:SLD_Tran_secondary_wndg.color>
	<cim:SLD_Tran_secondary_wndg.width>4</cim:SLD_Tran_secondary_wndg.width>
	<cim:SLD_Tran.First_CB>1</cim:SLD_Tran.First_CB>
	<cim:SLD_Tran.Second_CB>1</cim:SLD_Tran.Second_CB>
	<cim:SLD_Tran.NodeCode1>Node 5</cim:SLD_Tran.NodeCode1>
	<cim:SLD_Tran.NodeCode2>G3</cim:SLD_Tran.NodeCode2>
	<cim:SLD_Tran.ParIndex>1</cim:SLD_Tran.ParIndex>
	<cim:SLD_Tran.Number>2</cim:SLD_Tran.Number>
	<cim:SLD_Tran.CircleDiameter>34</cim:SLD_Tran.CircleDiameter>
	<cim:SLD_Tran.H1_Offset>0</cim:SLD_Tran.H1_Offset>
	<cim:SLD_Tran.V1_Offset>0</cim:SLD_Tran.V1_Offset>
	<cim:SLD_Tran.H2_Offset>0</cim:SLD_Tran.H2_Offset>
	<cim:SLD_Tran.V2_Offset>0</cim:SLD_Tran.V2_Offset>
	<cim:SLD_Tran.H3_Offset>0</cim:SLD_Tran.H3_Offset>
	<cim:SLD_Tran.V3_Offset>0</cim:SLD_Tran.V3_Offset>
</cim:SLD_Tran>
<cim:SLD_Tran rdf:ID="_4233a61e2c4d4254919f32022e7b7812">
	<cim:SLD_Tran.knee_coordinate.x>1163</cim:SLD_Tran.knee_coordinate.x>
	<cim:SLD_Tran.knee_coordinate.y>191</cim:SLD_Tran.knee_coordinate.y>
	<cim:SLD_Tran.knee_coordinate.x>1163</cim:SLD_Tran.knee_coordinate.x>
	<cim:SLD_Tran.knee_coordinate.y>221</cim:SLD_Tran.knee_coordinate.y>
	<cim:SLD_Tran.knee_coordinate.x>1163</cim:SLD_Tran.knee_coordinate.x>
	<cim:SLD_Tran.knee_coordinate.y>323</cim:SLD_Tran.knee_coordinate.y>
	<cim:SLD_Tran.knee_coordinate.x>1163</cim:SLD_Tran.knee_coordinate.x>
	<cim:SLD_Tran.knee_coordinate.y>353</cim:SLD_Tran.knee_coordinate.y>
	<cim:SLD_Tran_three_wndg_tran>0</cim:SLD_Tran_three_wndg_tran>
	<cim:SLD_Tran_primary_wndg.color>0</cim:SLD_Tran_primary_wndg.color>
	<cim:SLD_Tran_primary_wndg.width>4</cim:SLD_Tran_primary_wndg.width>
	<cim:SLD_Tran_secondary_wndg.color>32766</cim:SLD_Tran_secondary_wndg.color>
	<cim:SLD_Tran_secondary_wndg.width>4</cim:SLD_Tran_secondary_wndg.width>
	<cim:SLD_Tran.First_CB>1</cim:SLD_Tran.First_CB>
	<cim:SLD_Tran.Second_CB>1</cim:SLD_Tran.Second_CB>
	<cim:SLD_Tran.NodeCode1>Node 5</cim:SLD_Tran.NodeCode1>
	<cim:SLD_Tran.NodeCode2>Node 6</cim:SLD_Tran.NodeCode2>
	<cim:SLD_Tran.ParIndex>1</cim:SLD_Tran.ParIndex>
	<cim:SLD_Tran.Number>3</cim:SLD_Tran.Number>
	<cim:SLD_Tran.CircleDiameter>30</cim:SLD_Tran.CircleDiameter>
	<cim:SLD_Tran.H1_Offset>0</cim:SLD_Tran.H1_Offset>
	<cim:SLD_Tran.V1_Offset>0</cim:SLD_Tran.V1_Offset>
	<cim:SLD_Tran.H2_Offset>0</cim:SLD_Tran.H2_Offset>
	<cim:SLD_Tran.V2_Offset>0</cim:SLD_Tran.V2_Offset>
	<cim:SLD_Tran.H3_Offset>0</cim:SLD_Tran.H3_Offset>
	<cim:SLD_Tran.V3_Offset>0</cim:SLD_Tran.V3_Offset>
</cim:SLD_Tran>
<cim:SLD_Generator rdf:ID="_f1d897ea79d0475b93f52316b9e365a3">
	<cim:SLD_Generator.x_coordinate>-168</cim:SLD_Generator.x_coordinate>
	<cim:SLD_Generator.y_coordinate>227</cim:SLD_Generator.y_coordinate>
	<cim:SLD_Generator.radius>30</cim:SLD_Generator.radius>
	<cim:SLD_Generator.width>1</cim:SLD_Generator.width>
	<cim:SLD_Generator.color>16744576</cim:SLD_Generator.color>
	<cim:SLD_Generator.border_color>0</cim:SLD_Generator.border_color>
	<cim:SLD_Generator.number_of_element>0</cim:SLD_Generator.number_of_element>
	<cim:SLD_Generator.number_of_node>2</cim:SLD_Generator.number_of_node>
	<cim:SLD_Generator.already_drawn>1</cim:SLD_Generator.already_drawn>
	<cim:SLD_Generator.CB>1</cim:SLD_Generator.CB>
</cim:SLD_Generator>
<cim:SLD_Generator rdf:ID="_e0a696d96ac14f73afa1fb194aa7b71e">
	<cim:SLD_Generator.x_coordinate>48</cim:SLD_Generator.x_coordinate>
	<cim:SLD_Generator.y_coordinate>229</cim:SLD_Generator.y_coordinate>
	<cim:SLD_Generator.radius>30</cim:SLD_Generator.radius>
	<cim:SLD_Generator.width>1</cim:SLD_Generator.width>
	<cim:SLD_Generator.color>16744576</cim:SLD_Generator.color>
	<cim:SLD_Generator.border_color>0</cim:SLD_Generator.border_color>
	<cim:SLD_Generator.number_of_element>1</cim:SLD_Generator.number_of_element>
	<cim:SLD_Generator.number_of_node>3</cim:SLD_Generator.number_of_node>
	<cim:SLD_Generator.already_drawn>1</cim:SLD_Generator.already_drawn>
	<cim:SLD_Generator.CB>1</cim:SLD_Generator.CB>
</cim:SLD_Generator>
<cim:SLD_Generator rdf:ID="_4862b13796554cf5a5f0138c99f63815">
	<cim:SLD_Generator.x_coordinate>1000</cim:SLD_Generator.x_coordinate>
	<cim:SLD_Generator.y_coordinate>393</cim:SLD_Generator.y_coordinate>
	<cim:SLD_Generator.radius>20</cim:SLD_Generator.radius>
	<cim:SLD_Generator.width>1</cim:SLD_Generator.width>
	<cim:SLD_Generator.color>12632256</cim:SLD_Generator.color>
	<cim:SLD_Generator.border_color>0</cim:SLD_Generator.border_color>
	<cim:SLD_Generator.number_of_element>2</cim:SLD_Generator.number_of_element>
	<cim:SLD_Generator.number_of_node>8</cim:SLD_Generator.number_of_node>
	<cim:SLD_Generator.already_drawn>1</cim:SLD_Generator.already_drawn>
	<cim:SLD_Generator.CB>1</cim:SLD_Generator.CB>
</cim:SLD_Generator>
<cim:SLD_Generator rdf:ID="_40d9ad3c8cb94c16a05e0dba64823759">
	<cim:SLD_Generator.x_coordinate>1219</cim:SLD_Generator.x_coordinate>
	<cim:SLD_Generator.y_coordinate>391</cim:SLD_Generator.y_coordinate>
	<cim:SLD_Generator.radius>20</cim:SLD_Generator.radius>
	<cim:SLD_Generator.width>1</cim:SLD_Generator.width>
	<cim:SLD_Generator.color>2162464</cim:SLD_Generator.color>
	<cim:SLD_Generator.border_color>0</cim:SLD_Generator.border_color>
	<cim:SLD_Generator.number_of_element>3</cim:SLD_Generator.number_of_element>
	<cim:SLD_Generator.number_of_node>9</cim:SLD_Generator.number_of_node>
	<cim:SLD_Generator.already_drawn>1</cim:SLD_Generator.already_drawn>
	<cim:SLD_Generator.CB>0</cim:SLD_Generator.CB>
</cim:SLD_Generator>
<cim:SLD_ExternalSystem rdf:ID="_6769cc316ef840a78dc302ecc1181900">
	<cim:SLD_ExternalSystem.x_coordinate>-494</cim:SLD_ExternalSystem.x_coordinate>
	<cim:SLD_ExternalSystem.y_coordinate>-123</cim:SLD_ExternalSystem.y_coordinate>
	<cim:SLD_ExternalSystem.a_side>50</cim:SLD_ExternalSystem.a_side>
	<cim:SLD_ExternalSystem.b_side>50</cim:SLD_ExternalSystem.b_side>
	<cim:SLD_ExternalSystem.width>1</cim:SLD_ExternalSystem.width>
	<cim:SLD_ExternalSystem.color>65535</cim:SLD_ExternalSystem.color>
	<cim:SLD_ExternalSystem.border_color>0</cim:SLD_ExternalSystem.border_color>
	<cim:SLD_ExternalSystem.number_of_element>0</cim:SLD_ExternalSystem.number_of_element>
	<cim:SLD_ExternalSystem.number_of_node>1</cim:SLD_ExternalSystem.number_of_node>
	<cim:SLD_ExternalSystem.already_drawn>1</cim:SLD_ExternalSystem.already_drawn>
	<cim:SLD_ExternalSystem.CB>1</cim:SLD_ExternalSystem.CB>
</cim:SLD_ExternalSystem>
<cim:SLD_Load rdf:ID="_d8853a77654c41de917c737d9b6fe377">
	<cim:SLD_Load.x_coordinate>606</cim:SLD_Load.x_coordinate>
	<cim:SLD_Load.y_coordinate>0</cim:SLD_Load.y_coordinate>
	<cim:SLD_Load.triangle_side>40</cim:SLD_Load.triangle_side>
	<cim:SLD_Load.width>1</cim:SLD_Load.width>
	<cim:SLD_Load.color>255</cim:SLD_Load.color>
	<cim:SLD_Load.border_color>0</cim:SLD_Load.border_color>
	<cim:SLD_Load.number_of_element>0</cim:SLD_Load.number_of_element>
	<cim:SLD_Load.number_of_node>4</cim:SLD_Load.number_of_node>
	<cim:SLD_Load.already_drawn>1</cim:SLD_Load.already_drawn>
	<cim:SLD_Load.CB>1</cim:SLD_Load.CB>
</cim:SLD_Load>
<cim:SLD_Load rdf:ID="_97b84bcd51124a70a108a55c3fcddf64">
	<cim:SLD_Load.x_coordinate>594</cim:SLD_Load.x_coordinate>
	<cim:SLD_Load.y_coordinate>457</cim:SLD_Load.y_coordinate>
	<cim:SLD_Load.triangle_side>34</cim:SLD_Load.triangle_side>
	<cim:SLD_Load.width>1</cim:SLD_Load.width>
	<cim:SLD_Load.color>255</cim:SLD_Load.color>
	<cim:SLD_Load.border_color>0</cim:SLD_Load.border_color>
	<cim:SLD_Load.number_of_element>1</cim:SLD_Load.number_of_element>
	<cim:SLD_Load.number_of_node>6</cim:SLD_Load.number_of_node>
	<cim:SLD_Load.already_drawn>1</cim:SLD_Load.already_drawn>
	<cim:SLD_Load.CB>1</cim:SLD_Load.CB>
</cim:SLD_Load>
<cim:SystemFrequency rdf:ID="_f3aa889e5b764d37a71a2500075d619a">
	<cim:SystemFrequency.Color>0</cim:SystemFrequency.Color>
	<cim:SystemFrequency.Thickness>1</cim:SystemFrequency.Thickness>
	<cim:SystemFrequency.Range>2.000000</cim:SystemFrequency.Range>
</cim:SystemFrequency>
<cim:DrawGraph rdf:ID="_61518658de5645968b822e4436295ca7">
	<cim:DrawGraph.window_title>Graphs-1</cim:DrawGraph.window_title>
	<cim:DrawGraph.nmb_of_graphs>1</cim:DrawGraph.nmb_of_graphs>
	<cim:DrawGraph.nmb_of_items>4003</cim:DrawGraph.nmb_of_items>
	<cim:DrawGraph.TimeGraph.nmb_of_quantities>2</cim:DrawGraph.TimeGraph.nmb_of_quantities>
	<cim:DrawGraph.TimeGraph.Y_scale_ratio>0.500000</cim:DrawGraph.TimeGraph.Y_scale_ratio>
	<cim:DrawGraph.TimeGraph.BasePower>200.000000</cim:DrawGraph.TimeGraph.BasePower>
	<cim:DrawGraph.TimeGraph.DisplayCurrentAbsoluteValue>0</cim:DrawGraph.TimeGraph.DisplayCurrentAbsoluteValue>
	<cim:DrawGraph.TimeGraph.Quantity>0</cim:DrawGraph.TimeGraph.Quantity>
	<cim:DrawGraph.TimeGraph.ElementType>0</cim:DrawGraph.TimeGraph.ElementType>
	<cim:DrawGraph.TimeGraph.ElementNumber>0</cim:DrawGraph.TimeGraph.ElementNumber>
	<cim:DrawGraph.TimeGraph.ElementUniqueNumber>0</cim:DrawGraph.TimeGraph.ElementUniqueNumber>
	<cim:DrawGraph.TimeGraph.Color>16711680</cim:DrawGraph.TimeGraph.Color>
	<cim:DrawGraph.TimeGraph.Thickness>2</cim:DrawGraph.TimeGraph.Thickness>
	<cim:DrawGraph.TimeGraph.FixNamePosition>0</cim:DrawGraph.TimeGraph.FixNamePosition>
	<cim:DrawGraph.TimeGraph.Quantity>2</cim:DrawGraph.TimeGraph.Quantity>
	<cim:DrawGraph.TimeGraph.ElementType>0</cim:DrawGraph.TimeGraph.ElementType>
	<cim:DrawGraph.TimeGraph.ElementNumber>0</cim:DrawGraph.TimeGraph.ElementNumber>
	<cim:DrawGraph.TimeGraph.ElementUniqueNumber>0</cim:DrawGraph.TimeGraph.ElementUniqueNumber>
	<cim:DrawGraph.TimeGraph.Color>0</cim:DrawGraph.TimeGraph.Color>
	<cim:DrawGraph.TimeGraph.Thickness>2</cim:DrawGraph.TimeGraph.Thickness>
	<cim:DrawGraph.TimeGraph.FixNamePosition>0</cim:DrawGraph.TimeGraph.FixNamePosition>
	<cim:DrawGraph.TimeGraph.QuantityPhase>0</cim:DrawGraph.TimeGraph.QuantityPhase>
	<cim:DrawGraph.TimeGraph.nmb_of_quantities>2</cim:DrawGraph.TimeGraph.nmb_of_quantities>
	<cim:DrawGraph.TimeGraph.Y_scale_ratio>0.500000</cim:DrawGraph.TimeGraph.Y_scale_ratio>
	<cim:DrawGraph.TimeGraph.BasePower>100.000000</cim:DrawGraph.TimeGraph.BasePower>
	<cim:DrawGraph.TimeGraph.DisplayCurrentAbsoluteValue>0</cim:DrawGraph.TimeGraph.DisplayCurrentAbsoluteValue>
	<cim:DrawGraph.TimeGraph.Quantity>0</cim:DrawGraph.TimeGraph.Quantity>
	<cim:DrawGraph.TimeGraph.ElementType>0</cim:DrawGraph.TimeGraph.ElementType>
	<cim:DrawGraph.TimeGraph.ElementNumber>1</cim:DrawGraph.TimeGraph.ElementNumber>
	<cim:DrawGraph.TimeGraph.ElementUniqueNumber>1</cim:DrawGraph.TimeGraph.ElementUniqueNumber>
	<cim:DrawGraph.TimeGraph.Color>32896</cim:DrawGraph.TimeGraph.Color>
	<cim:DrawGraph.TimeGraph.Thickness>2</cim:DrawGraph.TimeGraph.Thickness>
	<cim:DrawGraph.TimeGraph.FixNamePosition>0</cim:DrawGraph.TimeGraph.FixNamePosition>
	<cim:DrawGraph.TimeGraph.Quantity>2</cim:DrawGraph.TimeGraph.Quantity>
	<cim:DrawGraph.TimeGraph.ElementType>0</cim:DrawGraph.TimeGraph.ElementType>
	<cim:DrawGraph.TimeGraph.ElementNumber>1</cim:DrawGraph.TimeGraph.ElementNumber>
	<cim:DrawGraph.TimeGraph.ElementUniqueNumber>1</cim:DrawGraph.TimeGraph.ElementUniqueNumber>
	<cim:DrawGraph.TimeGraph.Color>0</cim:DrawGraph.TimeGraph.Color>
	<cim:DrawGraph.TimeGraph.Thickness>2</cim:DrawGraph.TimeGraph.Thickness>
	<cim:DrawGraph.TimeGraph.FixNamePosition>0</cim:DrawGraph.TimeGraph.FixNamePosition>
	<cim:DrawGraph.TimeGraph.QuantityPhase>0</cim:DrawGraph.TimeGraph.QuantityPhase>
</cim:DrawGraph>
<cim:DrawGraph rdf:ID="_64a2cf0a86d7437fa66a2ab8210db8f5">
	<cim:DrawGraph.window_title>Graphs-2</cim:DrawGraph.window_title>
	<cim:DrawGraph.nmb_of_graphs>2</cim:DrawGraph.nmb_of_graphs>
	<cim:DrawGraph.nmb_of_items>4003</cim:DrawGraph.nmb_of_items>
	<cim:DrawGraph.TimeGraph.nmb_of_quantities>1</cim:DrawGraph.TimeGraph.nmb_of_quantities>
	<cim:DrawGraph.TimeGraph.Y_scale_ratio>0.833333</cim:DrawGraph.TimeGraph.Y_scale_ratio>
	<cim:DrawGraph.TimeGraph.BasePower>100.000000</cim:DrawGraph.TimeGraph.BasePower>
	<cim:DrawGraph.TimeGraph.DisplayCurrentAbsoluteValue>0</cim:DrawGraph.TimeGraph.DisplayCurrentAbsoluteValue>
	<cim:DrawGraph.TimeGraph.Quantity>0</cim:DrawGraph.TimeGraph.Quantity>
	<cim:DrawGraph.TimeGraph.ElementType>1</cim:DrawGraph.TimeGraph.ElementType>
	<cim:DrawGraph.TimeGraph.ElementNumber>4</cim:DrawGraph.TimeGraph.ElementNumber>
	<cim:DrawGraph.TimeGraph.ElementUniqueNumber>4</cim:DrawGraph.TimeGraph.ElementUniqueNumber>
	<cim:DrawGraph.TimeGraph.Color>0</cim:DrawGraph.TimeGraph.Color>
	<cim:DrawGraph.TimeGraph.Thickness>2</cim:DrawGraph.TimeGraph.Thickness>
	<cim:DrawGraph.TimeGraph.FixNamePosition>0</cim:DrawGraph.TimeGraph.FixNamePosition>
	<cim:DrawGraph.TimeGraph.QuantityPhase>0</cim:DrawGraph.TimeGraph.QuantityPhase>
	<cim:DrawGraph.TimeGraph.nmb_of_quantities>1</cim:DrawGraph.TimeGraph.nmb_of_quantities>
	<cim:DrawGraph.TimeGraph.Y_scale_ratio>0.250000</cim:DrawGraph.TimeGraph.Y_scale_ratio>
	<cim:DrawGraph.TimeGraph.BasePower>100.000000</cim:DrawGraph.TimeGraph.BasePower>
	<cim:DrawGraph.TimeGraph.DisplayCurrentAbsoluteValue>0</cim:DrawGraph.TimeGraph.DisplayCurrentAbsoluteValue>
	<cim:DrawGraph.TimeGraph.Quantity>4</cim:DrawGraph.TimeGraph.Quantity>
	<cim:DrawGraph.TimeGraph.ElementType>0</cim:DrawGraph.TimeGraph.ElementType>
	<cim:DrawGraph.TimeGraph.ElementNumber>0</cim:DrawGraph.TimeGraph.ElementNumber>
	<cim:DrawGraph.TimeGraph.ElementUniqueNumber>0</cim:DrawGraph.TimeGraph.ElementUniqueNumber>
	<cim:DrawGraph.TimeGraph.Color>255</cim:DrawGraph.TimeGraph.Color>
	<cim:DrawGraph.TimeGraph.Thickness>2</cim:DrawGraph.TimeGraph.Thickness>
	<cim:DrawGraph.TimeGraph.FixNamePosition>0</cim:DrawGraph.TimeGraph.FixNamePosition>
	<cim:DrawGraph.TimeGraph.nmb_of_quantities>2</cim:DrawGraph.TimeGraph.nmb_of_quantities>
	<cim:DrawGraph.TimeGraph.Y_scale_ratio>0.400000</cim:DrawGraph.TimeGraph.Y_scale_ratio>
	<cim:DrawGraph.TimeGraph.BasePower>100.000000</cim:DrawGraph.TimeGraph.BasePower>
	<cim:DrawGraph.TimeGraph.DisplayCurrentAbsoluteValue>0</cim:DrawGraph.TimeGraph.DisplayCurrentAbsoluteValue>
	<cim:DrawGraph.TimeGraph.Quantity>4</cim:DrawGraph.TimeGraph.Quantity>
	<cim:DrawGraph.TimeGraph.ElementType>0</cim:DrawGraph.TimeGraph.ElementType>
	<cim:DrawGraph.TimeGraph.ElementNumber>2</cim:DrawGraph.TimeGraph.ElementNumber>
	<cim:DrawGraph.TimeGraph.ElementUniqueNumber>2</cim:DrawGraph.TimeGraph.ElementUniqueNumber>
	<cim:DrawGraph.TimeGraph.Color>32896</cim:DrawGraph.TimeGraph.Color>
	<cim:DrawGraph.TimeGraph.Thickness>2</cim:DrawGraph.TimeGraph.Thickness>
	<cim:DrawGraph.TimeGraph.FixNamePosition>0</cim:DrawGraph.TimeGraph.FixNamePosition>
	<cim:DrawGraph.TimeGraph.Quantity>0</cim:DrawGraph.TimeGraph.Quantity>
	<cim:DrawGraph.TimeGraph.ElementType>0</cim:DrawGraph.TimeGraph.ElementType>
	<cim:DrawGraph.TimeGraph.ElementNumber>2</cim:DrawGraph.TimeGraph.ElementNumber>
	<cim:DrawGraph.TimeGraph.ElementUniqueNumber>2</cim:DrawGraph.TimeGraph.ElementUniqueNumber>
	<cim:DrawGraph.TimeGraph.Color>16744576</cim:DrawGraph.TimeGraph.Color>
	<cim:DrawGraph.TimeGraph.Thickness>2</cim:DrawGraph.TimeGraph.Thickness>
	<cim:DrawGraph.TimeGraph.FixNamePosition>0</cim:DrawGraph.TimeGraph.FixNamePosition>
</cim:DrawGraph>
<cim:DrawGraph rdf:ID="_35dc98ce7518453b9a358e97f11a39ef">
	<cim:DrawGraph.window_title>Graphs-3</cim:DrawGraph.window_title>
	<cim:DrawGraph.nmb_of_graphs>1</cim:DrawGraph.nmb_of_graphs>
	<cim:DrawGraph.nmb_of_items>4003</cim:DrawGraph.nmb_of_items>
	<cim:DrawGraph.TimeGraph.nmb_of_quantities>1</cim:DrawGraph.TimeGraph.nmb_of_quantities>
	<cim:DrawGraph.TimeGraph.Y_scale_ratio>0.200000</cim:DrawGraph.TimeGraph.Y_scale_ratio>
	<cim:DrawGraph.TimeGraph.BasePower>3.200000</cim:DrawGraph.TimeGraph.BasePower>
	<cim:DrawGraph.TimeGraph.DisplayCurrentAbsoluteValue>0</cim:DrawGraph.TimeGraph.DisplayCurrentAbsoluteValue>
	<cim:DrawGraph.TimeGraph.Quantity>4</cim:DrawGraph.TimeGraph.Quantity>
	<cim:DrawGraph.TimeGraph.ElementType>0</cim:DrawGraph.TimeGraph.ElementType>
	<cim:DrawGraph.TimeGraph.ElementNumber>3</cim:DrawGraph.TimeGraph.ElementNumber>
	<cim:DrawGraph.TimeGraph.ElementUniqueNumber>3</cim:DrawGraph.TimeGraph.ElementUniqueNumber>
	<cim:DrawGraph.TimeGraph.Color>16711680</cim:DrawGraph.TimeGraph.Color>
	<cim:DrawGraph.TimeGraph.Thickness>2</cim:DrawGraph.TimeGraph.Thickness>
	<cim:DrawGraph.TimeGraph.FixNamePosition>0</cim:DrawGraph.TimeGraph.FixNamePosition>
	<cim:DrawGraph.TimeGraph.nmb_of_quantities>1</cim:DrawGraph.TimeGraph.nmb_of_quantities>
	<cim:DrawGraph.TimeGraph.Y_scale_ratio>0.833333</cim:DrawGraph.TimeGraph.Y_scale_ratio>
	<cim:DrawGraph.TimeGraph.BasePower>100.000000</cim:DrawGraph.TimeGraph.BasePower>
	<cim:DrawGraph.TimeGraph.DisplayCurrentAbsoluteValue>0</cim:DrawGraph.TimeGraph.DisplayCurrentAbsoluteValue>
	<cim:DrawGraph.TimeGraph.Quantity>1</cim:DrawGraph.TimeGraph.Quantity>
	<cim:DrawGraph.TimeGraph.ElementType>0</cim:DrawGraph.TimeGraph.ElementType>
	<cim:DrawGraph.TimeGraph.ElementNumber>3</cim:DrawGraph.TimeGraph.ElementNumber>
	<cim:DrawGraph.TimeGraph.ElementUniqueNumber>3</cim:DrawGraph.TimeGraph.ElementUniqueNumber>
	<cim:DrawGraph.TimeGraph.Color>0</cim:DrawGraph.TimeGraph.Color>
	<cim:DrawGraph.TimeGraph.Thickness>2</cim:DrawGraph.TimeGraph.Thickness>
	<cim:DrawGraph.TimeGraph.FixNamePosition>0</cim:DrawGraph.TimeGraph.FixNamePosition>
</cim:DrawGraph>
<cim:TransientStability rdf:ID="_dcbd76326ff64f7a882813083ab189a0">
	<cim:TransientStability.PowerSystemEventsNumber>3</cim:TransientStability.PowerSystemEventsNumber>
	<cim:TransientStability.Time_Step_RMS>0.001000</cim:TransientStability.Time_Step_RMS>
	<cim:TransientStability.Simulation_End_Time>4.000000</cim:TransientStability.Simulation_End_Time>
	<cim:TransientStability.KronMatrixItemThreshold>2.00e-07</cim:TransientStability.KronMatrixItemThreshold>
	<cim:TransientStability.UseKronReductionAlgorithm>0</cim:TransientStability.UseKronReductionAlgorithm>
	<cim:TransientStability.ConvertAllLoadsToConstantImpedanceLoads>0</cim:TransientStability.ConvertAllLoadsToConstantImpedanceLoads>
	<cim:TransientStability.Time_Integration_Method>3</cim:TransientStability.Time_Integration_Method>
	<cim:TransientStability.DrawingStep>40</cim:TransientStability.DrawingStep>
	<cim:TransientStability.SystemFrequencyThreshold>0.01</cim:TransientStability.SystemFrequencyThreshold>
	<cim:TransientStability.RotorSpeedThreshold>0.10</cim:TransientStability.RotorSpeedThreshold>
	<cim:TransientStability.Calculate_SF_Deviation>1</cim:TransientStability.Calculate_SF_Deviation>
</cim:TransientStability>
<cim:PowerSystemEvent rdf:ID="_b3fd0bbec57a48359e523fc7241effdd">
	<cim:PowerSystemEvent.EventType>10</cim:PowerSystemEvent.EventType>
	<cim:PowerSystemEvent.ElementNumber>3</cim:PowerSystemEvent.ElementNumber>
	<cim:PowerSystemEvent.ElementType>10</cim:PowerSystemEvent.ElementType>
	<cim:PowerSystemEvent.Distance>0.000000</cim:PowerSystemEvent.Distance>
	<cim:PowerSystemEvent.Time>0.300000</cim:PowerSystemEvent.Time>
	<cim:PowerSystemEvent.InService>1</cim:PowerSystemEvent.InService>
	<cim:PowerSystemEvent.IsDrawn>1</cim:PowerSystemEvent.IsDrawn>
	<cim:PowerSystemEvent.x_coordinate>1259</cim:PowerSystemEvent.x_coordinate>
	<cim:PowerSystemEvent.y_coordinate>391</cim:PowerSystemEvent.y_coordinate>
	<cim:PowerSystemEvent.SC_Impedance_Re>0.000000</cim:PowerSystemEvent.SC_Impedance_Re>
	<cim:PowerSystemEvent.SC_Impedance_Im>0.000000</cim:PowerSystemEvent.SC_Impedance_Im>
	<cim:PowerSystemEvent.AutoReclosingInService>0</cim:PowerSystemEvent.AutoReclosingInService>
	<cim:PowerSystemEvent.AutoReclosingTime>0.000000</cim:PowerSystemEvent.AutoReclosingTime>
	<cim:PowerSystemEvent.UnsuccessfulARC>0</cim:PowerSystemEvent.UnsuccessfulARC>
	<cim:PowerSystemEvent.AutoReopeningTime>0.000000</cim:PowerSystemEvent.AutoReopeningTime>
</cim:PowerSystemEvent>
<cim:PowerSystemEvent rdf:ID="_1b418ae8980a46b5b597a353af3e4b19">
	<cim:PowerSystemEvent.EventType>0</cim:PowerSystemEvent.EventType>
	<cim:PowerSystemEvent.ElementNumber>2</cim:PowerSystemEvent.ElementNumber>
	<cim:PowerSystemEvent.ElementType>1</cim:PowerSystemEvent.ElementType>
	<cim:PowerSystemEvent.Distance>10.000000</cim:PowerSystemEvent.Distance>
	<cim:PowerSystemEvent.Time>0.500000</cim:PowerSystemEvent.Time>
	<cim:PowerSystemEvent.InService>0</cim:PowerSystemEvent.InService>
	<cim:PowerSystemEvent.IsDrawn>1</cim:PowerSystemEvent.IsDrawn>
	<cim:PowerSystemEvent.x_coordinate>0</cim:PowerSystemEvent.x_coordinate>
	<cim:PowerSystemEvent.y_coordinate>-158</cim:PowerSystemEvent.y_coordinate>
	<cim:PowerSystemEvent.SC_Impedance_Re>0.000000</cim:PowerSystemEvent.SC_Impedance_Re>
	<cim:PowerSystemEvent.SC_Impedance_Im>0.000000</cim:PowerSystemEvent.SC_Impedance_Im>
	<cim:PowerSystemEvent.AutoReclosingInService>0</cim:PowerSystemEvent.AutoReclosingInService>
	<cim:PowerSystemEvent.AutoReclosingTime>0.000000</cim:PowerSystemEvent.AutoReclosingTime>
	<cim:PowerSystemEvent.UnsuccessfulARC>0</cim:PowerSystemEvent.UnsuccessfulARC>
	<cim:PowerSystemEvent.AutoReopeningTime>0.000000</cim:PowerSystemEvent.AutoReopeningTime>
</cim:PowerSystemEvent>
<cim:PowerSystemEvent rdf:ID="_666b6af2f6bc4df49062948221c54414">
	<cim:PowerSystemEvent.EventType>4</cim:PowerSystemEvent.EventType>
	<cim:PowerSystemEvent.ElementNumber>1</cim:PowerSystemEvent.ElementNumber>
	<cim:PowerSystemEvent.ElementType>1</cim:PowerSystemEvent.ElementType>
	<cim:PowerSystemEvent.Distance>10.000000</cim:PowerSystemEvent.Distance>
	<cim:PowerSystemEvent.Time>0.650000</cim:PowerSystemEvent.Time>
	<cim:PowerSystemEvent.InService>1</cim:PowerSystemEvent.InService>
	<cim:PowerSystemEvent.IsDrawn>1</cim:PowerSystemEvent.IsDrawn>
	<cim:PowerSystemEvent.x_coordinate>0</cim:PowerSystemEvent.x_coordinate>
	<cim:PowerSystemEvent.y_coordinate>-138</cim:PowerSystemEvent.y_coordinate>
	<cim:PowerSystemEvent.SC_Impedance_Re>0.000000</cim:PowerSystemEvent.SC_Impedance_Re>
	<cim:PowerSystemEvent.SC_Impedance_Im>0.000000</cim:PowerSystemEvent.SC_Impedance_Im>
	<cim:PowerSystemEvent.AutoReclosingInService>0</cim:PowerSystemEvent.AutoReclosingInService>
	<cim:PowerSystemEvent.AutoReclosingTime>0.000000</cim:PowerSystemEvent.AutoReclosingTime>
	<cim:PowerSystemEvent.UnsuccessfulARC>0</cim:PowerSystemEvent.UnsuccessfulARC>
	<cim:PowerSystemEvent.AutoReopeningTime>0.000000</cim:PowerSystemEvent.AutoReopeningTime>
</cim:PowerSystemEvent>
</rdf:RDF>