<?xml version="1.0" encoding="UTF-8"?>
<rdf:RDF xmlns:rdf="http://www.w3.org/1999/02/22-rdf-syntax-ns#" xmlns:cim="http://iec.ch/TC57/2009/CIM-schema-cim14#">
<md:FullModel xmlns:md="http://www.casepowersoftware.com/2020/AM-start_TP/1">
	<md:Model.created>2025-11-21-8</md:Model.created>
	<md:Model.Version>
		<md:Description>
			<md:Description.name>AM-start_TP</md:Description.name>
			<md:Description.version>1</md:Description.version>
		</md:Description>
	</md:Model.Version>
	<md:Model.ModelingAuthoritySet>
		<md:Description>
			<md:Description.name>AM-start</md:Description.name>
		</md:Description>
	</md:Model.ModelingAuthoritySet>
	<md:Model.Profile>
		<md:Description>
			<md:Description.uri>http://iec.ch/TC57/61970-452/Topology/1</md:Description.uri>
			<md:Description.name>IEC61970-452-Topology_Model</md:Description.name>
			<md:Description.version>1</md:Description.version>
		</md:Description>
	</md:Model.Profile>
	<md:Model.Creator>
		<md:Description>
			<md:Description.name>CASE 1.0</md:Description.name>
		</md:Description>
	</md:Model.Creator>
</md:FullModel>
<cim:TopologicalNode rdf:ID="_ecdc4d713183458cb42fab7d4f57a24c">
	<cim:Node.UniqueNumber>0</cim:Node.UniqueNumber>
	<cim:IdentifiedObject.name>Node 1</cim:IdentifiedObject.name>
	<cim:IdentifiedObject.description>Node 1</cim:IdentifiedObject.description>
	<cim:TopologicalNode.equivalent>FALSE</cim:TopologicalNode.equivalent>
	<cim:TopologicalNodeSubstation.name></cim:TopologicalNodeSubstation.name>
	<cim:TopologicalNode.NodeCode>Node 1</cim:TopologicalNode.NodeCode>
	<cim:TopologicalNode.BaseVoltage rdf:resource="#_2825ab89987147d68e2396df3bcfede6"/>
	<cim:TopologicalNode.ConnectivityNodeContainer rdf:resource="#_15e3f1f2d98741399015c16dd3f31549"/>
	<cim:TopologicalNode.ControlArea rdf:resource="#_579a9af203034a8682a73310504543ef"/>
	<cim:TopologicalNode.TopologicalIsland rdf:resource="#_46052f5a851b44128c4aa1e33ba0f284"/>
</cim:TopologicalNode>
<cim:TopologicalNode rdf:ID="_33a4d1b19c164492ba46718fcb0aa747">
	<cim:Node.UniqueNumber>1</cim:Node.UniqueNumber>
	<cim:IdentifiedObject.name>System Swing</cim:IdentifiedObject.name>
	<cim:IdentifiedObject.description>System Swing</cim:IdentifiedObject.description>
	<cim:TopologicalNode.equivalent>FALSE</cim:TopologicalNode.equivalent>
	<cim:TopologicalNodeSubstation.name></cim:TopologicalNodeSubstation.name>
	<cim:TopologicalNode.NodeCode>SystemSw</cim:TopologicalNode.NodeCode>
	<cim:TopologicalNode.BaseVoltage rdf:resource="#_2825ab89987147d68e2396df3bcfede6"/>
	<cim:TopologicalNode.ConnectivityNodeContainer rdf:resource="#_2fa35844fb8e4313a82e5dfee84f4372"/>
	<cim:TopologicalNode.ControlArea rdf:resource="#_579a9af203034a8682a73310504543ef"/>
	<cim:TopologicalNode.TopologicalIsland rdf:resource="#_46052f5a851b44128c4aa1e33ba0f284"/>
</cim:TopologicalNode>
<cim:TopologicalNode rdf:ID="_6ba238fcab454d7fb94f93a084cd3f56">
	<cim:Node.UniqueNumber>2</cim:Node.UniqueNumber>
	<cim:IdentifiedObject.name>G1</cim:IdentifiedObject.name>
	<cim:IdentifiedObject.description>G1</cim:IdentifiedObject.description>
	<cim:TopologicalNode.equivalent>FALSE</cim:TopologicalNode.equivalent>
	<cim:TopologicalNodeSubstation.name></cim:TopologicalNodeSubstation.name>
	<cim:TopologicalNode.NodeCode>Node_G1</cim:TopologicalNode.NodeCode>
	<cim:TopologicalNode.BaseVoltage rdf:resource="#_467ecb9b25ff4cb189a81d7a98ff5b8c"/>
	<cim:TopologicalNode.ConnectivityNodeContainer rdf:resource="#_ba8d77d124aa4ce493051d83798fd32a"/>
	<cim:TopologicalNode.ControlArea rdf:resource="#_579a9af203034a8682a73310504543ef"/>
	<cim:TopologicalNode.TopologicalIsland rdf:resource="#_46052f5a851b44128c4aa1e33ba0f284"/>
</cim:TopologicalNode>
<cim:TopologicalNode rdf:ID="_d2cec72031c0446a80d63a328a03879d">
	<cim:Node.UniqueNumber>3</cim:Node.UniqueNumber>
	<cim:IdentifiedObject.name>G2</cim:IdentifiedObject.name>
	<cim:IdentifiedObject.description>G2</cim:IdentifiedObject.description>
	<cim:TopologicalNode.equivalent>FALSE</cim:TopologicalNode.equivalent>
	<cim:TopologicalNodeSubstation.name></cim:TopologicalNodeSubstation.name>
	<cim:TopologicalNode.NodeCode>Node_G2</cim:TopologicalNode.NodeCode>
	<cim:TopologicalNode.BaseVoltage rdf:resource="#_467ecb9b25ff4cb189a81d7a98ff5b8c"/>
	<cim:TopologicalNode.ConnectivityNodeContainer rdf:resource="#_cd0a3ca9612440608eebd1231aa92da2"/>
	<cim:TopologicalNode.ControlArea rdf:resource="#_579a9af203034a8682a73310504543ef"/>
	<cim:TopologicalNode.TopologicalIsland rdf:resource="#_46052f5a851b44128c4aa1e33ba0f284"/>
</cim:TopologicalNode>
<cim:TopologicalNode rdf:ID="_7681fe9f29a74609a484b962f4b8ad2e">
	<cim:Node.UniqueNumber>4</cim:Node.UniqueNumber>
	<cim:IdentifiedObject.name>Node 2</cim:IdentifiedObject.name>
	<cim:IdentifiedObject.description>Node 2</cim:IdentifiedObject.description>
	<cim:TopologicalNode.equivalent>FALSE</cim:TopologicalNode.equivalent>
	<cim:TopologicalNodeSubstation.name></cim:TopologicalNodeSubstation.name>
	<cim:TopologicalNode.NodeCode>Node 2</cim:TopologicalNode.NodeCode>
	<cim:TopologicalNode.BaseVoltage rdf:resource="#_2825ab89987147d68e2396df3bcfede6"/>
	<cim:TopologicalNode.ConnectivityNodeContainer rdf:resource="#_dd403c386fd64dc88b860a639d7c1e1c"/>
	<cim:TopologicalNode.ControlArea rdf:resource="#_579a9af203034a8682a73310504543ef"/>
	<cim:TopologicalNode.TopologicalIsland rdf:resource="#_46052f5a851b44128c4aa1e33ba0f284"/>
</cim:TopologicalNode>
<cim:TopologicalNode rdf:ID="_1ded84b712ef4d0396ea38bd610b26f5">
	<cim:Node.UniqueNumber>5</cim:Node.UniqueNumber>
	<cim:IdentifiedObject.name>Node 3</cim:IdentifiedObject.name>
	<cim:IdentifiedObject.description>Node 3</cim:IdentifiedObject.description>
	<cim:TopologicalNode.equivalent>FALSE</cim:TopologicalNode.equivalent>
	<cim:TopologicalNodeSubstation.name></cim:TopologicalNodeSubstation.name>
	<cim:TopologicalNode.NodeCode>Node 3</cim:TopologicalNode.NodeCode>
	<cim:TopologicalNode.BaseVoltage rdf:resource="#_2825ab89987147d68e2396df3bcfede6"/>
	<cim:TopologicalNode.ConnectivityNodeContainer rdf:resource="#_c5d8d8f7eec341aa93aabb56cc3000dd"/>
	<cim:TopologicalNode.ControlArea rdf:resource="#_579a9af203034a8682a73310504543ef"/>
	<cim:TopologicalNode.TopologicalIsland rdf:resource="#_46052f5a851b44128c4aa1e33ba0f284"/>
</cim:TopologicalNode>
<cim:TopologicalNode rdf:ID="_beba1206e8594591883d03ec5f339848">
	<cim:Node.UniqueNumber>6</cim:Node.UniqueNumber>
	<cim:IdentifiedObject.name>Node 3 - 110 kV</cim:IdentifiedObject.name>
	<cim:IdentifiedObject.description>Node 3 - 110 kV</cim:IdentifiedObject.description>
	<cim:TopologicalNode.equivalent>FALSE</cim:TopologicalNode.equivalent>
	<cim:TopologicalNodeSubstation.name></cim:TopologicalNodeSubstation.name>
	<cim:TopologicalNode.NodeCode>Node3_11</cim:TopologicalNode.NodeCode>
	<cim:TopologicalNode.BaseVoltage rdf:resource="#_eeb01207ad824660b306e39df52b4968"/>
	<cim:TopologicalNode.ConnectivityNodeContainer rdf:resource="#_22ebc6a8d8c44c2589797f60bb736159"/>
	<cim:TopologicalNode.ControlArea rdf:resource="#_579a9af203034a8682a73310504543ef"/>
	<cim:TopologicalNode.TopologicalIsland rdf:resource="#_46052f5a851b44128c4aa1e33ba0f284"/>
</cim:TopologicalNode>
<cim:TopologicalNode rdf:ID="_599627ce877649f2beca8c12067d3647">
	<cim:Node.UniqueNumber>7</cim:Node.UniqueNumber>
	<cim:IdentifiedObject.name>Node 5</cim:IdentifiedObject.name>
	<cim:IdentifiedObject.description>Node 5</cim:IdentifiedObject.description>
	<cim:TopologicalNode.equivalent>FALSE</cim:TopologicalNode.equivalent>
	<cim:TopologicalNodeSubstation.name></cim:TopologicalNodeSubstation.name>
	<cim:TopologicalNode.NodeCode>Node 5</cim:TopologicalNode.NodeCode>
	<cim:TopologicalNode.BaseVoltage rdf:resource="#_eeb01207ad824660b306e39df52b4968"/>
	<cim:TopologicalNode.ConnectivityNodeContainer rdf:resource="#_2c20863b96eb49f2bfa30e13bb67e068"/>
	<cim:TopologicalNode.ControlArea rdf:resource="#_579a9af203034a8682a73310504543ef"/>
	<cim:TopologicalNode.TopologicalIsland rdf:resource="#_46052f5a851b44128c4aa1e33ba0f284"/>
</cim:TopologicalNode>
<cim:TopologicalNode rdf:ID="_81b1d8c9bb044cfdab46352a91d5ac66">
	<cim:Node.UniqueNumber>8</cim:Node.UniqueNumber>
	<cim:IdentifiedObject.name>G3</cim:IdentifiedObject.name>
	<cim:IdentifiedObject.description>G3</cim:IdentifiedObject.description>
	<cim:TopologicalNode.equivalent>FALSE</cim:TopologicalNode.equivalent>
	<cim:TopologicalNodeSubstation.name></cim:TopologicalNodeSubstation.name>
	<cim:TopologicalNode.NodeCode>G3</cim:TopologicalNode.NodeCode>
	<cim:TopologicalNode.BaseVoltage rdf:resource="#_f3a09abfb4834696bfdc8c2703ba843e"/>
	<cim:TopologicalNode.ConnectivityNodeContainer rdf:resource="#_736c0715d0654062b9f841b7370ec1b6"/>
	<cim:TopologicalNode.ControlArea rdf:resource="#_579a9af203034a8682a73310504543ef"/>
	<cim:TopologicalNode.TopologicalIsland rdf:resource="#_46052f5a851b44128c4aa1e33ba0f284"/>
</cim:TopologicalNode>
<cim:TopologicalNode rdf:ID="_4f0703f22da04cc7a0a2c2522bfe3695">
	<cim:Node.UniqueNumber>9</cim:Node.UniqueNumber>
	<cim:IdentifiedObject.name>Node 6</cim:IdentifiedObject.name>
	<cim:IdentifiedObject.description>Node 6</cim:IdentifiedObject.description>
	<cim:TopologicalNode.equivalent>FALSE</cim:TopologicalNode.equivalent>
	<cim:TopologicalNodeSubstation.name></cim:TopologicalNodeSubstation.name>
	<cim:TopologicalNode.NodeCode>Node 6</cim:TopologicalNode.NodeCode>
	<cim:TopologicalNode.BaseVoltage rdf:resource="#_2a74ca3af01b4b9a905d382fecb6836b"/>
	<cim:TopologicalNode.ConnectivityNodeContainer rdf:resource="#_81ac7b973c38492e9bf2ad17c9c9a5fe"/>
	<cim:TopologicalNode.ControlArea rdf:resource="#_579a9af203034a8682a73310504543ef"/>
	<cim:TopologicalNode.TopologicalIsland rdf:resource="#_46052f5a851b44128c4aa1e33ba0f284"/>
</cim:TopologicalNode>
<cim:Terminal rdf:about="#_8ef07928d52642ee8ce41b5d21af3b8b">
	<cim:Terminal.TopologicalNode rdf:resource="#_33a4d1b19c164492ba46718fcb0aa747"/>
	<cim:Terminal.connected>TRUE</cim:Terminal.connected>
</cim:Terminal>
<cim:Terminal rdf:about="#_b0c23f72ecd341ab8b716dd244c37c1f">
	<cim:Terminal.TopologicalNode rdf:resource="#_ecdc4d713183458cb42fab7d4f57a24c"/>
	<cim:Terminal.connected>TRUE</cim:Terminal.connected>
</cim:Terminal>
<cim:Terminal rdf:about="#_6ad783fb248849f0b71606fe590e99cd">
	<cim:Terminal.TopologicalNode rdf:resource="#_ecdc4d713183458cb42fab7d4f57a24c"/>
	<cim:Terminal.connected>TRUE</cim:Terminal.connected>
</cim:Terminal>
<cim:Terminal rdf:about="#_2c5fd058daee4fefbe19d5819f5c987e">
	<cim:Terminal.TopologicalNode rdf:resource="#_7681fe9f29a74609a484b962f4b8ad2e"/>
	<cim:Terminal.connected>TRUE</cim:Terminal.connected>
</cim:Terminal>
<cim:Terminal rdf:about="#_afddde45cc60407a9fc89a9c0a97d7a8">
	<cim:Terminal.TopologicalNode rdf:resource="#_ecdc4d713183458cb42fab7d4f57a24c"/>
	<cim:Terminal.connected>TRUE</cim:Terminal.connected>
</cim:Terminal>
<cim:Terminal rdf:about="#_25ffd910eb104772b7296cb707f9ff13">
	<cim:Terminal.TopologicalNode rdf:resource="#_7681fe9f29a74609a484b962f4b8ad2e"/>
	<cim:Terminal.connected>TRUE</cim:Terminal.connected>
</cim:Terminal>
<cim:Terminal rdf:about="#_ed0549260d594f5ea0e0dd2967bab7b2">
	<cim:Terminal.TopologicalNode rdf:resource="#_7681fe9f29a74609a484b962f4b8ad2e"/>
	<cim:Terminal.connected>TRUE</cim:Terminal.connected>
</cim:Terminal>
<cim:Terminal rdf:about="#_2259d3fa74d444a7b102f94e694fa8a9">
	<cim:Terminal.TopologicalNode rdf:resource="#_1ded84b712ef4d0396ea38bd610b26f5"/>
	<cim:Terminal.connected>TRUE</cim:Terminal.connected>
</cim:Terminal>
<cim:Terminal rdf:about="#_6f6ffc7383364050bdb9f77dba31ef5d">
	<cim:Terminal.TopologicalNode rdf:resource="#_beba1206e8594591883d03ec5f339848"/>
	<cim:Terminal.connected>TRUE</cim:Terminal.connected>
</cim:Terminal>
<cim:Terminal rdf:about="#_61f6dda6c2474fe39313a1a0c03afd2b">
	<cim:Terminal.TopologicalNode rdf:resource="#_599627ce877649f2beca8c12067d3647"/>
	<cim:Terminal.connected>TRUE</cim:Terminal.connected>
</cim:Terminal>
<cim:Terminal rdf:about="#_695f5afe91ba4c9a91dab135954d14b1">
	<cim:Terminal.connected>TRUE</cim:Terminal.connected>
	<cim:Terminal.TopologicalNode rdf:resource="#_7681fe9f29a74609a484b962f4b8ad2e"/>
</cim:Terminal>
<cim:Terminal rdf:about="#_19d25bcdeb874591b0328f80527b4629">
	<cim:Terminal.connected>TRUE</cim:Terminal.connected>
	<cim:Terminal.TopologicalNode rdf:resource="#_beba1206e8594591883d03ec5f339848"/>
</cim:Terminal>
<cim:Terminal rdf:about="#_45901feed2f64ef9810220b23e78bb4f">
	<cim:Terminal.connected>TRUE</cim:Terminal.connected>
	<cim:Terminal.TopologicalNode rdf:resource="#_ecdc4d713183458cb42fab7d4f57a24c"/>
</cim:Terminal>
<cim:Terminal rdf:about="#_f38bbf4ae0de43088c33cf4ff4988484">
	<cim:Terminal.connected>TRUE</cim:Terminal.connected>
	<cim:Terminal.TopologicalNode rdf:resource="#_6ba238fcab454d7fb94f93a084cd3f56"/>
</cim:Terminal>
<cim:Terminal rdf:about="#_162b5031924848dfb6c859e26e5d2056">
	<cim:Terminal.connected>TRUE</cim:Terminal.connected>
	<cim:Terminal.TopologicalNode rdf:resource="#_d2cec72031c0446a80d63a328a03879d"/>
</cim:Terminal>
<cim:Terminal rdf:about="#_6d37dd827462455393960e3c326ba77f">
	<cim:Terminal.connected>TRUE</cim:Terminal.connected>
	<cim:Terminal.TopologicalNode rdf:resource="#_1ded84b712ef4d0396ea38bd610b26f5"/>
</cim:Terminal>
<cim:Terminal rdf:about="#_1d71eddd924b45b2b25646684646b4c3">
	<cim:Terminal.connected>TRUE</cim:Terminal.connected>
	<cim:Terminal.TopologicalNode rdf:resource="#_beba1206e8594591883d03ec5f339848"/>
</cim:Terminal>
<cim:Terminal rdf:about="#_fd05a6a8df4540ca8af4962be760bb74">
	<cim:Terminal.connected>TRUE</cim:Terminal.connected>
	<cim:Terminal.TopologicalNode rdf:resource="#_599627ce877649f2beca8c12067d3647"/>
</cim:Terminal>
<cim:Terminal rdf:about="#_ee228681a6d148fc99dde586de65bcf8">
	<cim:Terminal.connected>TRUE</cim:Terminal.connected>
	<cim:Terminal.TopologicalNode rdf:resource="#_81b1d8c9bb044cfdab46352a91d5ac66"/>
</cim:Terminal>
<cim:Terminal rdf:about="#_e8f273ab480541c3ac537b84409341a6">
	<cim:Terminal.connected>TRUE</cim:Terminal.connected>
	<cim:Terminal.TopologicalNode rdf:resource="#_599627ce877649f2beca8c12067d3647"/>
</cim:Terminal>
<cim:Terminal rdf:about="#_02fb9135658440ac9f0ea6271ed439a7">
	<cim:Terminal.connected>TRUE</cim:Terminal.connected>
	<cim:Terminal.TopologicalNode rdf:resource="#_4f0703f22da04cc7a0a2c2522bfe3695"/>
</cim:Terminal>
<cim:Terminal rdf:about="#_48e1f84290744985878bff741d68d110">
	<cim:Terminal.TopologicalNode rdf:resource="#_6ba238fcab454d7fb94f93a084cd3f56"/>
	<cim:Terminal.connected>TRUE</cim:Terminal.connected>
</cim:Terminal>
<cim:Terminal rdf:about="#_741171e30433421684b812bde8bac762">
	<cim:Terminal.TopologicalNode rdf:resource="#_d2cec72031c0446a80d63a328a03879d"/>
	<cim:Terminal.connected>TRUE</cim:Terminal.connected>
</cim:Terminal>
<cim:Terminal rdf:about="#_ab3e03290cdb452eab546a5294b8180e">
	<cim:Terminal.TopologicalNode rdf:resource="#_81b1d8c9bb044cfdab46352a91d5ac66"/>
	<cim:Terminal.connected>TRUE</cim:Terminal.connected>
</cim:Terminal>
<cim:Terminal rdf:about="#_1e95949cea1847979e0ad365885d395d">
	<cim:Terminal.TopologicalNode rdf:resource="#_4f0703f22da04cc7a0a2c2522bfe3695"/>
	<cim:Terminal.connected>FALSE</cim:Terminal.connected>
</cim:Terminal>
<cim:Terminal rdf:about="#_ef1a3d79b16248bc877b98e7bcfa66bf">
	<cim:Terminal.TopologicalNode rdf:resource="#_33a4d1b19c164492ba46718fcb0aa747"/>
	<cim:Terminal.connected>TRUE</cim:Terminal.connected>
</cim:Terminal>
</rdf:RDF>