<?xml version="1.0" encoding="UTF-8"?>
<rdf:RDF xmlns:rdf="http://www.w3.org/1999/02/22-rdf-syntax-ns#" xmlns:cim="http://iec.ch/TC57/2009/CIM-schema-cim14#">
<md:FullModel xmlns:md="http://www.casepowersoftware.com/2020/AM-start_TP/1">
	<md:Model.created>2025-11-19-11</md:Model.created>
	<md:Model.Version>
		<md:Description>
			<md:Description.name>AM-start_TP</md:Description.name>
			<md:Description.version>1</md:Description.version>
		</md:Description>
	</md:Model.Version>
	<md:Model.ModelingAuthoritySet>
		<md:Description>
			<md:Description.name>AM-start</md:Description.name>
		</md:Description>
	</md:Model.ModelingAuthoritySet>
	<md:Model.Profile>
		<md:Description>
			<md:Description.uri>http://iec.ch/TC57/61970-452/Topology/1</md:Description.uri>
			<md:Description.name>IEC61970-452-Topology_Model</md:Description.name>
			<md:Description.version>1</md:Description.version>
		</md:Description>
	</md:Model.Profile>
	<md:Model.Creator>
		<md:Description>
			<md:Description.name>CASE 1.0</md:Description.name>
		</md:Description>
	</md:Model.Creator>
</md:FullModel>
<cim:TopologicalNode rdf:ID="_eb26e8d3dcb64ba296d4e1a74ba0fd7e">
	<cim:Node.UniqueNumber>0</cim:Node.UniqueNumber>
	<cim:IdentifiedObject.name>Node 1</cim:IdentifiedObject.name>
	<cim:IdentifiedObject.description>Node 1</cim:IdentifiedObject.description>
	<cim:TopologicalNode.equivalent>FALSE</cim:TopologicalNode.equivalent>
	<cim:TopologicalNodeSubstation.name></cim:TopologicalNodeSubstation.name>
	<cim:TopologicalNode.NodeCode>Node 1</cim:TopologicalNode.NodeCode>
	<cim:TopologicalNode.BaseVoltage rdf:resource="#_4037a38f9ac04b32bd59294c098fb938"/>
	<cim:TopologicalNode.ConnectivityNodeContainer rdf:resource="#_d0fc1ad2d8dc4a16b366094fd993948f"/>
	<cim:TopologicalNode.TopologicalIsland rdf:resource="#_c22122596c5049a2819c57eecc9cf765"/>
</cim:TopologicalNode>
<cim:TopologicalNode rdf:ID="_42c278d7c44d43e98914b99e7b21038a">
	<cim:Node.UniqueNumber>1</cim:Node.UniqueNumber>
	<cim:IdentifiedObject.name>System Swing</cim:IdentifiedObject.name>
	<cim:IdentifiedObject.description>System Swing</cim:IdentifiedObject.description>
	<cim:TopologicalNode.equivalent>FALSE</cim:TopologicalNode.equivalent>
	<cim:TopologicalNodeSubstation.name></cim:TopologicalNodeSubstation.name>
	<cim:TopologicalNode.NodeCode>SystemSw</cim:TopologicalNode.NodeCode>
	<cim:TopologicalNode.BaseVoltage rdf:resource="#_4037a38f9ac04b32bd59294c098fb938"/>
	<cim:TopologicalNode.ConnectivityNodeContainer rdf:resource="#_38b51dc385b548d5b4a2a431a1d4feb6"/>
	<cim:TopologicalNode.TopologicalIsland rdf:resource="#_c22122596c5049a2819c57eecc9cf765"/>
</cim:TopologicalNode>
<cim:TopologicalNode rdf:ID="_c92a5f6c5b364132b56f8010dac9c4bf">
	<cim:Node.UniqueNumber>2</cim:Node.UniqueNumber>
	<cim:IdentifiedObject.name>G1</cim:IdentifiedObject.name>
	<cim:IdentifiedObject.description>G1</cim:IdentifiedObject.description>
	<cim:TopologicalNode.equivalent>FALSE</cim:TopologicalNode.equivalent>
	<cim:TopologicalNodeSubstation.name></cim:TopologicalNodeSubstation.name>
	<cim:TopologicalNode.NodeCode>Node_G1</cim:TopologicalNode.NodeCode>
	<cim:TopologicalNode.BaseVoltage rdf:resource="#_2c9e1624e25041cab64d52e91ddea531"/>
	<cim:TopologicalNode.ConnectivityNodeContainer rdf:resource="#_5d96d658c5fc4dc3a5f0f2ad2b52ec71"/>
	<cim:TopologicalNode.TopologicalIsland rdf:resource="#_c22122596c5049a2819c57eecc9cf765"/>
</cim:TopologicalNode>
<cim:TopologicalNode rdf:ID="_74f3182974a948fd9667924e2f18f16b">
	<cim:Node.UniqueNumber>3</cim:Node.UniqueNumber>
	<cim:IdentifiedObject.name>G2</cim:IdentifiedObject.name>
	<cim:IdentifiedObject.description>G2</cim:IdentifiedObject.description>
	<cim:TopologicalNode.equivalent>FALSE</cim:TopologicalNode.equivalent>
	<cim:TopologicalNodeSubstation.name></cim:TopologicalNodeSubstation.name>
	<cim:TopologicalNode.NodeCode>Node_G2</cim:TopologicalNode.NodeCode>
	<cim:TopologicalNode.BaseVoltage rdf:resource="#_2c9e1624e25041cab64d52e91ddea531"/>
	<cim:TopologicalNode.ConnectivityNodeContainer rdf:resource="#_200677c72d194834a9df8344784f8402"/>
	<cim:TopologicalNode.TopologicalIsland rdf:resource="#_c22122596c5049a2819c57eecc9cf765"/>
</cim:TopologicalNode>
<cim:TopologicalNode rdf:ID="_793e058a42ed4db3bf1dc31f6c4f95c7">
	<cim:Node.UniqueNumber>4</cim:Node.UniqueNumber>
	<cim:IdentifiedObject.name>Node 2</cim:IdentifiedObject.name>
	<cim:IdentifiedObject.description>Node 2</cim:IdentifiedObject.description>
	<cim:TopologicalNode.equivalent>FALSE</cim:TopologicalNode.equivalent>
	<cim:TopologicalNodeSubstation.name></cim:TopologicalNodeSubstation.name>
	<cim:TopologicalNode.NodeCode>Node 2</cim:TopologicalNode.NodeCode>
	<cim:TopologicalNode.BaseVoltage rdf:resource="#_4037a38f9ac04b32bd59294c098fb938"/>
	<cim:TopologicalNode.ConnectivityNodeContainer rdf:resource="#_2da05f7cee9e4070bd76a5bc645b231e"/>
	<cim:TopologicalNode.TopologicalIsland rdf:resource="#_c22122596c5049a2819c57eecc9cf765"/>
</cim:TopologicalNode>
<cim:TopologicalNode rdf:ID="_64f332998e794cc3947516b5dc48d5f4">
	<cim:Node.UniqueNumber>5</cim:Node.UniqueNumber>
	<cim:IdentifiedObject.name>Node 3</cim:IdentifiedObject.name>
	<cim:IdentifiedObject.description>Node 3</cim:IdentifiedObject.description>
	<cim:TopologicalNode.equivalent>FALSE</cim:TopologicalNode.equivalent>
	<cim:TopologicalNodeSubstation.name></cim:TopologicalNodeSubstation.name>
	<cim:TopologicalNode.NodeCode>Node 3</cim:TopologicalNode.NodeCode>
	<cim:TopologicalNode.BaseVoltage rdf:resource="#_4037a38f9ac04b32bd59294c098fb938"/>
	<cim:TopologicalNode.ConnectivityNodeContainer rdf:resource="#_9da7132645794d7787a83fdf52b93e7c"/>
	<cim:TopologicalNode.TopologicalIsland rdf:resource="#_c22122596c5049a2819c57eecc9cf765"/>
</cim:TopologicalNode>
<cim:TopologicalNode rdf:ID="_2e2f2f2560b8478792408f055b7a7429">
	<cim:Node.UniqueNumber>6</cim:Node.UniqueNumber>
	<cim:IdentifiedObject.name>Node 3 - 110 kV</cim:IdentifiedObject.name>
	<cim:IdentifiedObject.description>Node 3 - 110 kV</cim:IdentifiedObject.description>
	<cim:TopologicalNode.equivalent>FALSE</cim:TopologicalNode.equivalent>
	<cim:TopologicalNodeSubstation.name></cim:TopologicalNodeSubstation.name>
	<cim:TopologicalNode.NodeCode>Node3_11</cim:TopologicalNode.NodeCode>
	<cim:TopologicalNode.BaseVoltage rdf:resource="#_1e09bfffddfe49339e96df8974976ced"/>
	<cim:TopologicalNode.ConnectivityNodeContainer rdf:resource="#_e9d393aea0ea4767b6c41ebbbdcaa71f"/>
	<cim:TopologicalNode.TopologicalIsland rdf:resource="#_c22122596c5049a2819c57eecc9cf765"/>
</cim:TopologicalNode>
<cim:TopologicalNode rdf:ID="_778ee81ecc234c8b9b0061f9671dec4b">
	<cim:Node.UniqueNumber>7</cim:Node.UniqueNumber>
	<cim:IdentifiedObject.name>Node 5</cim:IdentifiedObject.name>
	<cim:IdentifiedObject.description>Node 5</cim:IdentifiedObject.description>
	<cim:TopologicalNode.equivalent>FALSE</cim:TopologicalNode.equivalent>
	<cim:TopologicalNodeSubstation.name></cim:TopologicalNodeSubstation.name>
	<cim:TopologicalNode.NodeCode>Node 5</cim:TopologicalNode.NodeCode>
	<cim:TopologicalNode.BaseVoltage rdf:resource="#_1e09bfffddfe49339e96df8974976ced"/>
	<cim:TopologicalNode.ConnectivityNodeContainer rdf:resource="#_002a7ca5830e4c168d2488cdf9724414"/>
	<cim:TopologicalNode.TopologicalIsland rdf:resource="#_c22122596c5049a2819c57eecc9cf765"/>
</cim:TopologicalNode>
<cim:TopologicalNode rdf:ID="_dc2abf4a2c094857a5a6a496fdab8fe0">
	<cim:Node.UniqueNumber>8</cim:Node.UniqueNumber>
	<cim:IdentifiedObject.name>G3</cim:IdentifiedObject.name>
	<cim:IdentifiedObject.description>G3</cim:IdentifiedObject.description>
	<cim:TopologicalNode.equivalent>FALSE</cim:TopologicalNode.equivalent>
	<cim:TopologicalNodeSubstation.name></cim:TopologicalNodeSubstation.name>
	<cim:TopologicalNode.NodeCode>G3</cim:TopologicalNode.NodeCode>
	<cim:TopologicalNode.BaseVoltage rdf:resource="#_d4e03ce97a6a4856b62cbdb24ce68b9c"/>
	<cim:TopologicalNode.ConnectivityNodeContainer rdf:resource="#_e844532b270d4162a6fdb5b80cf468c0"/>
	<cim:TopologicalNode.TopologicalIsland rdf:resource="#_c22122596c5049a2819c57eecc9cf765"/>
</cim:TopologicalNode>
<cim:TopologicalNode rdf:ID="_633ee5d68b4b4b92ba300e2a878a039b">
	<cim:Node.UniqueNumber>9</cim:Node.UniqueNumber>
	<cim:IdentifiedObject.name>Node 6</cim:IdentifiedObject.name>
	<cim:IdentifiedObject.description>Node 6</cim:IdentifiedObject.description>
	<cim:TopologicalNode.equivalent>FALSE</cim:TopologicalNode.equivalent>
	<cim:TopologicalNodeSubstation.name></cim:TopologicalNodeSubstation.name>
	<cim:TopologicalNode.NodeCode>Node 6</cim:TopologicalNode.NodeCode>
	<cim:TopologicalNode.BaseVoltage rdf:resource="#_f6e3be08d3cd47cdaaca5ace28ffadad"/>
	<cim:TopologicalNode.ConnectivityNodeContainer rdf:resource="#_bffd3de1c1134cbb88b2bcdbe332530b"/>
	<cim:TopologicalNode.TopologicalIsland rdf:resource="#_c22122596c5049a2819c57eecc9cf765"/>
</cim:TopologicalNode>
<cim:Terminal rdf:about="#_509435b969714301b19b91c8a4776ebe">
	<cim:Terminal.TopologicalNode rdf:resource="#_42c278d7c44d43e98914b99e7b21038a"/>
	<cim:Terminal.connected>TRUE</cim:Terminal.connected>
</cim:Terminal>
<cim:Terminal rdf:about="#_0d6cc9e14ef749fba73d293f6b33da51">
	<cim:Terminal.TopologicalNode rdf:resource="#_eb26e8d3dcb64ba296d4e1a74ba0fd7e"/>
	<cim:Terminal.connected>TRUE</cim:Terminal.connected>
</cim:Terminal>
<cim:Terminal rdf:about="#_36ba5bb6b1924a49bed2cbfa69ebbeec">
	<cim:Terminal.TopologicalNode rdf:resource="#_eb26e8d3dcb64ba296d4e1a74ba0fd7e"/>
	<cim:Terminal.connected>TRUE</cim:Terminal.connected>
</cim:Terminal>
<cim:Terminal rdf:about="#_a37b872fa92741288ef6f30c4c5ef830">
	<cim:Terminal.TopologicalNode rdf:resource="#_793e058a42ed4db3bf1dc31f6c4f95c7"/>
	<cim:Terminal.connected>TRUE</cim:Terminal.connected>
</cim:Terminal>
<cim:Terminal rdf:about="#_dbdeac91fec646ccb07bd883fb296b08">
	<cim:Terminal.TopologicalNode rdf:resource="#_eb26e8d3dcb64ba296d4e1a74ba0fd7e"/>
	<cim:Terminal.connected>TRUE</cim:Terminal.connected>
</cim:Terminal>
<cim:Terminal rdf:about="#_9190a83e85d64a0b8cb4d3b793493f8c">
	<cim:Terminal.TopologicalNode rdf:resource="#_793e058a42ed4db3bf1dc31f6c4f95c7"/>
	<cim:Terminal.connected>TRUE</cim:Terminal.connected>
</cim:Terminal>
<cim:Terminal rdf:about="#_ab7c9693942f42c6b6318611108be465">
	<cim:Terminal.TopologicalNode rdf:resource="#_793e058a42ed4db3bf1dc31f6c4f95c7"/>
	<cim:Terminal.connected>TRUE</cim:Terminal.connected>
</cim:Terminal>
<cim:Terminal rdf:about="#_de91512d25454e039ced0296ec1829cf">
	<cim:Terminal.TopologicalNode rdf:resource="#_64f332998e794cc3947516b5dc48d5f4"/>
	<cim:Terminal.connected>TRUE</cim:Terminal.connected>
</cim:Terminal>
<cim:Terminal rdf:about="#_62b4b0cdb2d94e6d877d1d69fb788cf4">
	<cim:Terminal.TopologicalNode rdf:resource="#_2e2f2f2560b8478792408f055b7a7429"/>
	<cim:Terminal.connected>TRUE</cim:Terminal.connected>
</cim:Terminal>
<cim:Terminal rdf:about="#_900f719fec444ec3bd80508cc74fcae8">
	<cim:Terminal.TopologicalNode rdf:resource="#_778ee81ecc234c8b9b0061f9671dec4b"/>
	<cim:Terminal.connected>TRUE</cim:Terminal.connected>
</cim:Terminal>
<cim:Terminal rdf:about="#_2d971d33eb9543f58d823dda1a4dc0c9">
	<cim:Terminal.connected>TRUE</cim:Terminal.connected>
	<cim:Terminal.TopologicalNode rdf:resource="#_793e058a42ed4db3bf1dc31f6c4f95c7"/>
</cim:Terminal>
<cim:Terminal rdf:about="#_902300303553498a99aed36865fc369e">
	<cim:Terminal.connected>TRUE</cim:Terminal.connected>
	<cim:Terminal.TopologicalNode rdf:resource="#_2e2f2f2560b8478792408f055b7a7429"/>
</cim:Terminal>
<cim:Terminal rdf:about="#_217153e8307b45418c11bd971b5db474">
	<cim:Terminal.connected>TRUE</cim:Terminal.connected>
	<cim:Terminal.TopologicalNode rdf:resource="#_eb26e8d3dcb64ba296d4e1a74ba0fd7e"/>
</cim:Terminal>
<cim:Terminal rdf:about="#_0ed5e8e8ae34428b9b9d62c22aeed791">
	<cim:Terminal.connected>TRUE</cim:Terminal.connected>
	<cim:Terminal.TopologicalNode rdf:resource="#_c92a5f6c5b364132b56f8010dac9c4bf"/>
</cim:Terminal>
<cim:Terminal rdf:about="#_d5554f6177554543bef11f9bc37e4bff">
	<cim:Terminal.connected>TRUE</cim:Terminal.connected>
	<cim:Terminal.TopologicalNode rdf:resource="#_74f3182974a948fd9667924e2f18f16b"/>
</cim:Terminal>
<cim:Terminal rdf:about="#_25b9ce4d86044d4c9c703fd4f3f0aa96">
	<cim:Terminal.connected>TRUE</cim:Terminal.connected>
	<cim:Terminal.TopologicalNode rdf:resource="#_64f332998e794cc3947516b5dc48d5f4"/>
</cim:Terminal>
<cim:Terminal rdf:about="#_d0f2e2e421d445b69d1ec618fbe901b4">
	<cim:Terminal.connected>TRUE</cim:Terminal.connected>
	<cim:Terminal.TopologicalNode rdf:resource="#_2e2f2f2560b8478792408f055b7a7429"/>
</cim:Terminal>
<cim:Terminal rdf:about="#_9e26cbb2287540b7991c3faeeff5cbde">
	<cim:Terminal.connected>TRUE</cim:Terminal.connected>
	<cim:Terminal.TopologicalNode rdf:resource="#_778ee81ecc234c8b9b0061f9671dec4b"/>
</cim:Terminal>
<cim:Terminal rdf:about="#_f62f9418121b493f8731830a67af8780">
	<cim:Terminal.connected>TRUE</cim:Terminal.connected>
	<cim:Terminal.TopologicalNode rdf:resource="#_dc2abf4a2c094857a5a6a496fdab8fe0"/>
</cim:Terminal>
<cim:Terminal rdf:about="#_9326b3eddfd146caa77581fe977fa7ec">
	<cim:Terminal.connected>TRUE</cim:Terminal.connected>
	<cim:Terminal.TopologicalNode rdf:resource="#_778ee81ecc234c8b9b0061f9671dec4b"/>
</cim:Terminal>
<cim:Terminal rdf:about="#_df6b0e3f1d9c41108750b7edf619ed51">
	<cim:Terminal.connected>TRUE</cim:Terminal.connected>
	<cim:Terminal.TopologicalNode rdf:resource="#_633ee5d68b4b4b92ba300e2a878a039b"/>
</cim:Terminal>
<cim:Terminal rdf:about="#_982ad24a8ba842598b22864e0b20d56f">
	<cim:Terminal.TopologicalNode rdf:resource="#_c92a5f6c5b364132b56f8010dac9c4bf"/>
	<cim:Terminal.connected>TRUE</cim:Terminal.connected>
</cim:Terminal>
<cim:Terminal rdf:about="#_3a6ff5c31ee04bb593630653ff867ce8">
	<cim:Terminal.TopologicalNode rdf:resource="#_74f3182974a948fd9667924e2f18f16b"/>
	<cim:Terminal.connected>TRUE</cim:Terminal.connected>
</cim:Terminal>
<cim:Terminal rdf:about="#_89693d35d31e401b959f954446aa6955">
	<cim:Terminal.TopologicalNode rdf:resource="#_dc2abf4a2c094857a5a6a496fdab8fe0"/>
	<cim:Terminal.connected>TRUE</cim:Terminal.connected>
</cim:Terminal>
<cim:Terminal rdf:about="#_6c90d427ef45458c8db8b06c47b67dd0">
	<cim:Terminal.TopologicalNode rdf:resource="#_633ee5d68b4b4b92ba300e2a878a039b"/>
	<cim:Terminal.connected>FALSE</cim:Terminal.connected>
</cim:Terminal>
<cim:Terminal rdf:about="#_cb9d287a46fa47dbae30caa2bac28e3c">
	<cim:Terminal.TopologicalNode rdf:resource="#_42c278d7c44d43e98914b99e7b21038a"/>
	<cim:Terminal.connected>TRUE</cim:Terminal.connected>
</cim:Terminal>
</rdf:RDF>