<?xml version="1.0" encoding="UTF-8"?>
<rdf:RDF xmlns:rdf="http://www.w3.org/1999/02/22-rdf-syntax-ns#" xmlns:cim="http://iec.ch/TC57/2009/CIM-schema-cim14#">
<md:FullModel xmlns:md="http://www.casepowersoftware.com/2020/AM-start_SV/1">
	<md:Model.created>2025-11-19-11</md:Model.created>
	<md:Model.Version>
		<md:Description>
			<md:Description.name>AM-start_SV</md:Description.name>
			<md:Description.version>1</md:Description.version>
			<md:Description.ModelComment></md:Description.ModelComment>
		</md:Description>
	</md:Model.Version>
	<md:Model.ModelingAuthoritySet>
		<md:Description>
			<md:Description.name>AM-start</md:Description.name>
		</md:Description>
	</md:Model.ModelingAuthoritySet>
	<md:Model.Profile>
		<md:Description>
			<md:Description.uri>http://iec.ch/TC57/61970-452/StateVariables/1</md:Description.uri>
			<md:Description.name>IEC61970-452-StateVariables_Model</md:Description.name>
			<md:Description.version>1</md:Description.version>
		</md:Description>
	</md:Model.Profile>
	<md:Model.Creator>
		<md:Description>
			<md:Description.name>CASE 1.0</md:Description.name>
		</md:Description>
	</md:Model.Creator>
</md:FullModel>
<cim:SvVoltage rdf:ID="_f8f8d3c69e8b432abef32bc128349dfd">
	<cim:SvVoltage.v>416.0987</cim:SvVoltage.v>
	<cim:SvVoltage.angle>-1.1978</cim:SvVoltage.angle>
	<cim:SvVoltage.TopologicalNode rdf:resource="#_eb26e8d3dcb64ba296d4e1a74ba0fd7e"/>
</cim:SvVoltage>
<cim:SvVoltage rdf:ID="_a8f96efd90994d558d18643dba475bc0">
	<cim:SvVoltage.v>415.0000</cim:SvVoltage.v>
	<cim:SvVoltage.angle> 0.0000</cim:SvVoltage.angle>
	<cim:SvVoltage.TopologicalNode rdf:resource="#_42c278d7c44d43e98914b99e7b21038a"/>
</cim:SvVoltage>
<cim:SvVoltage rdf:ID="_d35624a79aed48c19c6c3d4246dfb308">
	<cim:SvVoltage.v>15.7500</cim:SvVoltage.v>
	<cim:SvVoltage.angle> 2.9909</cim:SvVoltage.angle>
	<cim:SvVoltage.TopologicalNode rdf:resource="#_c92a5f6c5b364132b56f8010dac9c4bf"/>
</cim:SvVoltage>
<cim:SvVoltage rdf:ID="_82fed49770114942847bff97be90ad8c">
	<cim:SvVoltage.v>15.7500</cim:SvVoltage.v>
	<cim:SvVoltage.angle> 2.9909</cim:SvVoltage.angle>
	<cim:SvVoltage.TopologicalNode rdf:resource="#_74f3182974a948fd9667924e2f18f16b"/>
</cim:SvVoltage>
<cim:SvVoltage rdf:ID="_fae6a90b9a234418a4384539bcf71812">
	<cim:SvVoltage.v>412.3111</cim:SvVoltage.v>
	<cim:SvVoltage.angle>-3.2650</cim:SvVoltage.angle>
	<cim:SvVoltage.TopologicalNode rdf:resource="#_793e058a42ed4db3bf1dc31f6c4f95c7"/>
</cim:SvVoltage>
<cim:SvVoltage rdf:ID="_ef8cf069f155415a8da0b1c2df371330">
	<cim:SvVoltage.v>403.7465</cim:SvVoltage.v>
	<cim:SvVoltage.angle>-5.7009</cim:SvVoltage.angle>
	<cim:SvVoltage.TopologicalNode rdf:resource="#_64f332998e794cc3947516b5dc48d5f4"/>
</cim:SvVoltage>
<cim:SvVoltage rdf:ID="_a5224445fe324c58ab8fc1b9853402e4">
	<cim:SvVoltage.v>106.9498</cim:SvVoltage.v>
	<cim:SvVoltage.angle>-8.9960</cim:SvVoltage.angle>
	<cim:SvVoltage.TopologicalNode rdf:resource="#_2e2f2f2560b8478792408f055b7a7429"/>
</cim:SvVoltage>
<cim:SvVoltage rdf:ID="_4dc92296798f4ccda1250430f46ced4e">
	<cim:SvVoltage.v>109.1935</cim:SvVoltage.v>
	<cim:SvVoltage.angle>-5.0656</cim:SvVoltage.angle>
	<cim:SvVoltage.TopologicalNode rdf:resource="#_778ee81ecc234c8b9b0061f9671dec4b"/>
</cim:SvVoltage>
<cim:SvVoltage rdf:ID="_3da0c2b628194e9880f07482ebb49b1c">
	<cim:SvVoltage.v>10.5000</cim:SvVoltage.v>
	<cim:SvVoltage.angle>-0.4591</cim:SvVoltage.angle>
	<cim:SvVoltage.TopologicalNode rdf:resource="#_dc2abf4a2c094857a5a6a496fdab8fe0"/>
</cim:SvVoltage>
<cim:SvVoltage rdf:ID="_9854ea75f590483d96d52a99c370544a">
	<cim:SvVoltage.v>10.4230</cim:SvVoltage.v>
	<cim:SvVoltage.angle>-5.0656</cim:SvVoltage.angle>
	<cim:SvVoltage.TopologicalNode rdf:resource="#_633ee5d68b4b4b92ba300e2a878a039b"/>
</cim:SvVoltage>
<cim:SvPowerFlow rdf:ID="_cea9edf8d21c4ce888d114301055e4c0">
	<cim:SvPowerFlow.p>300.0000</cim:SvPowerFlow.p>
	<cim:SvPowerFlow.q>100.0000</cim:SvPowerFlow.q>
	<cim:SvPowerFlow.Terminal rdf:resource="#_2d971d33eb9543f58d823dda1a4dc0c9"/>
</cim:SvPowerFlow>
<cim:SvPowerFlow rdf:ID="_49aa849015cc4a0d8dbf87fc01125586">
	<cim:SvPowerFlow.p>240.0000</cim:SvPowerFlow.p>
	<cim:SvPowerFlow.q>80.0000</cim:SvPowerFlow.q>
	<cim:SvPowerFlow.Terminal rdf:resource="#_902300303553498a99aed36865fc369e"/>
</cim:SvPowerFlow>
<cim:SvPowerFlow rdf:ID="_d9161b26a94d47538c2779f36f031b3b">
	<cim:SvPowerFlow.p>170.0000</cim:SvPowerFlow.p>
	<cim:SvPowerFlow.q>26.3838</cim:SvPowerFlow.q>
	<cim:SvPowerFlow.Terminal rdf:resource="#_982ad24a8ba842598b22864e0b20d56f"/>
</cim:SvPowerFlow>
<cim:SvPowerFlow rdf:ID="_7224318359e843ab957de8865cec3bd8">
	<cim:SvPowerFlow.p>170.0000</cim:SvPowerFlow.p>
	<cim:SvPowerFlow.q>26.3836</cim:SvPowerFlow.q>
	<cim:SvPowerFlow.Terminal rdf:resource="#_3a6ff5c31ee04bb593630653ff867ce8"/>
</cim:SvPowerFlow>
<cim:SvPowerFlow rdf:ID="_94264dea1f2646039afac89ff7afee4d">
	<cim:SvPowerFlow.p>100.0000</cim:SvPowerFlow.p>
	<cim:SvPowerFlow.q>10.6420</cim:SvPowerFlow.q>
	<cim:SvPowerFlow.Terminal rdf:resource="#_89693d35d31e401b959f954446aa6955"/>
</cim:SvPowerFlow>
<cim:SvPowerFlow rdf:ID="_3604af4a387949c694fa0639be53eb69">
	<cim:SvPowerFlow.p>-0.5000</cim:SvPowerFlow.p>
	<cim:SvPowerFlow.q>-0.3238</cim:SvPowerFlow.q>
	<cim:SvPowerFlow.Terminal rdf:resource="#_6c90d427ef45458c8db8b06c47b67dd0"/>
</cim:SvPowerFlow>
<cim:SvPowerFlow rdf:ID="_37bfe96dffad422a9c622220bc35b65a">
	<cim:SvPowerFlow.p>105.2641</cim:SvPowerFlow.p>
	<cim:SvPowerFlow.q>-50.1446</cim:SvPowerFlow.q>
	<cim:SvPowerFlow.Terminal rdf:resource="#_cb9d287a46fa47dbae30caa2bac28e3c"/>
</cim:SvPowerFlow>
</rdf:RDF>