<?xml version="1.0" encoding="UTF-8"?>
<rdf:RDF xmlns:rdf="http://www.w3.org/1999/02/22-rdf-syntax-ns#" xmlns:cim="http://iec.ch/TC57/2009/CIM-schema-cim14#">
<md:FullModel xmlns:md="http://www.casepowersoftware.com/2020/AM-start_SV/1">
	<md:Model.created>2025-11-21-8</md:Model.created>
	<md:Model.Version>
		<md:Description>
			<md:Description.name>AM-start_SV</md:Description.name>
			<md:Description.version>1</md:Description.version>
			<md:Description.ModelComment></md:Description.ModelComment>
		</md:Description>
	</md:Model.Version>
	<md:Model.ModelingAuthoritySet>
		<md:Description>
			<md:Description.name>AM-start</md:Description.name>
		</md:Description>
	</md:Model.ModelingAuthoritySet>
	<md:Model.Profile>
		<md:Description>
			<md:Description.uri>http://iec.ch/TC57/61970-452/StateVariables/1</md:Description.uri>
			<md:Description.name>IEC61970-452-StateVariables_Model</md:Description.name>
			<md:Description.version>1</md:Description.version>
		</md:Description>
	</md:Model.Profile>
	<md:Model.Creator>
		<md:Description>
			<md:Description.name>CASE 1.0</md:Description.name>
		</md:Description>
	</md:Model.Creator>
</md:FullModel>
<cim:SvVoltage rdf:ID="_0c42a6d80ec64472a3e0043e4d0db6fb">
	<cim:SvVoltage.v>416.0987</cim:SvVoltage.v>
	<cim:SvVoltage.angle>-1.1978</cim:SvVoltage.angle>
	<cim:SvVoltage.TopologicalNode rdf:resource="#_ecdc4d713183458cb42fab7d4f57a24c"/>
</cim:SvVoltage>
<cim:SvVoltage rdf:ID="_b682012681f24441b8d72119754ab828">
	<cim:SvVoltage.v>415.0000</cim:SvVoltage.v>
	<cim:SvVoltage.angle> 0.0000</cim:SvVoltage.angle>
	<cim:SvVoltage.TopologicalNode rdf:resource="#_33a4d1b19c164492ba46718fcb0aa747"/>
</cim:SvVoltage>
<cim:SvVoltage rdf:ID="_8a7560c393114c36ba35e9bdd4191de5">
	<cim:SvVoltage.v>15.7500</cim:SvVoltage.v>
	<cim:SvVoltage.angle> 2.9908</cim:SvVoltage.angle>
	<cim:SvVoltage.TopologicalNode rdf:resource="#_6ba238fcab454d7fb94f93a084cd3f56"/>
</cim:SvVoltage>
<cim:SvVoltage rdf:ID="_6c6995c25ffc4f22a1783b7462a7d1c7">
	<cim:SvVoltage.v>15.7500</cim:SvVoltage.v>
	<cim:SvVoltage.angle> 2.9908</cim:SvVoltage.angle>
	<cim:SvVoltage.TopologicalNode rdf:resource="#_d2cec72031c0446a80d63a328a03879d"/>
</cim:SvVoltage>
<cim:SvVoltage rdf:ID="_44ad76adeb014e798b9fe1b2b0ac4532">
	<cim:SvVoltage.v>412.3111</cim:SvVoltage.v>
	<cim:SvVoltage.angle>-3.2651</cim:SvVoltage.angle>
	<cim:SvVoltage.TopologicalNode rdf:resource="#_7681fe9f29a74609a484b962f4b8ad2e"/>
</cim:SvVoltage>
<cim:SvVoltage rdf:ID="_449b919798a545ec8ed544a25cf6d73c">
	<cim:SvVoltage.v>403.7463</cim:SvVoltage.v>
	<cim:SvVoltage.angle>-5.7010</cim:SvVoltage.angle>
	<cim:SvVoltage.TopologicalNode rdf:resource="#_1ded84b712ef4d0396ea38bd610b26f5"/>
</cim:SvVoltage>
<cim:SvVoltage rdf:ID="_1df8cc4aa8ab4b31b786cd53573e7f15">
	<cim:SvVoltage.v>106.9497</cim:SvVoltage.v>
	<cim:SvVoltage.angle>-8.9961</cim:SvVoltage.angle>
	<cim:SvVoltage.TopologicalNode rdf:resource="#_beba1206e8594591883d03ec5f339848"/>
</cim:SvVoltage>
<cim:SvVoltage rdf:ID="_974b6b9261184054a5b4a05ff6a92bbb">
	<cim:SvVoltage.v>109.1935</cim:SvVoltage.v>
	<cim:SvVoltage.angle>-5.0657</cim:SvVoltage.angle>
	<cim:SvVoltage.TopologicalNode rdf:resource="#_599627ce877649f2beca8c12067d3647"/>
</cim:SvVoltage>
<cim:SvVoltage rdf:ID="_6f1755ad90ac4748b2d40de9eb414225">
	<cim:SvVoltage.v>10.5000</cim:SvVoltage.v>
	<cim:SvVoltage.angle>-0.4592</cim:SvVoltage.angle>
	<cim:SvVoltage.TopologicalNode rdf:resource="#_81b1d8c9bb044cfdab46352a91d5ac66"/>
</cim:SvVoltage>
<cim:SvVoltage rdf:ID="_0c5751b938b146608c183ca048d0253f">
	<cim:SvVoltage.v>10.4230</cim:SvVoltage.v>
	<cim:SvVoltage.angle>-5.0657</cim:SvVoltage.angle>
	<cim:SvVoltage.TopologicalNode rdf:resource="#_4f0703f22da04cc7a0a2c2522bfe3695"/>
</cim:SvVoltage>
<cim:SvPowerFlow rdf:ID="_84b4491b160f4669857f7f511294a826">
	<cim:SvPowerFlow.p>300.0000</cim:SvPowerFlow.p>
	<cim:SvPowerFlow.q>100.0000</cim:SvPowerFlow.q>
	<cim:SvPowerFlow.Terminal rdf:resource="#_695f5afe91ba4c9a91dab135954d14b1"/>
</cim:SvPowerFlow>
<cim:SvPowerFlow rdf:ID="_2f171fa91f6d44a08d376680bf6cd8d5">
	<cim:SvPowerFlow.p>240.0000</cim:SvPowerFlow.p>
	<cim:SvPowerFlow.q>80.0000</cim:SvPowerFlow.q>
	<cim:SvPowerFlow.Terminal rdf:resource="#_19d25bcdeb874591b0328f80527b4629"/>
</cim:SvPowerFlow>
<cim:SvPowerFlow rdf:ID="_cb5cf0b790344069abf835a281dbd9d5">
	<cim:SvPowerFlow.p>170.0000</cim:SvPowerFlow.p>
	<cim:SvPowerFlow.q>26.3840</cim:SvPowerFlow.q>
	<cim:SvPowerFlow.Terminal rdf:resource="#_48e1f84290744985878bff741d68d110"/>
</cim:SvPowerFlow>
<cim:SvPowerFlow rdf:ID="_31fb18b16a044dbcadd7461b7fe37bac">
	<cim:SvPowerFlow.p>170.0000</cim:SvPowerFlow.p>
	<cim:SvPowerFlow.q>26.3840</cim:SvPowerFlow.q>
	<cim:SvPowerFlow.Terminal rdf:resource="#_741171e30433421684b812bde8bac762"/>
</cim:SvPowerFlow>
<cim:SvPowerFlow rdf:ID="_0225ed2924b8454fa7a26f15e4113094">
	<cim:SvPowerFlow.p>100.0000</cim:SvPowerFlow.p>
	<cim:SvPowerFlow.q>10.6423</cim:SvPowerFlow.q>
	<cim:SvPowerFlow.Terminal rdf:resource="#_ab3e03290cdb452eab546a5294b8180e"/>
</cim:SvPowerFlow>
<cim:SvPowerFlow rdf:ID="_702f2d93d2a44c87848e5a0efa7a7db3">
	<cim:SvPowerFlow.p>-0.5000</cim:SvPowerFlow.p>
	<cim:SvPowerFlow.q>-0.3238</cim:SvPowerFlow.q>
	<cim:SvPowerFlow.Terminal rdf:resource="#_1e95949cea1847979e0ad365885d395d"/>
</cim:SvPowerFlow>
<cim:SvPowerFlow rdf:ID="_0ac32f788ed54398814a3d22fb2c77f7">
	<cim:SvPowerFlow.p>105.2688</cim:SvPowerFlow.p>
	<cim:SvPowerFlow.q>-50.1453</cim:SvPowerFlow.q>
	<cim:SvPowerFlow.Terminal rdf:resource="#_ef1a3d79b16248bc877b98e7bcfa66bf"/>
</cim:SvPowerFlow>
</rdf:RDF>