<?xml version="1.0" encoding="UTF-8"?>
<rdf:RDF xmlns:rdf="http://www.w3.org/1999/02/22-rdf-syntax-ns#" xmlns:cim="http://iec.ch/TC57/2009/CIM-schema-cim14#">
<md:FullModel xmlns:md="http://www.casepowersoftware.com/2020/AM-start_SLD/1">
	<md:Model.created>2025-11-21-8</md:Model.created>
	<md:Model.Version>
		<md:Description>
			<md:Description.name>AM-start_SLD</md:Description.name>
			<md:Description.version>1</md:Description.version>
		</md:Description>
	</md:Model.Version>
	<md:Model.ModelingAuthoritySet>
		<md:Description>
		</md:Description>
	</md:Model.ModelingAuthoritySet>
	<md:Model.Profile>
		<md:Description>
			<md:Description.version>1</md:Description.version>
		</md:Description>
	</md:Model.Profile>
	<md:Model.Creator>
		<md:Description>
			<md:Description.name>CASE 1.0</md:Description.name>
		</md:Description>
	</md:Model.Creator>
</md:FullModel>
<cim:SLD_Properties rdf:ID="_e6493f2608634d878d0969f2be42f07e">
	<cim:SLD_Properties.NodeDisplayOption>1</cim:SLD_Properties.NodeDisplayOption>
	<cim:SLD_Properties.ShowElementsLoad>1</cim:SLD_Properties.ShowElementsLoad>
</cim:SLD_Properties>
<cim:Scrollbar rdf:ID="_f4d15c6b437f4b20b73c0c0fd2f290ca">
	<cim:Scrollbar.VerticalPosition>768</cim:Scrollbar.VerticalPosition>
	<cim:Scrollbar.HorizontalPosition>1191</cim:Scrollbar.HorizontalPosition>
	<cim:Scrollbar.HorizontalMaxPosition>2500</cim:Scrollbar.HorizontalMaxPosition>
	<cim:Scrollbar.VerticalMaxPosition>10500</cim:Scrollbar.VerticalMaxPosition>
</cim:Scrollbar>
<cim:General rdf:ID="_2a0bd655c21c4f3e8e3586aaa05030d1">
	<cim:General.nmb_of_drawn_nodes>10</cim:General.nmb_of_drawn_nodes>
	<cim:General.nmb_of_drawn_lines>6</cim:General.nmb_of_drawn_lines>
	<cim:General.nmb_of_drawn_transformers>4</cim:General.nmb_of_drawn_transformers>
	<cim:General.nmb_of_drawn_generators>4</cim:General.nmb_of_drawn_generators>
	<cim:General.nmb_of_drawn_loads>2</cim:General.nmb_of_drawn_loads>
	<cim:General.nmb_of_drawn_shunts>0</cim:General.nmb_of_drawn_shunts>
</cim:General>
<cim:SLD_Node rdf:ID="_d5e9dd47b8b243bdb1d549e0bb683302">
	<cim:SLD_Node.code>Node 1</cim:SLD_Node.code>
	<cim:SLD_Node.x_coordinate>-188</cim:SLD_Node.x_coordinate>
	<cim:SLD_Node.y_coordinate>-68</cim:SLD_Node.y_coordinate>
	<cim:SLD_Node.length>400</cim:SLD_Node.length>
	<cim:SLD_Node.width>6</cim:SLD_Node.width>
	<cim:SLD_Node.color>255</cim:SLD_Node.color>
	<cim:SLD_Node.number_of_element>0</cim:SLD_Node.number_of_element>
	<cim:SLD_Node.horizontal_or_vertical>0</cim:SLD_Node.horizontal_or_vertical>
	<cim:SLD_Node.ConnectionPoint>0</cim:SLD_Node.ConnectionPoint>
	<cim:SLD_Node.H_Offset>0</cim:SLD_Node.H_Offset>
	<cim:SLD_Node.V_Offset>0</cim:SLD_Node.V_Offset>
</cim:SLD_Node>
<cim:SLD_Node rdf:ID="_60331fa16b594d96ac54fa94cc7fcd32">
	<cim:SLD_Node.code>SystemSw</cim:SLD_Node.code>
	<cim:SLD_Node.x_coordinate>-417</cim:SLD_Node.x_coordinate>
	<cim:SLD_Node.y_coordinate>-185</cim:SLD_Node.y_coordinate>
	<cim:SLD_Node.length>160</cim:SLD_Node.length>
	<cim:SLD_Node.width>6</cim:SLD_Node.width>
	<cim:SLD_Node.color>255</cim:SLD_Node.color>
	<cim:SLD_Node.number_of_element>1</cim:SLD_Node.number_of_element>
	<cim:SLD_Node.horizontal_or_vertical>0</cim:SLD_Node.horizontal_or_vertical>
	<cim:SLD_Node.ConnectionPoint>0</cim:SLD_Node.ConnectionPoint>
	<cim:SLD_Node.H_Offset>0</cim:SLD_Node.H_Offset>
	<cim:SLD_Node.V_Offset>0</cim:SLD_Node.V_Offset>
</cim:SLD_Node>
<cim:SLD_Node rdf:ID="_cda13a7249304c38a3abb3736c005412">
	<cim:SLD_Node.code>Node_G1</cim:SLD_Node.code>
	<cim:SLD_Node.x_coordinate>-100</cim:SLD_Node.x_coordinate>
	<cim:SLD_Node.y_coordinate>165</cim:SLD_Node.y_coordinate>
	<cim:SLD_Node.length>100</cim:SLD_Node.length>
	<cim:SLD_Node.width>6</cim:SLD_Node.width>
	<cim:SLD_Node.color>16711680</cim:SLD_Node.color>
	<cim:SLD_Node.number_of_element>2</cim:SLD_Node.number_of_element>
	<cim:SLD_Node.horizontal_or_vertical>0</cim:SLD_Node.horizontal_or_vertical>
	<cim:SLD_Node.ConnectionPoint>0</cim:SLD_Node.ConnectionPoint>
	<cim:SLD_Node.H_Offset>0</cim:SLD_Node.H_Offset>
	<cim:SLD_Node.V_Offset>0</cim:SLD_Node.V_Offset>
</cim:SLD_Node>
<cim:SLD_Node rdf:ID="_6a269c84379a444c8e0367c58d4dac2a">
	<cim:SLD_Node.code>Node_G2</cim:SLD_Node.code>
	<cim:SLD_Node.x_coordinate>115</cim:SLD_Node.x_coordinate>
	<cim:SLD_Node.y_coordinate>167</cim:SLD_Node.y_coordinate>
	<cim:SLD_Node.length>100</cim:SLD_Node.length>
	<cim:SLD_Node.width>6</cim:SLD_Node.width>
	<cim:SLD_Node.color>16711680</cim:SLD_Node.color>
	<cim:SLD_Node.number_of_element>3</cim:SLD_Node.number_of_element>
	<cim:SLD_Node.horizontal_or_vertical>0</cim:SLD_Node.horizontal_or_vertical>
	<cim:SLD_Node.ConnectionPoint>0</cim:SLD_Node.ConnectionPoint>
	<cim:SLD_Node.H_Offset>0</cim:SLD_Node.H_Offset>
	<cim:SLD_Node.V_Offset>0</cim:SLD_Node.V_Offset>
</cim:SLD_Node>
<cim:SLD_Node rdf:ID="_813226dc0fab413cab924f3723d7e29f">
	<cim:SLD_Node.code>Node 2</cim:SLD_Node.code>
	<cim:SLD_Node.x_coordinate>574</cim:SLD_Node.x_coordinate>
	<cim:SLD_Node.y_coordinate>-62</cim:SLD_Node.y_coordinate>
	<cim:SLD_Node.length>350</cim:SLD_Node.length>
	<cim:SLD_Node.width>6</cim:SLD_Node.width>
	<cim:SLD_Node.color>255</cim:SLD_Node.color>
	<cim:SLD_Node.number_of_element>4</cim:SLD_Node.number_of_element>
	<cim:SLD_Node.horizontal_or_vertical>0</cim:SLD_Node.horizontal_or_vertical>
	<cim:SLD_Node.ConnectionPoint>0</cim:SLD_Node.ConnectionPoint>
	<cim:SLD_Node.H_Offset>0</cim:SLD_Node.H_Offset>
	<cim:SLD_Node.V_Offset>0</cim:SLD_Node.V_Offset>
</cim:SLD_Node>
<cim:SLD_Node rdf:ID="_bfd826929b1241e8a51dc5ff253cd5b5">
	<cim:SLD_Node.code>Node 3</cim:SLD_Node.code>
	<cim:SLD_Node.x_coordinate>593</cim:SLD_Node.x_coordinate>
	<cim:SLD_Node.y_coordinate>197</cim:SLD_Node.y_coordinate>
	<cim:SLD_Node.length>200</cim:SLD_Node.length>
	<cim:SLD_Node.width>6</cim:SLD_Node.width>
	<cim:SLD_Node.color>255</cim:SLD_Node.color>
	<cim:SLD_Node.number_of_element>5</cim:SLD_Node.number_of_element>
	<cim:SLD_Node.horizontal_or_vertical>0</cim:SLD_Node.horizontal_or_vertical>
	<cim:SLD_Node.ConnectionPoint>0</cim:SLD_Node.ConnectionPoint>
	<cim:SLD_Node.H_Offset>0</cim:SLD_Node.H_Offset>
	<cim:SLD_Node.V_Offset>0</cim:SLD_Node.V_Offset>
</cim:SLD_Node>
<cim:SLD_Node rdf:ID="_154bf9577e5349a1ac00fadcb22178e2">
	<cim:SLD_Node.code>Node3_11</cim:SLD_Node.code>
	<cim:SLD_Node.x_coordinate>592</cim:SLD_Node.x_coordinate>
	<cim:SLD_Node.y_coordinate>395</cim:SLD_Node.y_coordinate>
	<cim:SLD_Node.length>300</cim:SLD_Node.length>
	<cim:SLD_Node.width>4</cim:SLD_Node.width>
	<cim:SLD_Node.color>0</cim:SLD_Node.color>
	<cim:SLD_Node.number_of_element>6</cim:SLD_Node.number_of_element>
	<cim:SLD_Node.horizontal_or_vertical>0</cim:SLD_Node.horizontal_or_vertical>
	<cim:SLD_Node.ConnectionPoint>0</cim:SLD_Node.ConnectionPoint>
	<cim:SLD_Node.H_Offset>0</cim:SLD_Node.H_Offset>
	<cim:SLD_Node.V_Offset>0</cim:SLD_Node.V_Offset>
</cim:SLD_Node>
<cim:SLD_Node rdf:ID="_b920da79219d4679b8255498bfe444dc">
	<cim:SLD_Node.code>Node 5</cim:SLD_Node.code>
	<cim:SLD_Node.x_coordinate>1022</cim:SLD_Node.x_coordinate>
	<cim:SLD_Node.y_coordinate>167</cim:SLD_Node.y_coordinate>
	<cim:SLD_Node.length>300</cim:SLD_Node.length>
	<cim:SLD_Node.width>4</cim:SLD_Node.width>
	<cim:SLD_Node.color>0</cim:SLD_Node.color>
	<cim:SLD_Node.number_of_element>7</cim:SLD_Node.number_of_element>
	<cim:SLD_Node.horizontal_or_vertical>0</cim:SLD_Node.horizontal_or_vertical>
	<cim:SLD_Node.ConnectionPoint>0</cim:SLD_Node.ConnectionPoint>
	<cim:SLD_Node.H_Offset>0</cim:SLD_Node.H_Offset>
	<cim:SLD_Node.V_Offset>0</cim:SLD_Node.V_Offset>
</cim:SLD_Node>
<cim:SLD_Node rdf:ID="_b018b11e51b34851bf711859145a6ed4">
	<cim:SLD_Node.code>G3</cim:SLD_Node.code>
	<cim:SLD_Node.x_coordinate>1061</cim:SLD_Node.x_coordinate>
	<cim:SLD_Node.y_coordinate>331</cim:SLD_Node.y_coordinate>
	<cim:SLD_Node.length>90</cim:SLD_Node.length>
	<cim:SLD_Node.width>4</cim:SLD_Node.width>
	<cim:SLD_Node.color>8421504</cim:SLD_Node.color>
	<cim:SLD_Node.number_of_element>8</cim:SLD_Node.number_of_element>
	<cim:SLD_Node.horizontal_or_vertical>0</cim:SLD_Node.horizontal_or_vertical>
	<cim:SLD_Node.ConnectionPoint>0</cim:SLD_Node.ConnectionPoint>
	<cim:SLD_Node.H_Offset>0</cim:SLD_Node.H_Offset>
	<cim:SLD_Node.V_Offset>0</cim:SLD_Node.V_Offset>
</cim:SLD_Node>
<cim:SLD_Node rdf:ID="_53a15bf2c18a47dba821f3b138bea438">
	<cim:SLD_Node.code>Node 6</cim:SLD_Node.code>
	<cim:SLD_Node.x_coordinate>1240</cim:SLD_Node.x_coordinate>
	<cim:SLD_Node.y_coordinate>329</cim:SLD_Node.y_coordinate>
	<cim:SLD_Node.length>140</cim:SLD_Node.length>
	<cim:SLD_Node.width>4</cim:SLD_Node.width>
	<cim:SLD_Node.color>32766</cim:SLD_Node.color>
	<cim:SLD_Node.number_of_element>9</cim:SLD_Node.number_of_element>
	<cim:SLD_Node.horizontal_or_vertical>0</cim:SLD_Node.horizontal_or_vertical>
	<cim:SLD_Node.ConnectionPoint>0</cim:SLD_Node.ConnectionPoint>
	<cim:SLD_Node.H_Offset>0</cim:SLD_Node.H_Offset>
	<cim:SLD_Node.V_Offset>0</cim:SLD_Node.V_Offset>
</cim:SLD_Node>
<cim:SLD_Line rdf:ID="_e348bb2c77394d328bdcd6af57287c2c">
	<cim:SLD_Line.nmb_of_knees>4</cim:SLD_Line.nmb_of_knees>
	<cim:SLD_Line.knee_coordinate.x>-19</cim:SLD_Line.knee_coordinate.x>
	<cim:SLD_Line.knee_coordinate.y>51</cim:SLD_Line.knee_coordinate.y>
	<cim:SLD_Line.knee_coordinate.x>142</cim:SLD_Line.knee_coordinate.x>
	<cim:SLD_Line.knee_coordinate.y>51</cim:SLD_Line.knee_coordinate.y>
	<cim:SLD_Line.knee_coordinate.x>142</cim:SLD_Line.knee_coordinate.x>
	<cim:SLD_Line.knee_coordinate.y>130</cim:SLD_Line.knee_coordinate.y>
	<cim:SLD_Line.knee_coordinate.x>142</cim:SLD_Line.knee_coordinate.x>
	<cim:SLD_Line.knee_coordinate.y>170</cim:SLD_Line.knee_coordinate.y>
	<cim:SLD_Line.type>0</cim:SLD_Line.type>
	<cim:SLD_Line.color>16711680</cim:SLD_Line.color>
	<cim:SLD_Line.width>6</cim:SLD_Line.width>
	<cim:SLD_Line.tertiary_wndg_connection>1</cim:SLD_Line.tertiary_wndg_connection>
	<cim:SLD_Line.tran_nmb>0</cim:SLD_Line.tran_nmb>
	<cim:SLD_Line.First_CB>1</cim:SLD_Line.First_CB>
	<cim:SLD_Line.Second_CB>1</cim:SLD_Line.Second_CB>
	<cim:SLD_Line.H1_Offset>0</cim:SLD_Line.H1_Offset>
	<cim:SLD_Line.V1_Offset>0</cim:SLD_Line.V1_Offset>
	<cim:SLD_Line.H2_Offset>0</cim:SLD_Line.H2_Offset>
	<cim:SLD_Line.V2_Offset>0</cim:SLD_Line.V2_Offset>
	<cim:SLD_Line.NodeCode2>Node_G2</cim:SLD_Line.NodeCode2>
	<cim:SLD_Line.Node2 rdf:resource="#_6a269c84379a444c8e0367c58d4dac2a"/>
</cim:SLD_Line>
<cim:SLD_Line rdf:ID="_f8ac8e020d484c218273527ace204ab4">
	<cim:SLD_Line.nmb_of_knees>6</cim:SLD_Line.nmb_of_knees>
	<cim:SLD_Line.knee_coordinate.x>-326</cim:SLD_Line.knee_coordinate.x>
	<cim:SLD_Line.knee_coordinate.y>-182</cim:SLD_Line.knee_coordinate.y>
	<cim:SLD_Line.knee_coordinate.x>-326</cim:SLD_Line.knee_coordinate.x>
	<cim:SLD_Line.knee_coordinate.y>-222</cim:SLD_Line.knee_coordinate.y>
	<cim:SLD_Line.knee_coordinate.x>-325</cim:SLD_Line.knee_coordinate.x>
	<cim:SLD_Line.knee_coordinate.y>-267</cim:SLD_Line.knee_coordinate.y>
	<cim:SLD_Line.knee_coordinate.x>-145</cim:SLD_Line.knee_coordinate.x>
	<cim:SLD_Line.knee_coordinate.y>-267</cim:SLD_Line.knee_coordinate.y>
	<cim:SLD_Line.knee_coordinate.x>-147</cim:SLD_Line.knee_coordinate.x>
	<cim:SLD_Line.knee_coordinate.y>-105</cim:SLD_Line.knee_coordinate.y>
	<cim:SLD_Line.knee_coordinate.x>-147</cim:SLD_Line.knee_coordinate.x>
	<cim:SLD_Line.knee_coordinate.y>-65</cim:SLD_Line.knee_coordinate.y>
	<cim:SLD_Line.type>0</cim:SLD_Line.type>
	<cim:SLD_Line.color>255</cim:SLD_Line.color>
	<cim:SLD_Line.width>6</cim:SLD_Line.width>
	<cim:SLD_Line.tertiary_wndg_connection>0</cim:SLD_Line.tertiary_wndg_connection>
	<cim:SLD_Line.tran_nmb>-1</cim:SLD_Line.tran_nmb>
	<cim:SLD_Line.First_CB>1</cim:SLD_Line.First_CB>
	<cim:SLD_Line.Second_CB>1</cim:SLD_Line.Second_CB>
	<cim:SLD_Line.H1_Offset>0</cim:SLD_Line.H1_Offset>
	<cim:SLD_Line.V1_Offset>0</cim:SLD_Line.V1_Offset>
	<cim:SLD_Line.H2_Offset>0</cim:SLD_Line.H2_Offset>
	<cim:SLD_Line.V2_Offset>0</cim:SLD_Line.V2_Offset>
	<cim:SLD_Line.NodeCode1>SystemSw</cim:SLD_Line.NodeCode1>
	<cim:SLD_Line.NodeCode2>Node 1</cim:SLD_Line.NodeCode2>
	<cim:SLD_Line.ParIndex>1</cim:SLD_Line.ParIndex>
	<cim:SLD_Line.number>0</cim:SLD_Line.number>
	<cim:SLD_Line.Node1 rdf:resource="#_60331fa16b594d96ac54fa94cc7fcd32"/>
	<cim:SLD_Line.Node2 rdf:resource="#_d5e9dd47b8b243bdb1d549e0bb683302"/>
</cim:SLD_Line>
<cim:SLD_Line rdf:ID="_30a34b01cd064a1db7c93eda6feff273">
	<cim:SLD_Line.nmb_of_knees>6</cim:SLD_Line.nmb_of_knees>
	<cim:SLD_Line.knee_coordinate.x>-18</cim:SLD_Line.knee_coordinate.x>
	<cim:SLD_Line.knee_coordinate.y>-65</cim:SLD_Line.knee_coordinate.y>
	<cim:SLD_Line.knee_coordinate.x>-18</cim:SLD_Line.knee_coordinate.x>
	<cim:SLD_Line.knee_coordinate.y>-105</cim:SLD_Line.knee_coordinate.y>
	<cim:SLD_Line.knee_coordinate.x>-18</cim:SLD_Line.knee_coordinate.x>
	<cim:SLD_Line.knee_coordinate.y>-254</cim:SLD_Line.knee_coordinate.y>
	<cim:SLD_Line.knee_coordinate.x>801</cim:SLD_Line.knee_coordinate.x>
	<cim:SLD_Line.knee_coordinate.y>-251</cim:SLD_Line.knee_coordinate.y>
	<cim:SLD_Line.knee_coordinate.x>805</cim:SLD_Line.knee_coordinate.x>
	<cim:SLD_Line.knee_coordinate.y>-99</cim:SLD_Line.knee_coordinate.y>
	<cim:SLD_Line.knee_coordinate.x>805</cim:SLD_Line.knee_coordinate.x>
	<cim:SLD_Line.knee_coordinate.y>-59</cim:SLD_Line.knee_coordinate.y>
	<cim:SLD_Line.type>0</cim:SLD_Line.type>
	<cim:SLD_Line.color>255</cim:SLD_Line.color>
	<cim:SLD_Line.width>6</cim:SLD_Line.width>
	<cim:SLD_Line.tertiary_wndg_connection>0</cim:SLD_Line.tertiary_wndg_connection>
	<cim:SLD_Line.tran_nmb>-1</cim:SLD_Line.tran_nmb>
	<cim:SLD_Line.First_CB>1</cim:SLD_Line.First_CB>
	<cim:SLD_Line.Second_CB>1</cim:SLD_Line.Second_CB>
	<cim:SLD_Line.H1_Offset>0</cim:SLD_Line.H1_Offset>
	<cim:SLD_Line.V1_Offset>0</cim:SLD_Line.V1_Offset>
	<cim:SLD_Line.H2_Offset>0</cim:SLD_Line.H2_Offset>
	<cim:SLD_Line.V2_Offset>0</cim:SLD_Line.V2_Offset>
	<cim:SLD_Line.NodeCode1>Node 1</cim:SLD_Line.NodeCode1>
	<cim:SLD_Line.NodeCode2>Node 2</cim:SLD_Line.NodeCode2>
	<cim:SLD_Line.ParIndex>1</cim:SLD_Line.ParIndex>
	<cim:SLD_Line.number>1</cim:SLD_Line.number>
	<cim:SLD_Line.Node1 rdf:resource="#_d5e9dd47b8b243bdb1d549e0bb683302"/>
	<cim:SLD_Line.Node2 rdf:resource="#_813226dc0fab413cab924f3723d7e29f"/>
</cim:SLD_Line>
<cim:SLD_Line rdf:ID="_8643034e7e014d8bb793b5ca675a5fac">
	<cim:SLD_Line.nmb_of_knees>6</cim:SLD_Line.nmb_of_knees>
	<cim:SLD_Line.knee_coordinate.x>104</cim:SLD_Line.knee_coordinate.x>
	<cim:SLD_Line.knee_coordinate.y>-65</cim:SLD_Line.knee_coordinate.y>
	<cim:SLD_Line.knee_coordinate.x>104</cim:SLD_Line.knee_coordinate.x>
	<cim:SLD_Line.knee_coordinate.y>-105</cim:SLD_Line.knee_coordinate.y>
	<cim:SLD_Line.knee_coordinate.x>102</cim:SLD_Line.knee_coordinate.x>
	<cim:SLD_Line.knee_coordinate.y>-212</cim:SLD_Line.knee_coordinate.y>
	<cim:SLD_Line.knee_coordinate.x>637</cim:SLD_Line.knee_coordinate.x>
	<cim:SLD_Line.knee_coordinate.y>-211</cim:SLD_Line.knee_coordinate.y>
	<cim:SLD_Line.knee_coordinate.x>639</cim:SLD_Line.knee_coordinate.x>
	<cim:SLD_Line.knee_coordinate.y>-99</cim:SLD_Line.knee_coordinate.y>
	<cim:SLD_Line.knee_coordinate.x>639</cim:SLD_Line.knee_coordinate.x>
	<cim:SLD_Line.knee_coordinate.y>-59</cim:SLD_Line.knee_coordinate.y>
	<cim:SLD_Line.type>0</cim:SLD_Line.type>
	<cim:SLD_Line.color>255</cim:SLD_Line.color>
	<cim:SLD_Line.width>6</cim:SLD_Line.width>
	<cim:SLD_Line.tertiary_wndg_connection>0</cim:SLD_Line.tertiary_wndg_connection>
	<cim:SLD_Line.tran_nmb>-1</cim:SLD_Line.tran_nmb>
	<cim:SLD_Line.First_CB>1</cim:SLD_Line.First_CB>
	<cim:SLD_Line.Second_CB>1</cim:SLD_Line.Second_CB>
	<cim:SLD_Line.H1_Offset>0</cim:SLD_Line.H1_Offset>
	<cim:SLD_Line.V1_Offset>0</cim:SLD_Line.V1_Offset>
	<cim:SLD_Line.H2_Offset>0</cim:SLD_Line.H2_Offset>
	<cim:SLD_Line.V2_Offset>0</cim:SLD_Line.V2_Offset>
	<cim:SLD_Line.NodeCode1>Node 1</cim:SLD_Line.NodeCode1>
	<cim:SLD_Line.NodeCode2>Node 2</cim:SLD_Line.NodeCode2>
	<cim:SLD_Line.ParIndex>2</cim:SLD_Line.ParIndex>
	<cim:SLD_Line.number>2</cim:SLD_Line.number>
	<cim:SLD_Line.Node1 rdf:resource="#_d5e9dd47b8b243bdb1d549e0bb683302"/>
	<cim:SLD_Line.Node2 rdf:resource="#_813226dc0fab413cab924f3723d7e29f"/>
</cim:SLD_Line>
<cim:SLD_Line rdf:ID="_66a26960960549b2add3fc584e83e16a">
	<cim:SLD_Line.nmb_of_knees>4</cim:SLD_Line.nmb_of_knees>
	<cim:SLD_Line.knee_coordinate.x>609</cim:SLD_Line.knee_coordinate.x>
	<cim:SLD_Line.knee_coordinate.y>-59</cim:SLD_Line.knee_coordinate.y>
	<cim:SLD_Line.knee_coordinate.x>609</cim:SLD_Line.knee_coordinate.x>
	<cim:SLD_Line.knee_coordinate.y>-19</cim:SLD_Line.knee_coordinate.y>
	<cim:SLD_Line.knee_coordinate.x>615</cim:SLD_Line.knee_coordinate.x>
	<cim:SLD_Line.knee_coordinate.y>160</cim:SLD_Line.knee_coordinate.y>
	<cim:SLD_Line.knee_coordinate.x>615</cim:SLD_Line.knee_coordinate.x>
	<cim:SLD_Line.knee_coordinate.y>200</cim:SLD_Line.knee_coordinate.y>
	<cim:SLD_Line.type>0</cim:SLD_Line.type>
	<cim:SLD_Line.color>255</cim:SLD_Line.color>
	<cim:SLD_Line.width>6</cim:SLD_Line.width>
	<cim:SLD_Line.tertiary_wndg_connection>0</cim:SLD_Line.tertiary_wndg_connection>
	<cim:SLD_Line.tran_nmb>-1</cim:SLD_Line.tran_nmb>
	<cim:SLD_Line.First_CB>1</cim:SLD_Line.First_CB>
	<cim:SLD_Line.Second_CB>1</cim:SLD_Line.Second_CB>
	<cim:SLD_Line.H1_Offset>0</cim:SLD_Line.H1_Offset>
	<cim:SLD_Line.V1_Offset>0</cim:SLD_Line.V1_Offset>
	<cim:SLD_Line.H2_Offset>0</cim:SLD_Line.H2_Offset>
	<cim:SLD_Line.V2_Offset>0</cim:SLD_Line.V2_Offset>
	<cim:SLD_Line.NodeCode1>Node 2</cim:SLD_Line.NodeCode1>
	<cim:SLD_Line.NodeCode2>Node 3</cim:SLD_Line.NodeCode2>
	<cim:SLD_Line.ParIndex>1</cim:SLD_Line.ParIndex>
	<cim:SLD_Line.number>3</cim:SLD_Line.number>
	<cim:SLD_Line.Node1 rdf:resource="#_813226dc0fab413cab924f3723d7e29f"/>
	<cim:SLD_Line.Node2 rdf:resource="#_bfd826929b1241e8a51dc5ff253cd5b5"/>
</cim:SLD_Line>
<cim:SLD_Line rdf:ID="_6550b04da23f4affacc5c21e37df2b59">
	<cim:SLD_Line.nmb_of_knees>8</cim:SLD_Line.nmb_of_knees>
	<cim:SLD_Line.knee_coordinate.x>763</cim:SLD_Line.knee_coordinate.x>
	<cim:SLD_Line.knee_coordinate.y>397</cim:SLD_Line.knee_coordinate.y>
	<cim:SLD_Line.knee_coordinate.x>763</cim:SLD_Line.knee_coordinate.x>
	<cim:SLD_Line.knee_coordinate.y>357</cim:SLD_Line.knee_coordinate.y>
	<cim:SLD_Line.knee_coordinate.x>765</cim:SLD_Line.knee_coordinate.x>
	<cim:SLD_Line.knee_coordinate.y>327</cim:SLD_Line.knee_coordinate.y>
	<cim:SLD_Line.knee_coordinate.x>974</cim:SLD_Line.knee_coordinate.x>
	<cim:SLD_Line.knee_coordinate.y>274</cim:SLD_Line.knee_coordinate.y>
	<cim:SLD_Line.knee_coordinate.x>977</cim:SLD_Line.knee_coordinate.x>
	<cim:SLD_Line.knee_coordinate.y>100</cim:SLD_Line.knee_coordinate.y>
	<cim:SLD_Line.knee_coordinate.x>1106</cim:SLD_Line.knee_coordinate.x>
	<cim:SLD_Line.knee_coordinate.y>98</cim:SLD_Line.knee_coordinate.y>
	<cim:SLD_Line.knee_coordinate.x>1106</cim:SLD_Line.knee_coordinate.x>
	<cim:SLD_Line.knee_coordinate.y>129</cim:SLD_Line.knee_coordinate.y>
	<cim:SLD_Line.knee_coordinate.x>1106</cim:SLD_Line.knee_coordinate.x>
	<cim:SLD_Line.knee_coordinate.y>169</cim:SLD_Line.knee_coordinate.y>
	<cim:SLD_Line.type>0</cim:SLD_Line.type>
	<cim:SLD_Line.color>0</cim:SLD_Line.color>
	<cim:SLD_Line.width>4</cim:SLD_Line.width>
	<cim:SLD_Line.tertiary_wndg_connection>0</cim:SLD_Line.tertiary_wndg_connection>
	<cim:SLD_Line.tran_nmb>-1</cim:SLD_Line.tran_nmb>
	<cim:SLD_Line.First_CB>1</cim:SLD_Line.First_CB>
	<cim:SLD_Line.Second_CB>1</cim:SLD_Line.Second_CB>
	<cim:SLD_Line.H1_Offset>0</cim:SLD_Line.H1_Offset>
	<cim:SLD_Line.V1_Offset>0</cim:SLD_Line.V1_Offset>
	<cim:SLD_Line.H2_Offset>0</cim:SLD_Line.H2_Offset>
	<cim:SLD_Line.V2_Offset>0</cim:SLD_Line.V2_Offset>
	<cim:SLD_Line.NodeCode1>Node3_11</cim:SLD_Line.NodeCode1>
	<cim:SLD_Line.NodeCode2>Node 5</cim:SLD_Line.NodeCode2>
	<cim:SLD_Line.ParIndex>1</cim:SLD_Line.ParIndex>
	<cim:SLD_Line.number>4</cim:SLD_Line.number>
	<cim:SLD_Line.Node1 rdf:resource="#_154bf9577e5349a1ac00fadcb22178e2"/>
	<cim:SLD_Line.Node2 rdf:resource="#_b920da79219d4679b8255498bfe444dc"/>
</cim:SLD_Line>
<cim:SLD_Tran rdf:ID="_e26adf1eb1fc43e9b5d2388d87f3eb22">
	<cim:SLD_Tran.knee_coordinate.x>-71</cim:SLD_Tran.knee_coordinate.x>
	<cim:SLD_Tran.knee_coordinate.y>-65</cim:SLD_Tran.knee_coordinate.y>
	<cim:SLD_Tran.knee_coordinate.x>-71</cim:SLD_Tran.knee_coordinate.x>
	<cim:SLD_Tran.knee_coordinate.y>-35</cim:SLD_Tran.knee_coordinate.y>
	<cim:SLD_Tran.knee_coordinate.x>-71</cim:SLD_Tran.knee_coordinate.x>
	<cim:SLD_Tran.knee_coordinate.y>138</cim:SLD_Tran.knee_coordinate.y>
	<cim:SLD_Tran.knee_coordinate.x>-71</cim:SLD_Tran.knee_coordinate.x>
	<cim:SLD_Tran.knee_coordinate.y>168</cim:SLD_Tran.knee_coordinate.y>
	<cim:SLD_Tran_three_wndg_tran>1</cim:SLD_Tran_three_wndg_tran>
	<cim:SLD_Tran_primary_wndg.color>255</cim:SLD_Tran_primary_wndg.color>
	<cim:SLD_Tran_primary_wndg.width>6</cim:SLD_Tran_primary_wndg.width>
	<cim:SLD_Tran_secondary_wndg.color>16711680</cim:SLD_Tran_secondary_wndg.color>
	<cim:SLD_Tran_secondary_wndg.width>6</cim:SLD_Tran_secondary_wndg.width>
	<cim:SLD_Tran_tertiary_wndg.color>16711680</cim:SLD_Tran_tertiary_wndg.color>
	<cim:SLD_Tran_tertiary_wndg.width>6</cim:SLD_Tran_tertiary_wndg.width>
	<cim:SLD_Tran.First_CB>1</cim:SLD_Tran.First_CB>
	<cim:SLD_Tran.Second_CB>1</cim:SLD_Tran.Second_CB>
	<cim:SLD_Tran.NodeCode1>Node 1</cim:SLD_Tran.NodeCode1>
	<cim:SLD_Tran.NodeCode2>Node_G1</cim:SLD_Tran.NodeCode2>
	<cim:SLD_Tran.NodeCode3>Node_G2</cim:SLD_Tran.NodeCode3>
	<cim:SLD_Tran.ParIndex>1</cim:SLD_Tran.ParIndex>
	<cim:SLD_Tran.Number>0</cim:SLD_Tran.Number>
	<cim:SLD_Tran.CircleDiameter>40</cim:SLD_Tran.CircleDiameter>
	<cim:SLD_Tran.H1_Offset>0</cim:SLD_Tran.H1_Offset>
	<cim:SLD_Tran.V1_Offset>0</cim:SLD_Tran.V1_Offset>
	<cim:SLD_Tran.H2_Offset>0</cim:SLD_Tran.H2_Offset>
	<cim:SLD_Tran.V2_Offset>0</cim:SLD_Tran.V2_Offset>
	<cim:SLD_Tran.H3_Offset>0</cim:SLD_Tran.H3_Offset>
	<cim:SLD_Tran.V3_Offset>0</cim:SLD_Tran.V3_Offset>
</cim:SLD_Tran>
<cim:SLD_Tran rdf:ID="_9c74c347831543f0a260facfb42728d6">
	<cim:SLD_Tran.knee_coordinate.x>675</cim:SLD_Tran.knee_coordinate.x>
	<cim:SLD_Tran.knee_coordinate.y>200</cim:SLD_Tran.knee_coordinate.y>
	<cim:SLD_Tran.knee_coordinate.x>675</cim:SLD_Tran.knee_coordinate.x>
	<cim:SLD_Tran.knee_coordinate.y>230</cim:SLD_Tran.knee_coordinate.y>
	<cim:SLD_Tran.knee_coordinate.x>675</cim:SLD_Tran.knee_coordinate.x>
	<cim:SLD_Tran.knee_coordinate.y>367</cim:SLD_Tran.knee_coordinate.y>
	<cim:SLD_Tran.knee_coordinate.x>675</cim:SLD_Tran.knee_coordinate.x>
	<cim:SLD_Tran.knee_coordinate.y>397</cim:SLD_Tran.knee_coordinate.y>
	<cim:SLD_Tran_three_wndg_tran>0</cim:SLD_Tran_three_wndg_tran>
	<cim:SLD_Tran_primary_wndg.color>255</cim:SLD_Tran_primary_wndg.color>
	<cim:SLD_Tran_primary_wndg.width>6</cim:SLD_Tran_primary_wndg.width>
	<cim:SLD_Tran_secondary_wndg.color>0</cim:SLD_Tran_secondary_wndg.color>
	<cim:SLD_Tran_secondary_wndg.width>4</cim:SLD_Tran_secondary_wndg.width>
	<cim:SLD_Tran.First_CB>1</cim:SLD_Tran.First_CB>
	<cim:SLD_Tran.Second_CB>1</cim:SLD_Tran.Second_CB>
	<cim:SLD_Tran.NodeCode1>Node 3</cim:SLD_Tran.NodeCode1>
	<cim:SLD_Tran.NodeCode2>Node3_11</cim:SLD_Tran.NodeCode2>
	<cim:SLD_Tran.ParIndex>1</cim:SLD_Tran.ParIndex>
	<cim:SLD_Tran.Number>1</cim:SLD_Tran.Number>
	<cim:SLD_Tran.CircleDiameter>40</cim:SLD_Tran.CircleDiameter>
	<cim:SLD_Tran.H1_Offset>0</cim:SLD_Tran.H1_Offset>
	<cim:SLD_Tran.V1_Offset>-10</cim:SLD_Tran.V1_Offset>
	<cim:SLD_Tran.H2_Offset>0</cim:SLD_Tran.H2_Offset>
	<cim:SLD_Tran.V2_Offset>10</cim:SLD_Tran.V2_Offset>
	<cim:SLD_Tran.H3_Offset>0</cim:SLD_Tran.H3_Offset>
	<cim:SLD_Tran.V3_Offset>0</cim:SLD_Tran.V3_Offset>
</cim:SLD_Tran>
<cim:SLD_Tran rdf:ID="_f018a344e635435e88b3f9d173918845">
	<cim:SLD_Tran.knee_coordinate.x>1082</cim:SLD_Tran.knee_coordinate.x>
	<cim:SLD_Tran.knee_coordinate.y>169</cim:SLD_Tran.knee_coordinate.y>
	<cim:SLD_Tran.knee_coordinate.x>1082</cim:SLD_Tran.knee_coordinate.x>
	<cim:SLD_Tran.knee_coordinate.y>199</cim:SLD_Tran.knee_coordinate.y>
	<cim:SLD_Tran.knee_coordinate.x>1082</cim:SLD_Tran.knee_coordinate.x>
	<cim:SLD_Tran.knee_coordinate.y>303</cim:SLD_Tran.knee_coordinate.y>
	<cim:SLD_Tran.knee_coordinate.x>1082</cim:SLD_Tran.knee_coordinate.x>
	<cim:SLD_Tran.knee_coordinate.y>333</cim:SLD_Tran.knee_coordinate.y>
	<cim:SLD_Tran_three_wndg_tran>0</cim:SLD_Tran_three_wndg_tran>
	<cim:SLD_Tran_primary_wndg.color>0</cim:SLD_Tran_primary_wndg.color>
	<cim:SLD_Tran_primary_wndg.width>4</cim:SLD_Tran_primary_wndg.width>
	<cim:SLD_Tran_secondary_wndg.color>8421504</cim:SLD_Tran_secondary_wndg.color>
	<cim:SLD_Tran_secondary_wndg.width>4</cim:SLD_Tran_secondary_wndg.width>
	<cim:SLD_Tran.First_CB>1</cim:SLD_Tran.First_CB>
	<cim:SLD_Tran.Second_CB>1</cim:SLD_Tran.Second_CB>
	<cim:SLD_Tran.NodeCode1>Node 5</cim:SLD_Tran.NodeCode1>
	<cim:SLD_Tran.NodeCode2>G3</cim:SLD_Tran.NodeCode2>
	<cim:SLD_Tran.ParIndex>1</cim:SLD_Tran.ParIndex>
	<cim:SLD_Tran.Number>2</cim:SLD_Tran.Number>
	<cim:SLD_Tran.CircleDiameter>34</cim:SLD_Tran.CircleDiameter>
	<cim:SLD_Tran.H1_Offset>0</cim:SLD_Tran.H1_Offset>
	<cim:SLD_Tran.V1_Offset>0</cim:SLD_Tran.V1_Offset>
	<cim:SLD_Tran.H2_Offset>0</cim:SLD_Tran.H2_Offset>
	<cim:SLD_Tran.V2_Offset>0</cim:SLD_Tran.V2_Offset>
	<cim:SLD_Tran.H3_Offset>0</cim:SLD_Tran.H3_Offset>
	<cim:SLD_Tran.V3_Offset>0</cim:SLD_Tran.V3_Offset>
</cim:SLD_Tran>
<cim:SLD_Tran rdf:ID="_d545a63ebd194478a831947cef2aa061">
	<cim:SLD_Tran.knee_coordinate.x>1266</cim:SLD_Tran.knee_coordinate.x>
	<cim:SLD_Tran.knee_coordinate.y>169</cim:SLD_Tran.knee_coordinate.y>
	<cim:SLD_Tran.knee_coordinate.x>1266</cim:SLD_Tran.knee_coordinate.x>
	<cim:SLD_Tran.knee_coordinate.y>199</cim:SLD_Tran.knee_coordinate.y>
	<cim:SLD_Tran.knee_coordinate.x>1266</cim:SLD_Tran.knee_coordinate.x>
	<cim:SLD_Tran.knee_coordinate.y>301</cim:SLD_Tran.knee_coordinate.y>
	<cim:SLD_Tran.knee_coordinate.x>1266</cim:SLD_Tran.knee_coordinate.x>
	<cim:SLD_Tran.knee_coordinate.y>331</cim:SLD_Tran.knee_coordinate.y>
	<cim:SLD_Tran_three_wndg_tran>0</cim:SLD_Tran_three_wndg_tran>
	<cim:SLD_Tran_primary_wndg.color>0</cim:SLD_Tran_primary_wndg.color>
	<cim:SLD_Tran_primary_wndg.width>4</cim:SLD_Tran_primary_wndg.width>
	<cim:SLD_Tran_secondary_wndg.color>32766</cim:SLD_Tran_secondary_wndg.color>
	<cim:SLD_Tran_secondary_wndg.width>4</cim:SLD_Tran_secondary_wndg.width>
	<cim:SLD_Tran.First_CB>1</cim:SLD_Tran.First_CB>
	<cim:SLD_Tran.Second_CB>1</cim:SLD_Tran.Second_CB>
	<cim:SLD_Tran.NodeCode1>Node 5</cim:SLD_Tran.NodeCode1>
	<cim:SLD_Tran.NodeCode2>Node 6</cim:SLD_Tran.NodeCode2>
	<cim:SLD_Tran.ParIndex>1</cim:SLD_Tran.ParIndex>
	<cim:SLD_Tran.Number>3</cim:SLD_Tran.Number>
	<cim:SLD_Tran.CircleDiameter>30</cim:SLD_Tran.CircleDiameter>
	<cim:SLD_Tran.H1_Offset>0</cim:SLD_Tran.H1_Offset>
	<cim:SLD_Tran.V1_Offset>0</cim:SLD_Tran.V1_Offset>
	<cim:SLD_Tran.H2_Offset>0</cim:SLD_Tran.H2_Offset>
	<cim:SLD_Tran.V2_Offset>0</cim:SLD_Tran.V2_Offset>
	<cim:SLD_Tran.H3_Offset>0</cim:SLD_Tran.H3_Offset>
	<cim:SLD_Tran.V3_Offset>0</cim:SLD_Tran.V3_Offset>
</cim:SLD_Tran>
<cim:SLD_Generator rdf:ID="_3cca41641f2f4efc97ea8d1513590c7c">
	<cim:SLD_Generator.x_coordinate>-65</cim:SLD_Generator.x_coordinate>
	<cim:SLD_Generator.y_coordinate>205</cim:SLD_Generator.y_coordinate>
	<cim:SLD_Generator.radius>30</cim:SLD_Generator.radius>
	<cim:SLD_Generator.width>1</cim:SLD_Generator.width>
	<cim:SLD_Generator.color>16744576</cim:SLD_Generator.color>
	<cim:SLD_Generator.border_color>0</cim:SLD_Generator.border_color>
	<cim:SLD_Generator.number_of_element>0</cim:SLD_Generator.number_of_element>
	<cim:SLD_Generator.number_of_node>2</cim:SLD_Generator.number_of_node>
	<cim:SLD_Generator.already_drawn>1</cim:SLD_Generator.already_drawn>
	<cim:SLD_Generator.CB>1</cim:SLD_Generator.CB>
</cim:SLD_Generator>
<cim:SLD_Generator rdf:ID="_59a2c9e3c51c418b893763566afbcb78">
	<cim:SLD_Generator.x_coordinate>151</cim:SLD_Generator.x_coordinate>
	<cim:SLD_Generator.y_coordinate>207</cim:SLD_Generator.y_coordinate>
	<cim:SLD_Generator.radius>30</cim:SLD_Generator.radius>
	<cim:SLD_Generator.width>1</cim:SLD_Generator.width>
	<cim:SLD_Generator.color>16744576</cim:SLD_Generator.color>
	<cim:SLD_Generator.border_color>0</cim:SLD_Generator.border_color>
	<cim:SLD_Generator.number_of_element>1</cim:SLD_Generator.number_of_element>
	<cim:SLD_Generator.number_of_node>3</cim:SLD_Generator.number_of_node>
	<cim:SLD_Generator.already_drawn>1</cim:SLD_Generator.already_drawn>
	<cim:SLD_Generator.CB>1</cim:SLD_Generator.CB>
</cim:SLD_Generator>
<cim:SLD_Generator rdf:ID="_5ce73aaf37264e118beacea7992888a1">
	<cim:SLD_Generator.x_coordinate>1103</cim:SLD_Generator.x_coordinate>
	<cim:SLD_Generator.y_coordinate>371</cim:SLD_Generator.y_coordinate>
	<cim:SLD_Generator.radius>20</cim:SLD_Generator.radius>
	<cim:SLD_Generator.width>1</cim:SLD_Generator.width>
	<cim:SLD_Generator.color>12632256</cim:SLD_Generator.color>
	<cim:SLD_Generator.border_color>0</cim:SLD_Generator.border_color>
	<cim:SLD_Generator.number_of_element>2</cim:SLD_Generator.number_of_element>
	<cim:SLD_Generator.number_of_node>8</cim:SLD_Generator.number_of_node>
	<cim:SLD_Generator.already_drawn>1</cim:SLD_Generator.already_drawn>
	<cim:SLD_Generator.CB>1</cim:SLD_Generator.CB>
</cim:SLD_Generator>
<cim:SLD_Generator rdf:ID="_f83ab2a62499483f93f9b3929c364ce8">
	<cim:SLD_Generator.x_coordinate>1322</cim:SLD_Generator.x_coordinate>
	<cim:SLD_Generator.y_coordinate>369</cim:SLD_Generator.y_coordinate>
	<cim:SLD_Generator.radius>20</cim:SLD_Generator.radius>
	<cim:SLD_Generator.width>1</cim:SLD_Generator.width>
	<cim:SLD_Generator.color>2162464</cim:SLD_Generator.color>
	<cim:SLD_Generator.border_color>0</cim:SLD_Generator.border_color>
	<cim:SLD_Generator.number_of_element>3</cim:SLD_Generator.number_of_element>
	<cim:SLD_Generator.number_of_node>9</cim:SLD_Generator.number_of_node>
	<cim:SLD_Generator.already_drawn>1</cim:SLD_Generator.already_drawn>
	<cim:SLD_Generator.CB>0</cim:SLD_Generator.CB>
</cim:SLD_Generator>
<cim:SLD_ExternalSystem rdf:ID="_8364e6c1d5a14980883ff337de46e93e">
	<cim:SLD_ExternalSystem.x_coordinate>-391</cim:SLD_ExternalSystem.x_coordinate>
	<cim:SLD_ExternalSystem.y_coordinate>-145</cim:SLD_ExternalSystem.y_coordinate>
	<cim:SLD_ExternalSystem.a_side>50</cim:SLD_ExternalSystem.a_side>
	<cim:SLD_ExternalSystem.b_side>50</cim:SLD_ExternalSystem.b_side>
	<cim:SLD_ExternalSystem.width>1</cim:SLD_ExternalSystem.width>
	<cim:SLD_ExternalSystem.color>65535</cim:SLD_ExternalSystem.color>
	<cim:SLD_ExternalSystem.border_color>0</cim:SLD_ExternalSystem.border_color>
	<cim:SLD_ExternalSystem.number_of_element>0</cim:SLD_ExternalSystem.number_of_element>
	<cim:SLD_ExternalSystem.number_of_node>1</cim:SLD_ExternalSystem.number_of_node>
	<cim:SLD_ExternalSystem.already_drawn>1</cim:SLD_ExternalSystem.already_drawn>
	<cim:SLD_ExternalSystem.CB>1</cim:SLD_ExternalSystem.CB>
</cim:SLD_ExternalSystem>
<cim:SLD_Load rdf:ID="_22eca48d25c1439ca8e01d399fc178e2">
	<cim:SLD_Load.x_coordinate>709</cim:SLD_Load.x_coordinate>
	<cim:SLD_Load.y_coordinate>-22</cim:SLD_Load.y_coordinate>
	<cim:SLD_Load.triangle_side>40</cim:SLD_Load.triangle_side>
	<cim:SLD_Load.width>1</cim:SLD_Load.width>
	<cim:SLD_Load.color>255</cim:SLD_Load.color>
	<cim:SLD_Load.border_color>0</cim:SLD_Load.border_color>
	<cim:SLD_Load.number_of_element>0</cim:SLD_Load.number_of_element>
	<cim:SLD_Load.number_of_node>4</cim:SLD_Load.number_of_node>
	<cim:SLD_Load.already_drawn>1</cim:SLD_Load.already_drawn>
	<cim:SLD_Load.CB>1</cim:SLD_Load.CB>
</cim:SLD_Load>
<cim:SLD_Load rdf:ID="_d10d51849df948bba474fe4c65dba262">
	<cim:SLD_Load.x_coordinate>697</cim:SLD_Load.x_coordinate>
	<cim:SLD_Load.y_coordinate>435</cim:SLD_Load.y_coordinate>
	<cim:SLD_Load.triangle_side>34</cim:SLD_Load.triangle_side>
	<cim:SLD_Load.width>1</cim:SLD_Load.width>
	<cim:SLD_Load.color>255</cim:SLD_Load.color>
	<cim:SLD_Load.border_color>0</cim:SLD_Load.border_color>
	<cim:SLD_Load.number_of_element>1</cim:SLD_Load.number_of_element>
	<cim:SLD_Load.number_of_node>6</cim:SLD_Load.number_of_node>
	<cim:SLD_Load.already_drawn>1</cim:SLD_Load.already_drawn>
	<cim:SLD_Load.CB>1</cim:SLD_Load.CB>
</cim:SLD_Load>
<cim:SystemFrequency rdf:ID="_36c3a28832b94a9e88ae93b8ccf3d983">
	<cim:SystemFrequency.Color>0</cim:SystemFrequency.Color>
	<cim:SystemFrequency.Thickness>1</cim:SystemFrequency.Thickness>
	<cim:SystemFrequency.Range>2.000000</cim:SystemFrequency.Range>
</cim:SystemFrequency>
<cim:DrawGraph rdf:ID="_e98eb0a16d9647439e131355cfbdb448">
	<cim:DrawGraph.window_title>Graphs-1</cim:DrawGraph.window_title>
	<cim:DrawGraph.nmb_of_graphs>1</cim:DrawGraph.nmb_of_graphs>
	<cim:DrawGraph.nmb_of_items>4003</cim:DrawGraph.nmb_of_items>
	<cim:DrawGraph.TimeGraph.nmb_of_quantities>2</cim:DrawGraph.TimeGraph.nmb_of_quantities>
	<cim:DrawGraph.TimeGraph.Y_scale_ratio>0.500000</cim:DrawGraph.TimeGraph.Y_scale_ratio>
	<cim:DrawGraph.TimeGraph.BasePower>200.000000</cim:DrawGraph.TimeGraph.BasePower>
	<cim:DrawGraph.TimeGraph.DisplayCurrentAbsoluteValue>0</cim:DrawGraph.TimeGraph.DisplayCurrentAbsoluteValue>
	<cim:DrawGraph.TimeGraph.Quantity>0</cim:DrawGraph.TimeGraph.Quantity>
	<cim:DrawGraph.TimeGraph.ElementType>0</cim:DrawGraph.TimeGraph.ElementType>
	<cim:DrawGraph.TimeGraph.ElementNumber>0</cim:DrawGraph.TimeGraph.ElementNumber>
	<cim:DrawGraph.TimeGraph.ElementUniqueNumber>0</cim:DrawGraph.TimeGraph.ElementUniqueNumber>
	<cim:DrawGraph.TimeGraph.Color>16711680</cim:DrawGraph.TimeGraph.Color>
	<cim:DrawGraph.TimeGraph.Thickness>2</cim:DrawGraph.TimeGraph.Thickness>
	<cim:DrawGraph.TimeGraph.FixNamePosition>0</cim:DrawGraph.TimeGraph.FixNamePosition>
	<cim:DrawGraph.TimeGraph.Quantity>2</cim:DrawGraph.TimeGraph.Quantity>
	<cim:DrawGraph.TimeGraph.ElementType>0</cim:DrawGraph.TimeGraph.ElementType>
	<cim:DrawGraph.TimeGraph.ElementNumber>0</cim:DrawGraph.TimeGraph.ElementNumber>
	<cim:DrawGraph.TimeGraph.ElementUniqueNumber>0</cim:DrawGraph.TimeGraph.ElementUniqueNumber>
	<cim:DrawGraph.TimeGraph.Color>0</cim:DrawGraph.TimeGraph.Color>
	<cim:DrawGraph.TimeGraph.Thickness>2</cim:DrawGraph.TimeGraph.Thickness>
	<cim:DrawGraph.TimeGraph.FixNamePosition>0</cim:DrawGraph.TimeGraph.FixNamePosition>
	<cim:DrawGraph.TimeGraph.QuantityPhase>0</cim:DrawGraph.TimeGraph.QuantityPhase>
	<cim:DrawGraph.TimeGraph.nmb_of_quantities>2</cim:DrawGraph.TimeGraph.nmb_of_quantities>
	<cim:DrawGraph.TimeGraph.Y_scale_ratio>0.500000</cim:DrawGraph.TimeGraph.Y_scale_ratio>
	<cim:DrawGraph.TimeGraph.BasePower>100.000000</cim:DrawGraph.TimeGraph.BasePower>
	<cim:DrawGraph.TimeGraph.DisplayCurrentAbsoluteValue>0</cim:DrawGraph.TimeGraph.DisplayCurrentAbsoluteValue>
	<cim:DrawGraph.TimeGraph.Quantity>0</cim:DrawGraph.TimeGraph.Quantity>
	<cim:DrawGraph.TimeGraph.ElementType>0</cim:DrawGraph.TimeGraph.ElementType>
	<cim:DrawGraph.TimeGraph.ElementNumber>1</cim:DrawGraph.TimeGraph.ElementNumber>
	<cim:DrawGraph.TimeGraph.ElementUniqueNumber>1</cim:DrawGraph.TimeGraph.ElementUniqueNumber>
	<cim:DrawGraph.TimeGraph.Color>32896</cim:DrawGraph.TimeGraph.Color>
	<cim:DrawGraph.TimeGraph.Thickness>2</cim:DrawGraph.TimeGraph.Thickness>
	<cim:DrawGraph.TimeGraph.FixNamePosition>0</cim:DrawGraph.TimeGraph.FixNamePosition>
	<cim:DrawGraph.TimeGraph.Quantity>2</cim:DrawGraph.TimeGraph.Quantity>
	<cim:DrawGraph.TimeGraph.ElementType>0</cim:DrawGraph.TimeGraph.ElementType>
	<cim:DrawGraph.TimeGraph.ElementNumber>1</cim:DrawGraph.TimeGraph.ElementNumber>
	<cim:DrawGraph.TimeGraph.ElementUniqueNumber>1</cim:DrawGraph.TimeGraph.ElementUniqueNumber>
	<cim:DrawGraph.TimeGraph.Color>0</cim:DrawGraph.TimeGraph.Color>
	<cim:DrawGraph.TimeGraph.Thickness>2</cim:DrawGraph.TimeGraph.Thickness>
	<cim:DrawGraph.TimeGraph.FixNamePosition>0</cim:DrawGraph.TimeGraph.FixNamePosition>
	<cim:DrawGraph.TimeGraph.QuantityPhase>0</cim:DrawGraph.TimeGraph.QuantityPhase>
</cim:DrawGraph>
<cim:DrawGraph rdf:ID="_f45ad480fa6844a4a8124334ae52e946">
	<cim:DrawGraph.window_title>Graphs-2</cim:DrawGraph.window_title>
	<cim:DrawGraph.nmb_of_graphs>2</cim:DrawGraph.nmb_of_graphs>
	<cim:DrawGraph.nmb_of_items>4003</cim:DrawGraph.nmb_of_items>
	<cim:DrawGraph.TimeGraph.nmb_of_quantities>1</cim:DrawGraph.TimeGraph.nmb_of_quantities>
	<cim:DrawGraph.TimeGraph.Y_scale_ratio>0.833333</cim:DrawGraph.TimeGraph.Y_scale_ratio>
	<cim:DrawGraph.TimeGraph.BasePower>100.000000</cim:DrawGraph.TimeGraph.BasePower>
	<cim:DrawGraph.TimeGraph.DisplayCurrentAbsoluteValue>0</cim:DrawGraph.TimeGraph.DisplayCurrentAbsoluteValue>
	<cim:DrawGraph.TimeGraph.Quantity>0</cim:DrawGraph.TimeGraph.Quantity>
	<cim:DrawGraph.TimeGraph.ElementType>1</cim:DrawGraph.TimeGraph.ElementType>
	<cim:DrawGraph.TimeGraph.ElementNumber>4</cim:DrawGraph.TimeGraph.ElementNumber>
	<cim:DrawGraph.TimeGraph.ElementUniqueNumber>4</cim:DrawGraph.TimeGraph.ElementUniqueNumber>
	<cim:DrawGraph.TimeGraph.Color>0</cim:DrawGraph.TimeGraph.Color>
	<cim:DrawGraph.TimeGraph.Thickness>2</cim:DrawGraph.TimeGraph.Thickness>
	<cim:DrawGraph.TimeGraph.FixNamePosition>0</cim:DrawGraph.TimeGraph.FixNamePosition>
	<cim:DrawGraph.TimeGraph.QuantityPhase>0</cim:DrawGraph.TimeGraph.QuantityPhase>
	<cim:DrawGraph.TimeGraph.nmb_of_quantities>1</cim:DrawGraph.TimeGraph.nmb_of_quantities>
	<cim:DrawGraph.TimeGraph.Y_scale_ratio>0.250000</cim:DrawGraph.TimeGraph.Y_scale_ratio>
	<cim:DrawGraph.TimeGraph.BasePower>100.000000</cim:DrawGraph.TimeGraph.BasePower>
	<cim:DrawGraph.TimeGraph.DisplayCurrentAbsoluteValue>0</cim:DrawGraph.TimeGraph.DisplayCurrentAbsoluteValue>
	<cim:DrawGraph.TimeGraph.Quantity>4</cim:DrawGraph.TimeGraph.Quantity>
	<cim:DrawGraph.TimeGraph.ElementType>0</cim:DrawGraph.TimeGraph.ElementType>
	<cim:DrawGraph.TimeGraph.ElementNumber>0</cim:DrawGraph.TimeGraph.ElementNumber>
	<cim:DrawGraph.TimeGraph.ElementUniqueNumber>0</cim:DrawGraph.TimeGraph.ElementUniqueNumber>
	<cim:DrawGraph.TimeGraph.Color>255</cim:DrawGraph.TimeGraph.Color>
	<cim:DrawGraph.TimeGraph.Thickness>2</cim:DrawGraph.TimeGraph.Thickness>
	<cim:DrawGraph.TimeGraph.FixNamePosition>0</cim:DrawGraph.TimeGraph.FixNamePosition>
	<cim:DrawGraph.TimeGraph.nmb_of_quantities>2</cim:DrawGraph.TimeGraph.nmb_of_quantities>
	<cim:DrawGraph.TimeGraph.Y_scale_ratio>0.400000</cim:DrawGraph.TimeGraph.Y_scale_ratio>
	<cim:DrawGraph.TimeGraph.BasePower>100.000000</cim:DrawGraph.TimeGraph.BasePower>
	<cim:DrawGraph.TimeGraph.DisplayCurrentAbsoluteValue>0</cim:DrawGraph.TimeGraph.DisplayCurrentAbsoluteValue>
	<cim:DrawGraph.TimeGraph.Quantity>4</cim:DrawGraph.TimeGraph.Quantity>
	<cim:DrawGraph.TimeGraph.ElementType>0</cim:DrawGraph.TimeGraph.ElementType>
	<cim:DrawGraph.TimeGraph.ElementNumber>2</cim:DrawGraph.TimeGraph.ElementNumber>
	<cim:DrawGraph.TimeGraph.ElementUniqueNumber>2</cim:DrawGraph.TimeGraph.ElementUniqueNumber>
	<cim:DrawGraph.TimeGraph.Color>32896</cim:DrawGraph.TimeGraph.Color>
	<cim:DrawGraph.TimeGraph.Thickness>2</cim:DrawGraph.TimeGraph.Thickness>
	<cim:DrawGraph.TimeGraph.FixNamePosition>0</cim:DrawGraph.TimeGraph.FixNamePosition>
	<cim:DrawGraph.TimeGraph.Quantity>0</cim:DrawGraph.TimeGraph.Quantity>
	<cim:DrawGraph.TimeGraph.ElementType>0</cim:DrawGraph.TimeGraph.ElementType>
	<cim:DrawGraph.TimeGraph.ElementNumber>2</cim:DrawGraph.TimeGraph.ElementNumber>
	<cim:DrawGraph.TimeGraph.ElementUniqueNumber>2</cim:DrawGraph.TimeGraph.ElementUniqueNumber>
	<cim:DrawGraph.TimeGraph.Color>16744576</cim:DrawGraph.TimeGraph.Color>
	<cim:DrawGraph.TimeGraph.Thickness>2</cim:DrawGraph.TimeGraph.Thickness>
	<cim:DrawGraph.TimeGraph.FixNamePosition>0</cim:DrawGraph.TimeGraph.FixNamePosition>
</cim:DrawGraph>
<cim:DrawGraph rdf:ID="_cf53b80e2b1f4dc7a4240096d2a7511e">
	<cim:DrawGraph.window_title>Graphs-3</cim:DrawGraph.window_title>
	<cim:DrawGraph.nmb_of_graphs>1</cim:DrawGraph.nmb_of_graphs>
	<cim:DrawGraph.nmb_of_items>4003</cim:DrawGraph.nmb_of_items>
	<cim:DrawGraph.TimeGraph.nmb_of_quantities>1</cim:DrawGraph.TimeGraph.nmb_of_quantities>
	<cim:DrawGraph.TimeGraph.Y_scale_ratio>0.200000</cim:DrawGraph.TimeGraph.Y_scale_ratio>
	<cim:DrawGraph.TimeGraph.BasePower>3.200000</cim:DrawGraph.TimeGraph.BasePower>
	<cim:DrawGraph.TimeGraph.DisplayCurrentAbsoluteValue>0</cim:DrawGraph.TimeGraph.DisplayCurrentAbsoluteValue>
	<cim:DrawGraph.TimeGraph.Quantity>4</cim:DrawGraph.TimeGraph.Quantity>
	<cim:DrawGraph.TimeGraph.ElementType>0</cim:DrawGraph.TimeGraph.ElementType>
	<cim:DrawGraph.TimeGraph.ElementNumber>3</cim:DrawGraph.TimeGraph.ElementNumber>
	<cim:DrawGraph.TimeGraph.ElementUniqueNumber>3</cim:DrawGraph.TimeGraph.ElementUniqueNumber>
	<cim:DrawGraph.TimeGraph.Color>16711680</cim:DrawGraph.TimeGraph.Color>
	<cim:DrawGraph.TimeGraph.Thickness>2</cim:DrawGraph.TimeGraph.Thickness>
	<cim:DrawGraph.TimeGraph.FixNamePosition>0</cim:DrawGraph.TimeGraph.FixNamePosition>
	<cim:DrawGraph.TimeGraph.nmb_of_quantities>1</cim:DrawGraph.TimeGraph.nmb_of_quantities>
	<cim:DrawGraph.TimeGraph.Y_scale_ratio>0.833333</cim:DrawGraph.TimeGraph.Y_scale_ratio>
	<cim:DrawGraph.TimeGraph.BasePower>100.000000</cim:DrawGraph.TimeGraph.BasePower>
	<cim:DrawGraph.TimeGraph.DisplayCurrentAbsoluteValue>0</cim:DrawGraph.TimeGraph.DisplayCurrentAbsoluteValue>
	<cim:DrawGraph.TimeGraph.Quantity>1</cim:DrawGraph.TimeGraph.Quantity>
	<cim:DrawGraph.TimeGraph.ElementType>0</cim:DrawGraph.TimeGraph.ElementType>
	<cim:DrawGraph.TimeGraph.ElementNumber>3</cim:DrawGraph.TimeGraph.ElementNumber>
	<cim:DrawGraph.TimeGraph.ElementUniqueNumber>3</cim:DrawGraph.TimeGraph.ElementUniqueNumber>
	<cim:DrawGraph.TimeGraph.Color>0</cim:DrawGraph.TimeGraph.Color>
	<cim:DrawGraph.TimeGraph.Thickness>2</cim:DrawGraph.TimeGraph.Thickness>
	<cim:DrawGraph.TimeGraph.FixNamePosition>0</cim:DrawGraph.TimeGraph.FixNamePosition>
</cim:DrawGraph>
<cim:TransientStability rdf:ID="_f6f82fb1c7bb43248517fd192ced5ab4">
	<cim:TransientStability.PowerSystemEventsNumber>3</cim:TransientStability.PowerSystemEventsNumber>
	<cim:TransientStability.Time_Step_RMS>0.001000</cim:TransientStability.Time_Step_RMS>
	<cim:TransientStability.Simulation_End_Time>4.000000</cim:TransientStability.Simulation_End_Time>
	<cim:TransientStability.KronMatrixItemThreshold>2.00e-07</cim:TransientStability.KronMatrixItemThreshold>
	<cim:TransientStability.UseKronReductionAlgorithm>0</cim:TransientStability.UseKronReductionAlgorithm>
	<cim:TransientStability.ConvertAllLoadsToConstantImpedanceLoads>0</cim:TransientStability.ConvertAllLoadsToConstantImpedanceLoads>
	<cim:TransientStability.Time_Integration_Method>3</cim:TransientStability.Time_Integration_Method>
	<cim:TransientStability.DrawingStep>40</cim:TransientStability.DrawingStep>
	<cim:TransientStability.SystemFrequencyThreshold>0.01</cim:TransientStability.SystemFrequencyThreshold>
	<cim:TransientStability.RotorSpeedThreshold>0.10</cim:TransientStability.RotorSpeedThreshold>
	<cim:TransientStability.Calculate_SF_Deviation>1</cim:TransientStability.Calculate_SF_Deviation>
</cim:TransientStability>
<cim:PowerSystemEvent rdf:ID="_b2529f4ae9784e629125e68ba5485740">
	<cim:PowerSystemEvent.EventType>10</cim:PowerSystemEvent.EventType>
	<cim:PowerSystemEvent.ElementNumber>3</cim:PowerSystemEvent.ElementNumber>
	<cim:PowerSystemEvent.ElementType>10</cim:PowerSystemEvent.ElementType>
	<cim:PowerSystemEvent.Distance>0.000000</cim:PowerSystemEvent.Distance>
	<cim:PowerSystemEvent.Time>0.300000</cim:PowerSystemEvent.Time>
	<cim:PowerSystemEvent.InService>1</cim:PowerSystemEvent.InService>
	<cim:PowerSystemEvent.IsDrawn>1</cim:PowerSystemEvent.IsDrawn>
	<cim:PowerSystemEvent.x_coordinate>1362</cim:PowerSystemEvent.x_coordinate>
	<cim:PowerSystemEvent.y_coordinate>369</cim:PowerSystemEvent.y_coordinate>
	<cim:PowerSystemEvent.SC_Impedance_Re>0.000000</cim:PowerSystemEvent.SC_Impedance_Re>
	<cim:PowerSystemEvent.SC_Impedance_Im>0.000000</cim:PowerSystemEvent.SC_Impedance_Im>
	<cim:PowerSystemEvent.AutoReclosingInService>0</cim:PowerSystemEvent.AutoReclosingInService>
	<cim:PowerSystemEvent.AutoReclosingTime>0.000000</cim:PowerSystemEvent.AutoReclosingTime>
	<cim:PowerSystemEvent.UnsuccessfulARC>0</cim:PowerSystemEvent.UnsuccessfulARC>
	<cim:PowerSystemEvent.AutoReopeningTime>0.000000</cim:PowerSystemEvent.AutoReopeningTime>
</cim:PowerSystemEvent>
<cim:PowerSystemEvent rdf:ID="_dc1ee8b82d6844748305e2d35a78f5b9">
	<cim:PowerSystemEvent.EventType>0</cim:PowerSystemEvent.EventType>
	<cim:PowerSystemEvent.ElementNumber>2</cim:PowerSystemEvent.ElementNumber>
	<cim:PowerSystemEvent.ElementType>1</cim:PowerSystemEvent.ElementType>
	<cim:PowerSystemEvent.Distance>10.000000</cim:PowerSystemEvent.Distance>
	<cim:PowerSystemEvent.Time>0.500000</cim:PowerSystemEvent.Time>
	<cim:PowerSystemEvent.InService>0</cim:PowerSystemEvent.InService>
	<cim:PowerSystemEvent.IsDrawn>1</cim:PowerSystemEvent.IsDrawn>
	<cim:PowerSystemEvent.x_coordinate>103</cim:PowerSystemEvent.x_coordinate>
	<cim:PowerSystemEvent.y_coordinate>-180</cim:PowerSystemEvent.y_coordinate>
	<cim:PowerSystemEvent.SC_Impedance_Re>0.000000</cim:PowerSystemEvent.SC_Impedance_Re>
	<cim:PowerSystemEvent.SC_Impedance_Im>0.000000</cim:PowerSystemEvent.SC_Impedance_Im>
	<cim:PowerSystemEvent.AutoReclosingInService>0</cim:PowerSystemEvent.AutoReclosingInService>
	<cim:PowerSystemEvent.AutoReclosingTime>0.000000</cim:PowerSystemEvent.AutoReclosingTime>
	<cim:PowerSystemEvent.UnsuccessfulARC>0</cim:PowerSystemEvent.UnsuccessfulARC>
	<cim:PowerSystemEvent.AutoReopeningTime>0.000000</cim:PowerSystemEvent.AutoReopeningTime>
</cim:PowerSystemEvent>
<cim:PowerSystemEvent rdf:ID="_2e7262ae3c84445999dd287487142c97">
	<cim:PowerSystemEvent.EventType>4</cim:PowerSystemEvent.EventType>
	<cim:PowerSystemEvent.ElementNumber>1</cim:PowerSystemEvent.ElementNumber>
	<cim:PowerSystemEvent.ElementType>1</cim:PowerSystemEvent.ElementType>
	<cim:PowerSystemEvent.Distance>10.000000</cim:PowerSystemEvent.Distance>
	<cim:PowerSystemEvent.Time>0.650000</cim:PowerSystemEvent.Time>
	<cim:PowerSystemEvent.InService>1</cim:PowerSystemEvent.InService>
	<cim:PowerSystemEvent.IsDrawn>1</cim:PowerSystemEvent.IsDrawn>
	<cim:PowerSystemEvent.x_coordinate>103</cim:PowerSystemEvent.x_coordinate>
	<cim:PowerSystemEvent.y_coordinate>-160</cim:PowerSystemEvent.y_coordinate>
	<cim:PowerSystemEvent.SC_Impedance_Re>0.000000</cim:PowerSystemEvent.SC_Impedance_Re>
	<cim:PowerSystemEvent.SC_Impedance_Im>0.000000</cim:PowerSystemEvent.SC_Impedance_Im>
	<cim:PowerSystemEvent.AutoReclosingInService>0</cim:PowerSystemEvent.AutoReclosingInService>
	<cim:PowerSystemEvent.AutoReclosingTime>0.000000</cim:PowerSystemEvent.AutoReclosingTime>
	<cim:PowerSystemEvent.UnsuccessfulARC>0</cim:PowerSystemEvent.UnsuccessfulARC>
	<cim:PowerSystemEvent.AutoReopeningTime>0.000000</cim:PowerSystemEvent.AutoReopeningTime>
</cim:PowerSystemEvent>
</rdf:RDF>