<?xml version="1.0" encoding="UTF-8"?>
<rdf:RDF xmlns:rdf="http://www.w3.org/1999/02/22-rdf-syntax-ns#" xmlns:cim="http://iec.ch/TC57/2009/CIM-schema-cim14#">
<md:FullModel xmlns:md="http://www.casepowersoftware.com/2020/20 node_SLD/1">
	<md:Model.created>2025-11-21-11</md:Model.created>
	<md:Model.Version>
		<md:Description>
			<md:Description.name>20 node_SLD</md:Description.name>
			<md:Description.version>1</md:Description.version>
		</md:Description>
	</md:Model.Version>
	<md:Model.ModelingAuthoritySet>
		<md:Description>
		</md:Description>
	</md:Model.ModelingAuthoritySet>
	<md:Model.Profile>
		<md:Description>
			<md:Description.version>1</md:Description.version>
		</md:Description>
	</md:Model.Profile>
	<md:Model.Creator>
		<md:Description>
			<md:Description.name>CASE 1.0</md:Description.name>
		</md:Description>
	</md:Model.Creator>
</md:FullModel>
<cim:SLD_Properties rdf:ID="_478125c86a9543a69234b6048a005a20">
	<cim:SLD_Properties.NodeDisplayOption>1</cim:SLD_Properties.NodeDisplayOption>
	<cim:SLD_Properties.ShowElementsLoad>1</cim:SLD_Properties.ShowElementsLoad>
</cim:SLD_Properties>
<cim:Scrollbar rdf:ID="_e7e0e50cab594bdbbe64c75f225e8f79">
	<cim:Scrollbar.VerticalPosition>514</cim:Scrollbar.VerticalPosition>
	<cim:Scrollbar.HorizontalPosition>753</cim:Scrollbar.HorizontalPosition>
	<cim:Scrollbar.HorizontalMaxPosition>2500</cim:Scrollbar.HorizontalMaxPosition>
	<cim:Scrollbar.VerticalMaxPosition>10500</cim:Scrollbar.VerticalMaxPosition>
</cim:Scrollbar>
<cim:General rdf:ID="_daab0dfae32042d6aed56f66470f46c6">
	<cim:General.nmb_of_drawn_nodes>20</cim:General.nmb_of_drawn_nodes>
	<cim:General.nmb_of_drawn_lines>15</cim:General.nmb_of_drawn_lines>
	<cim:General.nmb_of_drawn_transformers>6</cim:General.nmb_of_drawn_transformers>
	<cim:General.nmb_of_drawn_generators>5</cim:General.nmb_of_drawn_generators>
	<cim:General.nmb_of_drawn_loads>7</cim:General.nmb_of_drawn_loads>
	<cim:General.nmb_of_drawn_shunts>0</cim:General.nmb_of_drawn_shunts>
</cim:General>
<cim:SLD_Node rdf:ID="_f8a2f86eaf8a4d5d855d3442e02925c2">
	<cim:SLD_Node.code>Node 1</cim:SLD_Node.code>
	<cim:SLD_Node.x_coordinate>180</cim:SLD_Node.x_coordinate>
	<cim:SLD_Node.y_coordinate>186</cim:SLD_Node.y_coordinate>
	<cim:SLD_Node.length>500</cim:SLD_Node.length>
	<cim:SLD_Node.width>6</cim:SLD_Node.width>
	<cim:SLD_Node.color>255</cim:SLD_Node.color>
	<cim:SLD_Node.number_of_element>0</cim:SLD_Node.number_of_element>
	<cim:SLD_Node.horizontal_or_vertical>0</cim:SLD_Node.horizontal_or_vertical>
	<cim:SLD_Node.ConnectionPoint>0</cim:SLD_Node.ConnectionPoint>
	<cim:SLD_Node.H_Offset>0</cim:SLD_Node.H_Offset>
	<cim:SLD_Node.V_Offset>0</cim:SLD_Node.V_Offset>
</cim:SLD_Node>
<cim:SLD_Node rdf:ID="_16f2da97aa9b494398c7b02670cc8ab0">
	<cim:SLD_Node.code>SystemSw</cim:SLD_Node.code>
	<cim:SLD_Node.x_coordinate>21</cim:SLD_Node.x_coordinate>
	<cim:SLD_Node.y_coordinate>96</cim:SLD_Node.y_coordinate>
	<cim:SLD_Node.length>160</cim:SLD_Node.length>
	<cim:SLD_Node.width>6</cim:SLD_Node.width>
	<cim:SLD_Node.color>255</cim:SLD_Node.color>
	<cim:SLD_Node.number_of_element>1</cim:SLD_Node.number_of_element>
	<cim:SLD_Node.horizontal_or_vertical>0</cim:SLD_Node.horizontal_or_vertical>
	<cim:SLD_Node.ConnectionPoint>0</cim:SLD_Node.ConnectionPoint>
	<cim:SLD_Node.H_Offset>0</cim:SLD_Node.H_Offset>
	<cim:SLD_Node.V_Offset>0</cim:SLD_Node.V_Offset>
</cim:SLD_Node>
<cim:SLD_Node rdf:ID="_c6746c6c2b1b4cfd93ac89aa8084deb3">
	<cim:SLD_Node.code>Node_G1</cim:SLD_Node.code>
	<cim:SLD_Node.x_coordinate>338</cim:SLD_Node.x_coordinate>
	<cim:SLD_Node.y_coordinate>419</cim:SLD_Node.y_coordinate>
	<cim:SLD_Node.length>100</cim:SLD_Node.length>
	<cim:SLD_Node.width>6</cim:SLD_Node.width>
	<cim:SLD_Node.color>16711680</cim:SLD_Node.color>
	<cim:SLD_Node.number_of_element>2</cim:SLD_Node.number_of_element>
	<cim:SLD_Node.horizontal_or_vertical>0</cim:SLD_Node.horizontal_or_vertical>
	<cim:SLD_Node.ConnectionPoint>0</cim:SLD_Node.ConnectionPoint>
	<cim:SLD_Node.H_Offset>0</cim:SLD_Node.H_Offset>
	<cim:SLD_Node.V_Offset>0</cim:SLD_Node.V_Offset>
</cim:SLD_Node>
<cim:SLD_Node rdf:ID="_a3601c7b82bb4b158e7666d5dc4c5022">
	<cim:SLD_Node.code>Node_G2</cim:SLD_Node.code>
	<cim:SLD_Node.x_coordinate>553</cim:SLD_Node.x_coordinate>
	<cim:SLD_Node.y_coordinate>421</cim:SLD_Node.y_coordinate>
	<cim:SLD_Node.length>100</cim:SLD_Node.length>
	<cim:SLD_Node.width>6</cim:SLD_Node.width>
	<cim:SLD_Node.color>16711680</cim:SLD_Node.color>
	<cim:SLD_Node.number_of_element>3</cim:SLD_Node.number_of_element>
	<cim:SLD_Node.horizontal_or_vertical>0</cim:SLD_Node.horizontal_or_vertical>
	<cim:SLD_Node.ConnectionPoint>0</cim:SLD_Node.ConnectionPoint>
	<cim:SLD_Node.H_Offset>0</cim:SLD_Node.H_Offset>
	<cim:SLD_Node.V_Offset>0</cim:SLD_Node.V_Offset>
</cim:SLD_Node>
<cim:SLD_Node rdf:ID="_b0d586fc2e7c40b090dd14cdab919ed7">
	<cim:SLD_Node.code>Node 2</cim:SLD_Node.code>
	<cim:SLD_Node.x_coordinate>1012</cim:SLD_Node.x_coordinate>
	<cim:SLD_Node.y_coordinate>192</cim:SLD_Node.y_coordinate>
	<cim:SLD_Node.length>350</cim:SLD_Node.length>
	<cim:SLD_Node.width>6</cim:SLD_Node.width>
	<cim:SLD_Node.color>255</cim:SLD_Node.color>
	<cim:SLD_Node.number_of_element>4</cim:SLD_Node.number_of_element>
	<cim:SLD_Node.horizontal_or_vertical>0</cim:SLD_Node.horizontal_or_vertical>
	<cim:SLD_Node.ConnectionPoint>0</cim:SLD_Node.ConnectionPoint>
	<cim:SLD_Node.H_Offset>0</cim:SLD_Node.H_Offset>
	<cim:SLD_Node.V_Offset>0</cim:SLD_Node.V_Offset>
</cim:SLD_Node>
<cim:SLD_Node rdf:ID="_626f868f3c1f4e3181b493b34b080c33">
	<cim:SLD_Node.code>Node 3</cim:SLD_Node.code>
	<cim:SLD_Node.x_coordinate>1031</cim:SLD_Node.x_coordinate>
	<cim:SLD_Node.y_coordinate>451</cim:SLD_Node.y_coordinate>
	<cim:SLD_Node.length>200</cim:SLD_Node.length>
	<cim:SLD_Node.width>6</cim:SLD_Node.width>
	<cim:SLD_Node.color>255</cim:SLD_Node.color>
	<cim:SLD_Node.number_of_element>5</cim:SLD_Node.number_of_element>
	<cim:SLD_Node.horizontal_or_vertical>0</cim:SLD_Node.horizontal_or_vertical>
	<cim:SLD_Node.ConnectionPoint>0</cim:SLD_Node.ConnectionPoint>
	<cim:SLD_Node.H_Offset>0</cim:SLD_Node.H_Offset>
	<cim:SLD_Node.V_Offset>0</cim:SLD_Node.V_Offset>
</cim:SLD_Node>
<cim:SLD_Node rdf:ID="_ffaf66dd3b5b4f7a85d5a39fbd00a521">
	<cim:SLD_Node.code>Node3_11</cim:SLD_Node.code>
	<cim:SLD_Node.x_coordinate>930</cim:SLD_Node.x_coordinate>
	<cim:SLD_Node.y_coordinate>649</cim:SLD_Node.y_coordinate>
	<cim:SLD_Node.length>400</cim:SLD_Node.length>
	<cim:SLD_Node.width>4</cim:SLD_Node.width>
	<cim:SLD_Node.color>0</cim:SLD_Node.color>
	<cim:SLD_Node.number_of_element>6</cim:SLD_Node.number_of_element>
	<cim:SLD_Node.horizontal_or_vertical>0</cim:SLD_Node.horizontal_or_vertical>
	<cim:SLD_Node.ConnectionPoint>0</cim:SLD_Node.ConnectionPoint>
	<cim:SLD_Node.H_Offset>0</cim:SLD_Node.H_Offset>
	<cim:SLD_Node.V_Offset>0</cim:SLD_Node.V_Offset>
</cim:SLD_Node>
<cim:SLD_Node rdf:ID="_449dc03d196049b2b1e4ebc4261049ad">
	<cim:SLD_Node.code>Node 5</cim:SLD_Node.code>
	<cim:SLD_Node.x_coordinate>1460</cim:SLD_Node.x_coordinate>
	<cim:SLD_Node.y_coordinate>421</cim:SLD_Node.y_coordinate>
	<cim:SLD_Node.length>300</cim:SLD_Node.length>
	<cim:SLD_Node.width>4</cim:SLD_Node.width>
	<cim:SLD_Node.color>0</cim:SLD_Node.color>
	<cim:SLD_Node.number_of_element>7</cim:SLD_Node.number_of_element>
	<cim:SLD_Node.horizontal_or_vertical>0</cim:SLD_Node.horizontal_or_vertical>
	<cim:SLD_Node.ConnectionPoint>0</cim:SLD_Node.ConnectionPoint>
	<cim:SLD_Node.H_Offset>0</cim:SLD_Node.H_Offset>
	<cim:SLD_Node.V_Offset>0</cim:SLD_Node.V_Offset>
</cim:SLD_Node>
<cim:SLD_Node rdf:ID="_e846d21d56d6477d8e182d40b384a58c">
	<cim:SLD_Node.code>G3</cim:SLD_Node.code>
	<cim:SLD_Node.x_coordinate>1499</cim:SLD_Node.x_coordinate>
	<cim:SLD_Node.y_coordinate>585</cim:SLD_Node.y_coordinate>
	<cim:SLD_Node.length>90</cim:SLD_Node.length>
	<cim:SLD_Node.width>4</cim:SLD_Node.width>
	<cim:SLD_Node.color>8421504</cim:SLD_Node.color>
	<cim:SLD_Node.number_of_element>8</cim:SLD_Node.number_of_element>
	<cim:SLD_Node.horizontal_or_vertical>0</cim:SLD_Node.horizontal_or_vertical>
	<cim:SLD_Node.ConnectionPoint>0</cim:SLD_Node.ConnectionPoint>
	<cim:SLD_Node.H_Offset>-10</cim:SLD_Node.H_Offset>
	<cim:SLD_Node.V_Offset>0</cim:SLD_Node.V_Offset>
</cim:SLD_Node>
<cim:SLD_Node rdf:ID="_78b6260757f3406598cb3770f4928b5e">
	<cim:SLD_Node.code>Node 6</cim:SLD_Node.code>
	<cim:SLD_Node.x_coordinate>1658</cim:SLD_Node.x_coordinate>
	<cim:SLD_Node.y_coordinate>583</cim:SLD_Node.y_coordinate>
	<cim:SLD_Node.length>180</cim:SLD_Node.length>
	<cim:SLD_Node.width>4</cim:SLD_Node.width>
	<cim:SLD_Node.color>32766</cim:SLD_Node.color>
	<cim:SLD_Node.number_of_element>9</cim:SLD_Node.number_of_element>
	<cim:SLD_Node.horizontal_or_vertical>0</cim:SLD_Node.horizontal_or_vertical>
	<cim:SLD_Node.ConnectionPoint>0</cim:SLD_Node.ConnectionPoint>
	<cim:SLD_Node.H_Offset>0</cim:SLD_Node.H_Offset>
	<cim:SLD_Node.V_Offset>0</cim:SLD_Node.V_Offset>
</cim:SLD_Node>
<cim:SLD_Node rdf:ID="_7ac4ed2c20e847bbb91c28d017d045ab">
	<cim:SLD_Node.code>Node 7</cim:SLD_Node.code>
	<cim:SLD_Node.x_coordinate>17</cim:SLD_Node.x_coordinate>
	<cim:SLD_Node.y_coordinate>374</cim:SLD_Node.y_coordinate>
	<cim:SLD_Node.length>160</cim:SLD_Node.length>
	<cim:SLD_Node.width>6</cim:SLD_Node.width>
	<cim:SLD_Node.color>255</cim:SLD_Node.color>
	<cim:SLD_Node.number_of_element>10</cim:SLD_Node.number_of_element>
	<cim:SLD_Node.horizontal_or_vertical>0</cim:SLD_Node.horizontal_or_vertical>
	<cim:SLD_Node.ConnectionPoint>0</cim:SLD_Node.ConnectionPoint>
	<cim:SLD_Node.H_Offset>0</cim:SLD_Node.H_Offset>
	<cim:SLD_Node.V_Offset>0</cim:SLD_Node.V_Offset>
</cim:SLD_Node>
<cim:SLD_Node rdf:ID="_b4dd087464304a5d989bd746f20a8476">
	<cim:SLD_Node.code>Node7-11</cim:SLD_Node.code>
	<cim:SLD_Node.x_coordinate>19</cim:SLD_Node.x_coordinate>
	<cim:SLD_Node.y_coordinate>550</cim:SLD_Node.y_coordinate>
	<cim:SLD_Node.length>160</cim:SLD_Node.length>
	<cim:SLD_Node.width>4</cim:SLD_Node.width>
	<cim:SLD_Node.color>0</cim:SLD_Node.color>
	<cim:SLD_Node.number_of_element>11</cim:SLD_Node.number_of_element>
	<cim:SLD_Node.horizontal_or_vertical>0</cim:SLD_Node.horizontal_or_vertical>
	<cim:SLD_Node.ConnectionPoint>0</cim:SLD_Node.ConnectionPoint>
	<cim:SLD_Node.H_Offset>0</cim:SLD_Node.H_Offset>
	<cim:SLD_Node.V_Offset>0</cim:SLD_Node.V_Offset>
</cim:SLD_Node>
<cim:SLD_Node rdf:ID="_c81d6225dff84053b5c03887b4ae1c4f">
	<cim:SLD_Node.code>Node 8</cim:SLD_Node.code>
	<cim:SLD_Node.x_coordinate>359</cim:SLD_Node.x_coordinate>
	<cim:SLD_Node.y_coordinate>747</cim:SLD_Node.y_coordinate>
	<cim:SLD_Node.length>220</cim:SLD_Node.length>
	<cim:SLD_Node.width>4</cim:SLD_Node.width>
	<cim:SLD_Node.color>0</cim:SLD_Node.color>
	<cim:SLD_Node.number_of_element>12</cim:SLD_Node.number_of_element>
	<cim:SLD_Node.horizontal_or_vertical>0</cim:SLD_Node.horizontal_or_vertical>
	<cim:SLD_Node.ConnectionPoint>0</cim:SLD_Node.ConnectionPoint>
	<cim:SLD_Node.H_Offset>0</cim:SLD_Node.H_Offset>
	<cim:SLD_Node.V_Offset>0</cim:SLD_Node.V_Offset>
</cim:SLD_Node>
<cim:SLD_Node rdf:ID="_5ae6c534f66b4d67b75aeb31e370bd9c">
	<cim:SLD_Node.code>Node9_35</cim:SLD_Node.code>
	<cim:SLD_Node.x_coordinate>1576</cim:SLD_Node.x_coordinate>
	<cim:SLD_Node.y_coordinate>42</cim:SLD_Node.y_coordinate>
	<cim:SLD_Node.length>240</cim:SLD_Node.length>
	<cim:SLD_Node.width>4</cim:SLD_Node.width>
	<cim:SLD_Node.color>32896</cim:SLD_Node.color>
	<cim:SLD_Node.number_of_element>13</cim:SLD_Node.number_of_element>
	<cim:SLD_Node.horizontal_or_vertical>0</cim:SLD_Node.horizontal_or_vertical>
	<cim:SLD_Node.ConnectionPoint>0</cim:SLD_Node.ConnectionPoint>
	<cim:SLD_Node.H_Offset>0</cim:SLD_Node.H_Offset>
	<cim:SLD_Node.V_Offset>0</cim:SLD_Node.V_Offset>
</cim:SLD_Node>
<cim:SLD_Node rdf:ID="_9f67040d1d9f465da4eb3fe187f16303">
	<cim:SLD_Node.code>Node 9</cim:SLD_Node.code>
	<cim:SLD_Node.x_coordinate>1659</cim:SLD_Node.x_coordinate>
	<cim:SLD_Node.y_coordinate>200</cim:SLD_Node.y_coordinate>
	<cim:SLD_Node.length>200</cim:SLD_Node.length>
	<cim:SLD_Node.width>4</cim:SLD_Node.width>
	<cim:SLD_Node.color>0</cim:SLD_Node.color>
	<cim:SLD_Node.number_of_element>14</cim:SLD_Node.number_of_element>
	<cim:SLD_Node.horizontal_or_vertical>0</cim:SLD_Node.horizontal_or_vertical>
	<cim:SLD_Node.ConnectionPoint>0</cim:SLD_Node.ConnectionPoint>
	<cim:SLD_Node.H_Offset>0</cim:SLD_Node.H_Offset>
	<cim:SLD_Node.V_Offset>0</cim:SLD_Node.V_Offset>
</cim:SLD_Node>
<cim:SLD_Node rdf:ID="_1296b30e1bc141a6a7cd4cbbb2c3ee88">
	<cim:SLD_Node.code>Node 10</cim:SLD_Node.code>
	<cim:SLD_Node.x_coordinate>470</cim:SLD_Node.x_coordinate>
	<cim:SLD_Node.y_coordinate>934</cim:SLD_Node.y_coordinate>
	<cim:SLD_Node.length>200</cim:SLD_Node.length>
	<cim:SLD_Node.width>4</cim:SLD_Node.width>
	<cim:SLD_Node.color>0</cim:SLD_Node.color>
	<cim:SLD_Node.number_of_element>15</cim:SLD_Node.number_of_element>
	<cim:SLD_Node.horizontal_or_vertical>0</cim:SLD_Node.horizontal_or_vertical>
	<cim:SLD_Node.ConnectionPoint>0</cim:SLD_Node.ConnectionPoint>
	<cim:SLD_Node.H_Offset>0</cim:SLD_Node.H_Offset>
	<cim:SLD_Node.V_Offset>0</cim:SLD_Node.V_Offset>
</cim:SLD_Node>
<cim:SLD_Node rdf:ID="_878395d1be434204bbd223d023191cd8">
	<cim:SLD_Node.code>Node 11</cim:SLD_Node.code>
	<cim:SLD_Node.x_coordinate>1656</cim:SLD_Node.x_coordinate>
	<cim:SLD_Node.y_coordinate>773</cim:SLD_Node.y_coordinate>
	<cim:SLD_Node.length>140</cim:SLD_Node.length>
	<cim:SLD_Node.width>4</cim:SLD_Node.width>
	<cim:SLD_Node.color>32766</cim:SLD_Node.color>
	<cim:SLD_Node.number_of_element>16</cim:SLD_Node.number_of_element>
	<cim:SLD_Node.horizontal_or_vertical>0</cim:SLD_Node.horizontal_or_vertical>
	<cim:SLD_Node.ConnectionPoint>0</cim:SLD_Node.ConnectionPoint>
	<cim:SLD_Node.H_Offset>0</cim:SLD_Node.H_Offset>
	<cim:SLD_Node.V_Offset>0</cim:SLD_Node.V_Offset>
</cim:SLD_Node>
<cim:SLD_Node rdf:ID="_ef1708dd9fe84e4d9eb23986f1297983">
	<cim:SLD_Node.code>Node 12</cim:SLD_Node.code>
	<cim:SLD_Node.x_coordinate>1701</cim:SLD_Node.x_coordinate>
	<cim:SLD_Node.y_coordinate>919</cim:SLD_Node.y_coordinate>
	<cim:SLD_Node.length>140</cim:SLD_Node.length>
	<cim:SLD_Node.width>0</cim:SLD_Node.width>
	<cim:SLD_Node.color>32766</cim:SLD_Node.color>
	<cim:SLD_Node.number_of_element>17</cim:SLD_Node.number_of_element>
	<cim:SLD_Node.horizontal_or_vertical>0</cim:SLD_Node.horizontal_or_vertical>
	<cim:SLD_Node.ConnectionPoint>1</cim:SLD_Node.ConnectionPoint>
	<cim:SLD_Node.ConnectionPointRadius>8</cim:SLD_Node.ConnectionPointRadius>
	<cim:SLD_Node.H_Offset>0</cim:SLD_Node.H_Offset>
	<cim:SLD_Node.V_Offset>0</cim:SLD_Node.V_Offset>
</cim:SLD_Node>
<cim:SLD_Node rdf:ID="_50d1f772c26e4587afaa6c501357563b">
	<cim:SLD_Node.code>Node 13</cim:SLD_Node.code>
	<cim:SLD_Node.x_coordinate>1426</cim:SLD_Node.x_coordinate>
	<cim:SLD_Node.y_coordinate>966</cim:SLD_Node.y_coordinate>
	<cim:SLD_Node.length>140</cim:SLD_Node.length>
	<cim:SLD_Node.width>4</cim:SLD_Node.width>
	<cim:SLD_Node.color>32766</cim:SLD_Node.color>
	<cim:SLD_Node.number_of_element>18</cim:SLD_Node.number_of_element>
	<cim:SLD_Node.horizontal_or_vertical>0</cim:SLD_Node.horizontal_or_vertical>
	<cim:SLD_Node.ConnectionPoint>0</cim:SLD_Node.ConnectionPoint>
	<cim:SLD_Node.H_Offset>0</cim:SLD_Node.H_Offset>
	<cim:SLD_Node.V_Offset>0</cim:SLD_Node.V_Offset>
</cim:SLD_Node>
<cim:SLD_Node rdf:ID="_b53e2feac15044bf94bfff6f43c86bba">
	<cim:SLD_Node.code>Node 14</cim:SLD_Node.code>
	<cim:SLD_Node.x_coordinate>782</cim:SLD_Node.x_coordinate>
	<cim:SLD_Node.y_coordinate>834</cim:SLD_Node.y_coordinate>
	<cim:SLD_Node.length>100</cim:SLD_Node.length>
	<cim:SLD_Node.width>4</cim:SLD_Node.width>
	<cim:SLD_Node.color>0</cim:SLD_Node.color>
	<cim:SLD_Node.number_of_element>19</cim:SLD_Node.number_of_element>
	<cim:SLD_Node.horizontal_or_vertical>0</cim:SLD_Node.horizontal_or_vertical>
	<cim:SLD_Node.ConnectionPoint>0</cim:SLD_Node.ConnectionPoint>
	<cim:SLD_Node.H_Offset>0</cim:SLD_Node.H_Offset>
	<cim:SLD_Node.V_Offset>0</cim:SLD_Node.V_Offset>
</cim:SLD_Node>
<cim:SLD_Line rdf:ID="_a789146ea87c4469bf3ef71b04e6d8d5">
	<cim:SLD_Line.nmb_of_knees>4</cim:SLD_Line.nmb_of_knees>
	<cim:SLD_Line.knee_coordinate.x>419</cim:SLD_Line.knee_coordinate.x>
	<cim:SLD_Line.knee_coordinate.y>305</cim:SLD_Line.knee_coordinate.y>
	<cim:SLD_Line.knee_coordinate.x>580</cim:SLD_Line.knee_coordinate.x>
	<cim:SLD_Line.knee_coordinate.y>305</cim:SLD_Line.knee_coordinate.y>
	<cim:SLD_Line.knee_coordinate.x>580</cim:SLD_Line.knee_coordinate.x>
	<cim:SLD_Line.knee_coordinate.y>384</cim:SLD_Line.knee_coordinate.y>
	<cim:SLD_Line.knee_coordinate.x>580</cim:SLD_Line.knee_coordinate.x>
	<cim:SLD_Line.knee_coordinate.y>424</cim:SLD_Line.knee_coordinate.y>
	<cim:SLD_Line.type>0</cim:SLD_Line.type>
	<cim:SLD_Line.color>16711680</cim:SLD_Line.color>
	<cim:SLD_Line.width>6</cim:SLD_Line.width>
	<cim:SLD_Line.tertiary_wndg_connection>1</cim:SLD_Line.tertiary_wndg_connection>
	<cim:SLD_Line.tran_nmb>0</cim:SLD_Line.tran_nmb>
	<cim:SLD_Line.First_CB>1</cim:SLD_Line.First_CB>
	<cim:SLD_Line.Second_CB>1</cim:SLD_Line.Second_CB>
	<cim:SLD_Line.H1_Offset>0</cim:SLD_Line.H1_Offset>
	<cim:SLD_Line.V1_Offset>0</cim:SLD_Line.V1_Offset>
	<cim:SLD_Line.H2_Offset>0</cim:SLD_Line.H2_Offset>
	<cim:SLD_Line.V2_Offset>0</cim:SLD_Line.V2_Offset>
	<cim:SLD_Line.NodeCode2>Node_G2</cim:SLD_Line.NodeCode2>
	<cim:SLD_Line.Node2 rdf:resource="#_a3601c7b82bb4b158e7666d5dc4c5022"/>
</cim:SLD_Line>
<cim:SLD_Line rdf:ID="_3754cad1e47a421c9d74cd410a6f003f">
	<cim:SLD_Line.nmb_of_knees>6</cim:SLD_Line.nmb_of_knees>
	<cim:SLD_Line.knee_coordinate.x>112</cim:SLD_Line.knee_coordinate.x>
	<cim:SLD_Line.knee_coordinate.y>99</cim:SLD_Line.knee_coordinate.y>
	<cim:SLD_Line.knee_coordinate.x>112</cim:SLD_Line.knee_coordinate.x>
	<cim:SLD_Line.knee_coordinate.y>59</cim:SLD_Line.knee_coordinate.y>
	<cim:SLD_Line.knee_coordinate.x>114</cim:SLD_Line.knee_coordinate.x>
	<cim:SLD_Line.knee_coordinate.y>24</cim:SLD_Line.knee_coordinate.y>
	<cim:SLD_Line.knee_coordinate.x>293</cim:SLD_Line.knee_coordinate.x>
	<cim:SLD_Line.knee_coordinate.y>25</cim:SLD_Line.knee_coordinate.y>
	<cim:SLD_Line.knee_coordinate.x>291</cim:SLD_Line.knee_coordinate.x>
	<cim:SLD_Line.knee_coordinate.y>149</cim:SLD_Line.knee_coordinate.y>
	<cim:SLD_Line.knee_coordinate.x>291</cim:SLD_Line.knee_coordinate.x>
	<cim:SLD_Line.knee_coordinate.y>189</cim:SLD_Line.knee_coordinate.y>
	<cim:SLD_Line.type>0</cim:SLD_Line.type>
	<cim:SLD_Line.color>255</cim:SLD_Line.color>
	<cim:SLD_Line.width>6</cim:SLD_Line.width>
	<cim:SLD_Line.tertiary_wndg_connection>0</cim:SLD_Line.tertiary_wndg_connection>
	<cim:SLD_Line.tran_nmb>-1</cim:SLD_Line.tran_nmb>
	<cim:SLD_Line.First_CB>1</cim:SLD_Line.First_CB>
	<cim:SLD_Line.Second_CB>1</cim:SLD_Line.Second_CB>
	<cim:SLD_Line.H1_Offset>0</cim:SLD_Line.H1_Offset>
	<cim:SLD_Line.V1_Offset>0</cim:SLD_Line.V1_Offset>
	<cim:SLD_Line.H2_Offset>0</cim:SLD_Line.H2_Offset>
	<cim:SLD_Line.V2_Offset>0</cim:SLD_Line.V2_Offset>
	<cim:SLD_Line.NodeCode1>SystemSw</cim:SLD_Line.NodeCode1>
	<cim:SLD_Line.NodeCode2>Node 1</cim:SLD_Line.NodeCode2>
	<cim:SLD_Line.ParIndex>1</cim:SLD_Line.ParIndex>
	<cim:SLD_Line.number>0</cim:SLD_Line.number>
	<cim:SLD_Line.Node1 rdf:resource="#_16f2da97aa9b494398c7b02670cc8ab0"/>
	<cim:SLD_Line.Node2 rdf:resource="#_f8a2f86eaf8a4d5d855d3442e02925c2"/>
</cim:SLD_Line>
<cim:SLD_Line rdf:ID="_771153e173c7480ba1a9db43620146d9">
	<cim:SLD_Line.nmb_of_knees>6</cim:SLD_Line.nmb_of_knees>
	<cim:SLD_Line.knee_coordinate.x>420</cim:SLD_Line.knee_coordinate.x>
	<cim:SLD_Line.knee_coordinate.y>189</cim:SLD_Line.knee_coordinate.y>
	<cim:SLD_Line.knee_coordinate.x>420</cim:SLD_Line.knee_coordinate.x>
	<cim:SLD_Line.knee_coordinate.y>149</cim:SLD_Line.knee_coordinate.y>
	<cim:SLD_Line.knee_coordinate.x>420</cim:SLD_Line.knee_coordinate.x>
	<cim:SLD_Line.knee_coordinate.y>18</cim:SLD_Line.knee_coordinate.y>
	<cim:SLD_Line.knee_coordinate.x>1242</cim:SLD_Line.knee_coordinate.x>
	<cim:SLD_Line.knee_coordinate.y>23</cim:SLD_Line.knee_coordinate.y>
	<cim:SLD_Line.knee_coordinate.x>1243</cim:SLD_Line.knee_coordinate.x>
	<cim:SLD_Line.knee_coordinate.y>155</cim:SLD_Line.knee_coordinate.y>
	<cim:SLD_Line.knee_coordinate.x>1243</cim:SLD_Line.knee_coordinate.x>
	<cim:SLD_Line.knee_coordinate.y>195</cim:SLD_Line.knee_coordinate.y>
	<cim:SLD_Line.type>0</cim:SLD_Line.type>
	<cim:SLD_Line.color>255</cim:SLD_Line.color>
	<cim:SLD_Line.width>6</cim:SLD_Line.width>
	<cim:SLD_Line.tertiary_wndg_connection>0</cim:SLD_Line.tertiary_wndg_connection>
	<cim:SLD_Line.tran_nmb>-1</cim:SLD_Line.tran_nmb>
	<cim:SLD_Line.First_CB>1</cim:SLD_Line.First_CB>
	<cim:SLD_Line.Second_CB>1</cim:SLD_Line.Second_CB>
	<cim:SLD_Line.H1_Offset>0</cim:SLD_Line.H1_Offset>
	<cim:SLD_Line.V1_Offset>0</cim:SLD_Line.V1_Offset>
	<cim:SLD_Line.H2_Offset>0</cim:SLD_Line.H2_Offset>
	<cim:SLD_Line.V2_Offset>0</cim:SLD_Line.V2_Offset>
	<cim:SLD_Line.NodeCode1>Node 1</cim:SLD_Line.NodeCode1>
	<cim:SLD_Line.NodeCode2>Node 2</cim:SLD_Line.NodeCode2>
	<cim:SLD_Line.ParIndex>1</cim:SLD_Line.ParIndex>
	<cim:SLD_Line.number>1</cim:SLD_Line.number>
	<cim:SLD_Line.Node1 rdf:resource="#_f8a2f86eaf8a4d5d855d3442e02925c2"/>
	<cim:SLD_Line.Node2 rdf:resource="#_b0d586fc2e7c40b090dd14cdab919ed7"/>
</cim:SLD_Line>
<cim:SLD_Line rdf:ID="_6dc6054c46724fe49a4455fda72d74b2">
	<cim:SLD_Line.nmb_of_knees>6</cim:SLD_Line.nmb_of_knees>
	<cim:SLD_Line.knee_coordinate.x>542</cim:SLD_Line.knee_coordinate.x>
	<cim:SLD_Line.knee_coordinate.y>189</cim:SLD_Line.knee_coordinate.y>
	<cim:SLD_Line.knee_coordinate.x>542</cim:SLD_Line.knee_coordinate.x>
	<cim:SLD_Line.knee_coordinate.y>149</cim:SLD_Line.knee_coordinate.y>
	<cim:SLD_Line.knee_coordinate.x>541</cim:SLD_Line.knee_coordinate.x>
	<cim:SLD_Line.knee_coordinate.y>70</cim:SLD_Line.knee_coordinate.y>
	<cim:SLD_Line.knee_coordinate.x>1077</cim:SLD_Line.knee_coordinate.x>
	<cim:SLD_Line.knee_coordinate.y>73</cim:SLD_Line.knee_coordinate.y>
	<cim:SLD_Line.knee_coordinate.x>1077</cim:SLD_Line.knee_coordinate.x>
	<cim:SLD_Line.knee_coordinate.y>155</cim:SLD_Line.knee_coordinate.y>
	<cim:SLD_Line.knee_coordinate.x>1077</cim:SLD_Line.knee_coordinate.x>
	<cim:SLD_Line.knee_coordinate.y>195</cim:SLD_Line.knee_coordinate.y>
	<cim:SLD_Line.type>0</cim:SLD_Line.type>
	<cim:SLD_Line.color>255</cim:SLD_Line.color>
	<cim:SLD_Line.width>6</cim:SLD_Line.width>
	<cim:SLD_Line.tertiary_wndg_connection>0</cim:SLD_Line.tertiary_wndg_connection>
	<cim:SLD_Line.tran_nmb>-1</cim:SLD_Line.tran_nmb>
	<cim:SLD_Line.First_CB>1</cim:SLD_Line.First_CB>
	<cim:SLD_Line.Second_CB>1</cim:SLD_Line.Second_CB>
	<cim:SLD_Line.H1_Offset>0</cim:SLD_Line.H1_Offset>
	<cim:SLD_Line.V1_Offset>0</cim:SLD_Line.V1_Offset>
	<cim:SLD_Line.H2_Offset>0</cim:SLD_Line.H2_Offset>
	<cim:SLD_Line.V2_Offset>0</cim:SLD_Line.V2_Offset>
	<cim:SLD_Line.NodeCode1>Node 1</cim:SLD_Line.NodeCode1>
	<cim:SLD_Line.NodeCode2>Node 2</cim:SLD_Line.NodeCode2>
	<cim:SLD_Line.ParIndex>2</cim:SLD_Line.ParIndex>
	<cim:SLD_Line.number>2</cim:SLD_Line.number>
	<cim:SLD_Line.Node1 rdf:resource="#_f8a2f86eaf8a4d5d855d3442e02925c2"/>
	<cim:SLD_Line.Node2 rdf:resource="#_b0d586fc2e7c40b090dd14cdab919ed7"/>
</cim:SLD_Line>
<cim:SLD_Line rdf:ID="_ea46c7facfaa437e81db1fbcf5dde8ca">
	<cim:SLD_Line.nmb_of_knees>4</cim:SLD_Line.nmb_of_knees>
	<cim:SLD_Line.knee_coordinate.x>1047</cim:SLD_Line.knee_coordinate.x>
	<cim:SLD_Line.knee_coordinate.y>195</cim:SLD_Line.knee_coordinate.y>
	<cim:SLD_Line.knee_coordinate.x>1047</cim:SLD_Line.knee_coordinate.x>
	<cim:SLD_Line.knee_coordinate.y>235</cim:SLD_Line.knee_coordinate.y>
	<cim:SLD_Line.knee_coordinate.x>1053</cim:SLD_Line.knee_coordinate.x>
	<cim:SLD_Line.knee_coordinate.y>414</cim:SLD_Line.knee_coordinate.y>
	<cim:SLD_Line.knee_coordinate.x>1053</cim:SLD_Line.knee_coordinate.x>
	<cim:SLD_Line.knee_coordinate.y>454</cim:SLD_Line.knee_coordinate.y>
	<cim:SLD_Line.type>0</cim:SLD_Line.type>
	<cim:SLD_Line.color>255</cim:SLD_Line.color>
	<cim:SLD_Line.width>6</cim:SLD_Line.width>
	<cim:SLD_Line.tertiary_wndg_connection>0</cim:SLD_Line.tertiary_wndg_connection>
	<cim:SLD_Line.tran_nmb>-1</cim:SLD_Line.tran_nmb>
	<cim:SLD_Line.First_CB>1</cim:SLD_Line.First_CB>
	<cim:SLD_Line.Second_CB>1</cim:SLD_Line.Second_CB>
	<cim:SLD_Line.H1_Offset>0</cim:SLD_Line.H1_Offset>
	<cim:SLD_Line.V1_Offset>0</cim:SLD_Line.V1_Offset>
	<cim:SLD_Line.H2_Offset>0</cim:SLD_Line.H2_Offset>
	<cim:SLD_Line.V2_Offset>0</cim:SLD_Line.V2_Offset>
	<cim:SLD_Line.NodeCode1>Node 2</cim:SLD_Line.NodeCode1>
	<cim:SLD_Line.NodeCode2>Node 3</cim:SLD_Line.NodeCode2>
	<cim:SLD_Line.ParIndex>1</cim:SLD_Line.ParIndex>
	<cim:SLD_Line.number>3</cim:SLD_Line.number>
	<cim:SLD_Line.Node1 rdf:resource="#_b0d586fc2e7c40b090dd14cdab919ed7"/>
	<cim:SLD_Line.Node2 rdf:resource="#_626f868f3c1f4e3181b493b34b080c33"/>
</cim:SLD_Line>
<cim:SLD_Line rdf:ID="_6e5405882d63468cb6ddddfc9e17d938">
	<cim:SLD_Line.nmb_of_knees>8</cim:SLD_Line.nmb_of_knees>
	<cim:SLD_Line.knee_coordinate.x>1201</cim:SLD_Line.knee_coordinate.x>
	<cim:SLD_Line.knee_coordinate.y>651</cim:SLD_Line.knee_coordinate.y>
	<cim:SLD_Line.knee_coordinate.x>1201</cim:SLD_Line.knee_coordinate.x>
	<cim:SLD_Line.knee_coordinate.y>611</cim:SLD_Line.knee_coordinate.y>
	<cim:SLD_Line.knee_coordinate.x>1203</cim:SLD_Line.knee_coordinate.x>
	<cim:SLD_Line.knee_coordinate.y>581</cim:SLD_Line.knee_coordinate.y>
	<cim:SLD_Line.knee_coordinate.x>1412</cim:SLD_Line.knee_coordinate.x>
	<cim:SLD_Line.knee_coordinate.y>528</cim:SLD_Line.knee_coordinate.y>
	<cim:SLD_Line.knee_coordinate.x>1415</cim:SLD_Line.knee_coordinate.x>
	<cim:SLD_Line.knee_coordinate.y>354</cim:SLD_Line.knee_coordinate.y>
	<cim:SLD_Line.knee_coordinate.x>1544</cim:SLD_Line.knee_coordinate.x>
	<cim:SLD_Line.knee_coordinate.y>352</cim:SLD_Line.knee_coordinate.y>
	<cim:SLD_Line.knee_coordinate.x>1544</cim:SLD_Line.knee_coordinate.x>
	<cim:SLD_Line.knee_coordinate.y>383</cim:SLD_Line.knee_coordinate.y>
	<cim:SLD_Line.knee_coordinate.x>1544</cim:SLD_Line.knee_coordinate.x>
	<cim:SLD_Line.knee_coordinate.y>423</cim:SLD_Line.knee_coordinate.y>
	<cim:SLD_Line.type>0</cim:SLD_Line.type>
	<cim:SLD_Line.color>0</cim:SLD_Line.color>
	<cim:SLD_Line.width>4</cim:SLD_Line.width>
	<cim:SLD_Line.tertiary_wndg_connection>0</cim:SLD_Line.tertiary_wndg_connection>
	<cim:SLD_Line.tran_nmb>-1</cim:SLD_Line.tran_nmb>
	<cim:SLD_Line.First_CB>1</cim:SLD_Line.First_CB>
	<cim:SLD_Line.Second_CB>1</cim:SLD_Line.Second_CB>
	<cim:SLD_Line.H1_Offset>0</cim:SLD_Line.H1_Offset>
	<cim:SLD_Line.V1_Offset>0</cim:SLD_Line.V1_Offset>
	<cim:SLD_Line.H2_Offset>0</cim:SLD_Line.H2_Offset>
	<cim:SLD_Line.V2_Offset>0</cim:SLD_Line.V2_Offset>
	<cim:SLD_Line.NodeCode1>Node3_11</cim:SLD_Line.NodeCode1>
	<cim:SLD_Line.NodeCode2>Node 5</cim:SLD_Line.NodeCode2>
	<cim:SLD_Line.ParIndex>1</cim:SLD_Line.ParIndex>
	<cim:SLD_Line.number>4</cim:SLD_Line.number>
	<cim:SLD_Line.Node1 rdf:resource="#_ffaf66dd3b5b4f7a85d5a39fbd00a521"/>
	<cim:SLD_Line.Node2 rdf:resource="#_449dc03d196049b2b1e4ebc4261049ad"/>
</cim:SLD_Line>
<cim:SLD_Line rdf:ID="_2f62d1106dad4ca1a4305902db35037e">
	<cim:SLD_Line.nmb_of_knees>4</cim:SLD_Line.nmb_of_knees>
	<cim:SLD_Line.knee_coordinate.x>208</cim:SLD_Line.knee_coordinate.x>
	<cim:SLD_Line.knee_coordinate.y>189</cim:SLD_Line.knee_coordinate.y>
	<cim:SLD_Line.knee_coordinate.x>208</cim:SLD_Line.knee_coordinate.x>
	<cim:SLD_Line.knee_coordinate.y>229</cim:SLD_Line.knee_coordinate.y>
	<cim:SLD_Line.knee_coordinate.x>47</cim:SLD_Line.knee_coordinate.x>
	<cim:SLD_Line.knee_coordinate.y>337</cim:SLD_Line.knee_coordinate.y>
	<cim:SLD_Line.knee_coordinate.x>47</cim:SLD_Line.knee_coordinate.x>
	<cim:SLD_Line.knee_coordinate.y>377</cim:SLD_Line.knee_coordinate.y>
	<cim:SLD_Line.type>0</cim:SLD_Line.type>
	<cim:SLD_Line.color>255</cim:SLD_Line.color>
	<cim:SLD_Line.width>6</cim:SLD_Line.width>
	<cim:SLD_Line.tertiary_wndg_connection>0</cim:SLD_Line.tertiary_wndg_connection>
	<cim:SLD_Line.tran_nmb>-1</cim:SLD_Line.tran_nmb>
	<cim:SLD_Line.First_CB>1</cim:SLD_Line.First_CB>
	<cim:SLD_Line.Second_CB>1</cim:SLD_Line.Second_CB>
	<cim:SLD_Line.H1_Offset>0</cim:SLD_Line.H1_Offset>
	<cim:SLD_Line.V1_Offset>0</cim:SLD_Line.V1_Offset>
	<cim:SLD_Line.H2_Offset>0</cim:SLD_Line.H2_Offset>
	<cim:SLD_Line.V2_Offset>0</cim:SLD_Line.V2_Offset>
	<cim:SLD_Line.NodeCode1>Node 1</cim:SLD_Line.NodeCode1>
	<cim:SLD_Line.NodeCode2>Node 7</cim:SLD_Line.NodeCode2>
	<cim:SLD_Line.ParIndex>1</cim:SLD_Line.ParIndex>
	<cim:SLD_Line.number>5</cim:SLD_Line.number>
	<cim:SLD_Line.Node1 rdf:resource="#_f8a2f86eaf8a4d5d855d3442e02925c2"/>
	<cim:SLD_Line.Node2 rdf:resource="#_7ac4ed2c20e847bbb91c28d017d045ab"/>
</cim:SLD_Line>
<cim:SLD_Line rdf:ID="_5e8f747299eb40bd821ffc9e7fc5309e">
	<cim:SLD_Line.nmb_of_knees>6</cim:SLD_Line.nmb_of_knees>
	<cim:SLD_Line.knee_coordinate.x>40</cim:SLD_Line.knee_coordinate.x>
	<cim:SLD_Line.knee_coordinate.y>552</cim:SLD_Line.knee_coordinate.y>
	<cim:SLD_Line.knee_coordinate.x>40</cim:SLD_Line.knee_coordinate.x>
	<cim:SLD_Line.knee_coordinate.y>592</cim:SLD_Line.knee_coordinate.y>
	<cim:SLD_Line.knee_coordinate.x>41</cim:SLD_Line.knee_coordinate.x>
	<cim:SLD_Line.knee_coordinate.y>668</cim:SLD_Line.knee_coordinate.y>
	<cim:SLD_Line.knee_coordinate.x>383</cim:SLD_Line.knee_coordinate.x>
	<cim:SLD_Line.knee_coordinate.y>693</cim:SLD_Line.knee_coordinate.y>
	<cim:SLD_Line.knee_coordinate.x>383</cim:SLD_Line.knee_coordinate.x>
	<cim:SLD_Line.knee_coordinate.y>709</cim:SLD_Line.knee_coordinate.y>
	<cim:SLD_Line.knee_coordinate.x>383</cim:SLD_Line.knee_coordinate.x>
	<cim:SLD_Line.knee_coordinate.y>749</cim:SLD_Line.knee_coordinate.y>
	<cim:SLD_Line.type>0</cim:SLD_Line.type>
	<cim:SLD_Line.color>0</cim:SLD_Line.color>
	<cim:SLD_Line.width>4</cim:SLD_Line.width>
	<cim:SLD_Line.tertiary_wndg_connection>0</cim:SLD_Line.tertiary_wndg_connection>
	<cim:SLD_Line.tran_nmb>-1</cim:SLD_Line.tran_nmb>
	<cim:SLD_Line.First_CB>1</cim:SLD_Line.First_CB>
	<cim:SLD_Line.Second_CB>1</cim:SLD_Line.Second_CB>
	<cim:SLD_Line.H1_Offset>0</cim:SLD_Line.H1_Offset>
	<cim:SLD_Line.V1_Offset>0</cim:SLD_Line.V1_Offset>
	<cim:SLD_Line.H2_Offset>0</cim:SLD_Line.H2_Offset>
	<cim:SLD_Line.V2_Offset>0</cim:SLD_Line.V2_Offset>
	<cim:SLD_Line.NodeCode1>Node7-11</cim:SLD_Line.NodeCode1>
	<cim:SLD_Line.NodeCode2>Node 8</cim:SLD_Line.NodeCode2>
	<cim:SLD_Line.ParIndex>1</cim:SLD_Line.ParIndex>
	<cim:SLD_Line.number>6</cim:SLD_Line.number>
	<cim:SLD_Line.Node1 rdf:resource="#_b4dd087464304a5d989bd746f20a8476"/>
	<cim:SLD_Line.Node2 rdf:resource="#_c81d6225dff84053b5c03887b4ae1c4f"/>
</cim:SLD_Line>
<cim:SLD_Line rdf:ID="_2cdae39041874609a5f13ecef595e81e">
	<cim:SLD_Line.nmb_of_knees>7</cim:SLD_Line.nmb_of_knees>
	<cim:SLD_Line.knee_coordinate.x>486</cim:SLD_Line.knee_coordinate.x>
	<cim:SLD_Line.knee_coordinate.y>749</cim:SLD_Line.knee_coordinate.y>
	<cim:SLD_Line.knee_coordinate.x>486</cim:SLD_Line.knee_coordinate.x>
	<cim:SLD_Line.knee_coordinate.y>709</cim:SLD_Line.knee_coordinate.y>
	<cim:SLD_Line.knee_coordinate.x>486</cim:SLD_Line.knee_coordinate.x>
	<cim:SLD_Line.knee_coordinate.y>669</cim:SLD_Line.knee_coordinate.y>
	<cim:SLD_Line.knee_coordinate.x>765</cim:SLD_Line.knee_coordinate.x>
	<cim:SLD_Line.knee_coordinate.y>563</cim:SLD_Line.knee_coordinate.y>
	<cim:SLD_Line.knee_coordinate.x>910</cim:SLD_Line.knee_coordinate.x>
	<cim:SLD_Line.knee_coordinate.y>563</cim:SLD_Line.knee_coordinate.y>
	<cim:SLD_Line.knee_coordinate.x>961</cim:SLD_Line.knee_coordinate.x>
	<cim:SLD_Line.knee_coordinate.y>611</cim:SLD_Line.knee_coordinate.y>
	<cim:SLD_Line.knee_coordinate.x>961</cim:SLD_Line.knee_coordinate.x>
	<cim:SLD_Line.knee_coordinate.y>651</cim:SLD_Line.knee_coordinate.y>
	<cim:SLD_Line.type>0</cim:SLD_Line.type>
	<cim:SLD_Line.color>0</cim:SLD_Line.color>
	<cim:SLD_Line.width>4</cim:SLD_Line.width>
	<cim:SLD_Line.tertiary_wndg_connection>0</cim:SLD_Line.tertiary_wndg_connection>
	<cim:SLD_Line.tran_nmb>-1</cim:SLD_Line.tran_nmb>
	<cim:SLD_Line.First_CB>1</cim:SLD_Line.First_CB>
	<cim:SLD_Line.Second_CB>1</cim:SLD_Line.Second_CB>
	<cim:SLD_Line.H1_Offset>0</cim:SLD_Line.H1_Offset>
	<cim:SLD_Line.V1_Offset>0</cim:SLD_Line.V1_Offset>
	<cim:SLD_Line.H2_Offset>0</cim:SLD_Line.H2_Offset>
	<cim:SLD_Line.V2_Offset>0</cim:SLD_Line.V2_Offset>
	<cim:SLD_Line.NodeCode1>Node 8</cim:SLD_Line.NodeCode1>
	<cim:SLD_Line.NodeCode2>Node3_11</cim:SLD_Line.NodeCode2>
	<cim:SLD_Line.ParIndex>1</cim:SLD_Line.ParIndex>
	<cim:SLD_Line.number>7</cim:SLD_Line.number>
	<cim:SLD_Line.Node1 rdf:resource="#_c81d6225dff84053b5c03887b4ae1c4f"/>
	<cim:SLD_Line.Node2 rdf:resource="#_ffaf66dd3b5b4f7a85d5a39fbd00a521"/>
</cim:SLD_Line>
<cim:SLD_Line rdf:ID="_c0e48a13297544718d17eb6b7af335db">
	<cim:SLD_Line.nmb_of_knees>4</cim:SLD_Line.nmb_of_knees>
	<cim:SLD_Line.knee_coordinate.x>1638</cim:SLD_Line.knee_coordinate.x>
	<cim:SLD_Line.knee_coordinate.y>423</cim:SLD_Line.knee_coordinate.y>
	<cim:SLD_Line.knee_coordinate.x>1638</cim:SLD_Line.knee_coordinate.x>
	<cim:SLD_Line.knee_coordinate.y>383</cim:SLD_Line.knee_coordinate.y>
	<cim:SLD_Line.knee_coordinate.x>1702</cim:SLD_Line.knee_coordinate.x>
	<cim:SLD_Line.knee_coordinate.y>242</cim:SLD_Line.knee_coordinate.y>
	<cim:SLD_Line.knee_coordinate.x>1702</cim:SLD_Line.knee_coordinate.x>
	<cim:SLD_Line.knee_coordinate.y>202</cim:SLD_Line.knee_coordinate.y>
	<cim:SLD_Line.type>0</cim:SLD_Line.type>
	<cim:SLD_Line.color>0</cim:SLD_Line.color>
	<cim:SLD_Line.width>4</cim:SLD_Line.width>
	<cim:SLD_Line.tertiary_wndg_connection>0</cim:SLD_Line.tertiary_wndg_connection>
	<cim:SLD_Line.tran_nmb>-1</cim:SLD_Line.tran_nmb>
	<cim:SLD_Line.First_CB>1</cim:SLD_Line.First_CB>
	<cim:SLD_Line.Second_CB>1</cim:SLD_Line.Second_CB>
	<cim:SLD_Line.H1_Offset>0</cim:SLD_Line.H1_Offset>
	<cim:SLD_Line.V1_Offset>0</cim:SLD_Line.V1_Offset>
	<cim:SLD_Line.H2_Offset>0</cim:SLD_Line.H2_Offset>
	<cim:SLD_Line.V2_Offset>0</cim:SLD_Line.V2_Offset>
	<cim:SLD_Line.NodeCode1>Node 5</cim:SLD_Line.NodeCode1>
	<cim:SLD_Line.NodeCode2>Node 9</cim:SLD_Line.NodeCode2>
	<cim:SLD_Line.ParIndex>1</cim:SLD_Line.ParIndex>
	<cim:SLD_Line.number>8</cim:SLD_Line.number>
	<cim:SLD_Line.Node1 rdf:resource="#_449dc03d196049b2b1e4ebc4261049ad"/>
	<cim:SLD_Line.Node2 rdf:resource="#_9f67040d1d9f465da4eb3fe187f16303"/>
</cim:SLD_Line>
<cim:SLD_Line rdf:ID="_e9b89d6fe6d449e0a617c2dc07dd49d3">
	<cim:SLD_Line.nmb_of_knees>4</cim:SLD_Line.nmb_of_knees>
	<cim:SLD_Line.knee_coordinate.x>512</cim:SLD_Line.knee_coordinate.x>
	<cim:SLD_Line.knee_coordinate.y>749</cim:SLD_Line.knee_coordinate.y>
	<cim:SLD_Line.knee_coordinate.x>512</cim:SLD_Line.knee_coordinate.x>
	<cim:SLD_Line.knee_coordinate.y>789</cim:SLD_Line.knee_coordinate.y>
	<cim:SLD_Line.knee_coordinate.x>511</cim:SLD_Line.knee_coordinate.x>
	<cim:SLD_Line.knee_coordinate.y>896</cim:SLD_Line.knee_coordinate.y>
	<cim:SLD_Line.knee_coordinate.x>511</cim:SLD_Line.knee_coordinate.x>
	<cim:SLD_Line.knee_coordinate.y>936</cim:SLD_Line.knee_coordinate.y>
	<cim:SLD_Line.type>0</cim:SLD_Line.type>
	<cim:SLD_Line.color>0</cim:SLD_Line.color>
	<cim:SLD_Line.width>4</cim:SLD_Line.width>
	<cim:SLD_Line.tertiary_wndg_connection>0</cim:SLD_Line.tertiary_wndg_connection>
	<cim:SLD_Line.tran_nmb>-1</cim:SLD_Line.tran_nmb>
	<cim:SLD_Line.First_CB>1</cim:SLD_Line.First_CB>
	<cim:SLD_Line.Second_CB>1</cim:SLD_Line.Second_CB>
	<cim:SLD_Line.H1_Offset>0</cim:SLD_Line.H1_Offset>
	<cim:SLD_Line.V1_Offset>0</cim:SLD_Line.V1_Offset>
	<cim:SLD_Line.H2_Offset>0</cim:SLD_Line.H2_Offset>
	<cim:SLD_Line.V2_Offset>0</cim:SLD_Line.V2_Offset>
	<cim:SLD_Line.NodeCode1>Node 8</cim:SLD_Line.NodeCode1>
	<cim:SLD_Line.NodeCode2>Node 10</cim:SLD_Line.NodeCode2>
	<cim:SLD_Line.ParIndex>1</cim:SLD_Line.ParIndex>
	<cim:SLD_Line.number>9</cim:SLD_Line.number>
	<cim:SLD_Line.Node1 rdf:resource="#_c81d6225dff84053b5c03887b4ae1c4f"/>
	<cim:SLD_Line.Node2 rdf:resource="#_1296b30e1bc141a6a7cd4cbbb2c3ee88"/>
</cim:SLD_Line>
<cim:SLD_Line rdf:ID="_a71c3c52ca5e401d94c4ea59e8ceea9d">
	<cim:SLD_Line.nmb_of_knees>4</cim:SLD_Line.nmb_of_knees>
	<cim:SLD_Line.knee_coordinate.x>1675</cim:SLD_Line.knee_coordinate.x>
	<cim:SLD_Line.knee_coordinate.y>585</cim:SLD_Line.knee_coordinate.y>
	<cim:SLD_Line.knee_coordinate.x>1675</cim:SLD_Line.knee_coordinate.x>
	<cim:SLD_Line.knee_coordinate.y>625</cim:SLD_Line.knee_coordinate.y>
	<cim:SLD_Line.knee_coordinate.x>1676</cim:SLD_Line.knee_coordinate.x>
	<cim:SLD_Line.knee_coordinate.y>735</cim:SLD_Line.knee_coordinate.y>
	<cim:SLD_Line.knee_coordinate.x>1676</cim:SLD_Line.knee_coordinate.x>
	<cim:SLD_Line.knee_coordinate.y>775</cim:SLD_Line.knee_coordinate.y>
	<cim:SLD_Line.type>0</cim:SLD_Line.type>
	<cim:SLD_Line.color>32766</cim:SLD_Line.color>
	<cim:SLD_Line.width>4</cim:SLD_Line.width>
	<cim:SLD_Line.tertiary_wndg_connection>0</cim:SLD_Line.tertiary_wndg_connection>
	<cim:SLD_Line.tran_nmb>-1</cim:SLD_Line.tran_nmb>
	<cim:SLD_Line.First_CB>1</cim:SLD_Line.First_CB>
	<cim:SLD_Line.Second_CB>1</cim:SLD_Line.Second_CB>
	<cim:SLD_Line.H1_Offset>0</cim:SLD_Line.H1_Offset>
	<cim:SLD_Line.V1_Offset>0</cim:SLD_Line.V1_Offset>
	<cim:SLD_Line.H2_Offset>0</cim:SLD_Line.H2_Offset>
	<cim:SLD_Line.V2_Offset>0</cim:SLD_Line.V2_Offset>
	<cim:SLD_Line.NodeCode1>Node 6</cim:SLD_Line.NodeCode1>
	<cim:SLD_Line.NodeCode2>Node 11</cim:SLD_Line.NodeCode2>
	<cim:SLD_Line.ParIndex>1</cim:SLD_Line.ParIndex>
	<cim:SLD_Line.number>10</cim:SLD_Line.number>
	<cim:SLD_Line.Node1 rdf:resource="#_78b6260757f3406598cb3770f4928b5e"/>
	<cim:SLD_Line.Node2 rdf:resource="#_878395d1be434204bbd223d023191cd8"/>
</cim:SLD_Line>
<cim:SLD_Line rdf:ID="_fe5d962881e34f24b387ffdeadde7f9b">
	<cim:SLD_Line.nmb_of_knees>4</cim:SLD_Line.nmb_of_knees>
	<cim:SLD_Line.knee_coordinate.x>1708</cim:SLD_Line.knee_coordinate.x>
	<cim:SLD_Line.knee_coordinate.y>775</cim:SLD_Line.knee_coordinate.y>
	<cim:SLD_Line.knee_coordinate.x>1708</cim:SLD_Line.knee_coordinate.x>
	<cim:SLD_Line.knee_coordinate.y>815</cim:SLD_Line.knee_coordinate.y>
	<cim:SLD_Line.knee_coordinate.x>1709</cim:SLD_Line.knee_coordinate.x>
	<cim:SLD_Line.knee_coordinate.y>887</cim:SLD_Line.knee_coordinate.y>
	<cim:SLD_Line.knee_coordinate.x>1709</cim:SLD_Line.knee_coordinate.x>
	<cim:SLD_Line.knee_coordinate.y>927</cim:SLD_Line.knee_coordinate.y>
	<cim:SLD_Line.type>0</cim:SLD_Line.type>
	<cim:SLD_Line.color>32766</cim:SLD_Line.color>
	<cim:SLD_Line.width>4</cim:SLD_Line.width>
	<cim:SLD_Line.tertiary_wndg_connection>0</cim:SLD_Line.tertiary_wndg_connection>
	<cim:SLD_Line.tran_nmb>-1</cim:SLD_Line.tran_nmb>
	<cim:SLD_Line.First_CB>1</cim:SLD_Line.First_CB>
	<cim:SLD_Line.Second_CB>1</cim:SLD_Line.Second_CB>
	<cim:SLD_Line.H1_Offset>0</cim:SLD_Line.H1_Offset>
	<cim:SLD_Line.V1_Offset>0</cim:SLD_Line.V1_Offset>
	<cim:SLD_Line.H2_Offset>0</cim:SLD_Line.H2_Offset>
	<cim:SLD_Line.V2_Offset>0</cim:SLD_Line.V2_Offset>
	<cim:SLD_Line.NodeCode1>Node 11</cim:SLD_Line.NodeCode1>
	<cim:SLD_Line.NodeCode2>Node 12</cim:SLD_Line.NodeCode2>
	<cim:SLD_Line.ParIndex>1</cim:SLD_Line.ParIndex>
	<cim:SLD_Line.number>11</cim:SLD_Line.number>
	<cim:SLD_Line.Node1 rdf:resource="#_878395d1be434204bbd223d023191cd8"/>
	<cim:SLD_Line.Node2 rdf:resource="#_ef1708dd9fe84e4d9eb23986f1297983"/>
</cim:SLD_Line>
<cim:SLD_Line rdf:ID="_481288153fb842138534a237c0d7555a">
	<cim:SLD_Line.nmb_of_knees>4</cim:SLD_Line.nmb_of_knees>
	<cim:SLD_Line.knee_coordinate.x>1500</cim:SLD_Line.knee_coordinate.x>
	<cim:SLD_Line.knee_coordinate.y>968</cim:SLD_Line.knee_coordinate.y>
	<cim:SLD_Line.knee_coordinate.x>1500</cim:SLD_Line.knee_coordinate.x>
	<cim:SLD_Line.knee_coordinate.y>928</cim:SLD_Line.knee_coordinate.y>
	<cim:SLD_Line.knee_coordinate.x>1669</cim:SLD_Line.knee_coordinate.x>
	<cim:SLD_Line.knee_coordinate.y>927</cim:SLD_Line.knee_coordinate.y>
	<cim:SLD_Line.knee_coordinate.x>1709</cim:SLD_Line.knee_coordinate.x>
	<cim:SLD_Line.knee_coordinate.y>927</cim:SLD_Line.knee_coordinate.y>
	<cim:SLD_Line.type>0</cim:SLD_Line.type>
	<cim:SLD_Line.color>32766</cim:SLD_Line.color>
	<cim:SLD_Line.width>4</cim:SLD_Line.width>
	<cim:SLD_Line.tertiary_wndg_connection>0</cim:SLD_Line.tertiary_wndg_connection>
	<cim:SLD_Line.tran_nmb>-1</cim:SLD_Line.tran_nmb>
	<cim:SLD_Line.First_CB>1</cim:SLD_Line.First_CB>
	<cim:SLD_Line.Second_CB>1</cim:SLD_Line.Second_CB>
	<cim:SLD_Line.H1_Offset>0</cim:SLD_Line.H1_Offset>
	<cim:SLD_Line.V1_Offset>0</cim:SLD_Line.V1_Offset>
	<cim:SLD_Line.H2_Offset>20</cim:SLD_Line.H2_Offset>
	<cim:SLD_Line.V2_Offset>0</cim:SLD_Line.V2_Offset>
	<cim:SLD_Line.NodeCode1>Node 13</cim:SLD_Line.NodeCode1>
	<cim:SLD_Line.NodeCode2>Node 12</cim:SLD_Line.NodeCode2>
	<cim:SLD_Line.ParIndex>1</cim:SLD_Line.ParIndex>
	<cim:SLD_Line.number>12</cim:SLD_Line.number>
	<cim:SLD_Line.Node1 rdf:resource="#_50d1f772c26e4587afaa6c501357563b"/>
	<cim:SLD_Line.Node2 rdf:resource="#_ef1708dd9fe84e4d9eb23986f1297983"/>
</cim:SLD_Line>
<cim:SLD_Line rdf:ID="_0fd4e2d37c174428a07aaff617a1ab34">
	<cim:SLD_Line.nmb_of_knees>7</cim:SLD_Line.nmb_of_knees>
	<cim:SLD_Line.knee_coordinate.x>605</cim:SLD_Line.knee_coordinate.x>
	<cim:SLD_Line.knee_coordinate.y>936</cim:SLD_Line.knee_coordinate.y>
	<cim:SLD_Line.knee_coordinate.x>605</cim:SLD_Line.knee_coordinate.x>
	<cim:SLD_Line.knee_coordinate.y>896</cim:SLD_Line.knee_coordinate.y>
	<cim:SLD_Line.knee_coordinate.x>606</cim:SLD_Line.knee_coordinate.x>
	<cim:SLD_Line.knee_coordinate.y>849</cim:SLD_Line.knee_coordinate.y>
	<cim:SLD_Line.knee_coordinate.x>730</cim:SLD_Line.knee_coordinate.x>
	<cim:SLD_Line.knee_coordinate.y>755</cim:SLD_Line.knee_coordinate.y>
	<cim:SLD_Line.knee_coordinate.x>813</cim:SLD_Line.knee_coordinate.x>
	<cim:SLD_Line.knee_coordinate.y>755</cim:SLD_Line.knee_coordinate.y>
	<cim:SLD_Line.knee_coordinate.x>814</cim:SLD_Line.knee_coordinate.x>
	<cim:SLD_Line.knee_coordinate.y>796</cim:SLD_Line.knee_coordinate.y>
	<cim:SLD_Line.knee_coordinate.x>814</cim:SLD_Line.knee_coordinate.x>
	<cim:SLD_Line.knee_coordinate.y>836</cim:SLD_Line.knee_coordinate.y>
	<cim:SLD_Line.type>0</cim:SLD_Line.type>
	<cim:SLD_Line.color>0</cim:SLD_Line.color>
	<cim:SLD_Line.width>4</cim:SLD_Line.width>
	<cim:SLD_Line.tertiary_wndg_connection>0</cim:SLD_Line.tertiary_wndg_connection>
	<cim:SLD_Line.tran_nmb>-1</cim:SLD_Line.tran_nmb>
	<cim:SLD_Line.First_CB>1</cim:SLD_Line.First_CB>
	<cim:SLD_Line.Second_CB>1</cim:SLD_Line.Second_CB>
	<cim:SLD_Line.H1_Offset>0</cim:SLD_Line.H1_Offset>
	<cim:SLD_Line.V1_Offset>0</cim:SLD_Line.V1_Offset>
	<cim:SLD_Line.H2_Offset>0</cim:SLD_Line.H2_Offset>
	<cim:SLD_Line.V2_Offset>0</cim:SLD_Line.V2_Offset>
	<cim:SLD_Line.NodeCode1>Node 10</cim:SLD_Line.NodeCode1>
	<cim:SLD_Line.NodeCode2>Node 14</cim:SLD_Line.NodeCode2>
	<cim:SLD_Line.ParIndex>1</cim:SLD_Line.ParIndex>
	<cim:SLD_Line.number>13</cim:SLD_Line.number>
	<cim:SLD_Line.Node1 rdf:resource="#_1296b30e1bc141a6a7cd4cbbb2c3ee88"/>
	<cim:SLD_Line.Node2 rdf:resource="#_b53e2feac15044bf94bfff6f43c86bba"/>
</cim:SLD_Line>
<cim:SLD_Tran rdf:ID="_1d0ff849e4ad425ba64e8063e6da88a3">
	<cim:SLD_Tran.knee_coordinate.x>367</cim:SLD_Tran.knee_coordinate.x>
	<cim:SLD_Tran.knee_coordinate.y>189</cim:SLD_Tran.knee_coordinate.y>
	<cim:SLD_Tran.knee_coordinate.x>367</cim:SLD_Tran.knee_coordinate.x>
	<cim:SLD_Tran.knee_coordinate.y>219</cim:SLD_Tran.knee_coordinate.y>
	<cim:SLD_Tran.knee_coordinate.x>367</cim:SLD_Tran.knee_coordinate.x>
	<cim:SLD_Tran.knee_coordinate.y>392</cim:SLD_Tran.knee_coordinate.y>
	<cim:SLD_Tran.knee_coordinate.x>367</cim:SLD_Tran.knee_coordinate.x>
	<cim:SLD_Tran.knee_coordinate.y>422</cim:SLD_Tran.knee_coordinate.y>
	<cim:SLD_Tran_three_wndg_tran>1</cim:SLD_Tran_three_wndg_tran>
	<cim:SLD_Tran_primary_wndg.color>255</cim:SLD_Tran_primary_wndg.color>
	<cim:SLD_Tran_primary_wndg.width>6</cim:SLD_Tran_primary_wndg.width>
	<cim:SLD_Tran_secondary_wndg.color>16711680</cim:SLD_Tran_secondary_wndg.color>
	<cim:SLD_Tran_secondary_wndg.width>6</cim:SLD_Tran_secondary_wndg.width>
	<cim:SLD_Tran_tertiary_wndg.color>16711680</cim:SLD_Tran_tertiary_wndg.color>
	<cim:SLD_Tran_tertiary_wndg.width>6</cim:SLD_Tran_tertiary_wndg.width>
	<cim:SLD_Tran.First_CB>1</cim:SLD_Tran.First_CB>
	<cim:SLD_Tran.Second_CB>1</cim:SLD_Tran.Second_CB>
	<cim:SLD_Tran.NodeCode1>Node 1</cim:SLD_Tran.NodeCode1>
	<cim:SLD_Tran.NodeCode2>Node_G1</cim:SLD_Tran.NodeCode2>
	<cim:SLD_Tran.NodeCode3>Node_G2</cim:SLD_Tran.NodeCode3>
	<cim:SLD_Tran.ParIndex>1</cim:SLD_Tran.ParIndex>
	<cim:SLD_Tran.Number>0</cim:SLD_Tran.Number>
	<cim:SLD_Tran.CircleDiameter>40</cim:SLD_Tran.CircleDiameter>
	<cim:SLD_Tran.H1_Offset>0</cim:SLD_Tran.H1_Offset>
	<cim:SLD_Tran.V1_Offset>-5</cim:SLD_Tran.V1_Offset>
	<cim:SLD_Tran.H2_Offset>0</cim:SLD_Tran.H2_Offset>
	<cim:SLD_Tran.V2_Offset>0</cim:SLD_Tran.V2_Offset>
	<cim:SLD_Tran.H3_Offset>0</cim:SLD_Tran.H3_Offset>
	<cim:SLD_Tran.V3_Offset>0</cim:SLD_Tran.V3_Offset>
</cim:SLD_Tran>
<cim:SLD_Tran rdf:ID="_0745124899c54812b1848c9b3bbd3b23">
	<cim:SLD_Tran.knee_coordinate.x>1113</cim:SLD_Tran.knee_coordinate.x>
	<cim:SLD_Tran.knee_coordinate.y>454</cim:SLD_Tran.knee_coordinate.y>
	<cim:SLD_Tran.knee_coordinate.x>1113</cim:SLD_Tran.knee_coordinate.x>
	<cim:SLD_Tran.knee_coordinate.y>484</cim:SLD_Tran.knee_coordinate.y>
	<cim:SLD_Tran.knee_coordinate.x>1113</cim:SLD_Tran.knee_coordinate.x>
	<cim:SLD_Tran.knee_coordinate.y>621</cim:SLD_Tran.knee_coordinate.y>
	<cim:SLD_Tran.knee_coordinate.x>1113</cim:SLD_Tran.knee_coordinate.x>
	<cim:SLD_Tran.knee_coordinate.y>651</cim:SLD_Tran.knee_coordinate.y>
	<cim:SLD_Tran_three_wndg_tran>0</cim:SLD_Tran_three_wndg_tran>
	<cim:SLD_Tran_primary_wndg.color>255</cim:SLD_Tran_primary_wndg.color>
	<cim:SLD_Tran_primary_wndg.width>6</cim:SLD_Tran_primary_wndg.width>
	<cim:SLD_Tran_secondary_wndg.color>0</cim:SLD_Tran_secondary_wndg.color>
	<cim:SLD_Tran_secondary_wndg.width>4</cim:SLD_Tran_secondary_wndg.width>
	<cim:SLD_Tran.First_CB>1</cim:SLD_Tran.First_CB>
	<cim:SLD_Tran.Second_CB>1</cim:SLD_Tran.Second_CB>
	<cim:SLD_Tran.NodeCode1>Node 3</cim:SLD_Tran.NodeCode1>
	<cim:SLD_Tran.NodeCode2>Node3_11</cim:SLD_Tran.NodeCode2>
	<cim:SLD_Tran.ParIndex>1</cim:SLD_Tran.ParIndex>
	<cim:SLD_Tran.Number>1</cim:SLD_Tran.Number>
	<cim:SLD_Tran.CircleDiameter>40</cim:SLD_Tran.CircleDiameter>
	<cim:SLD_Tran.H1_Offset>0</cim:SLD_Tran.H1_Offset>
	<cim:SLD_Tran.V1_Offset>-10</cim:SLD_Tran.V1_Offset>
	<cim:SLD_Tran.H2_Offset>0</cim:SLD_Tran.H2_Offset>
	<cim:SLD_Tran.V2_Offset>10</cim:SLD_Tran.V2_Offset>
	<cim:SLD_Tran.H3_Offset>0</cim:SLD_Tran.H3_Offset>
	<cim:SLD_Tran.V3_Offset>0</cim:SLD_Tran.V3_Offset>
</cim:SLD_Tran>
<cim:SLD_Tran rdf:ID="_3151459336a742d1a26f1ccf0ab7a694">
	<cim:SLD_Tran.knee_coordinate.x>1520</cim:SLD_Tran.knee_coordinate.x>
	<cim:SLD_Tran.knee_coordinate.y>423</cim:SLD_Tran.knee_coordinate.y>
	<cim:SLD_Tran.knee_coordinate.x>1520</cim:SLD_Tran.knee_coordinate.x>
	<cim:SLD_Tran.knee_coordinate.y>453</cim:SLD_Tran.knee_coordinate.y>
	<cim:SLD_Tran.knee_coordinate.x>1520</cim:SLD_Tran.knee_coordinate.x>
	<cim:SLD_Tran.knee_coordinate.y>557</cim:SLD_Tran.knee_coordinate.y>
	<cim:SLD_Tran.knee_coordinate.x>1520</cim:SLD_Tran.knee_coordinate.x>
	<cim:SLD_Tran.knee_coordinate.y>587</cim:SLD_Tran.knee_coordinate.y>
	<cim:SLD_Tran_three_wndg_tran>0</cim:SLD_Tran_three_wndg_tran>
	<cim:SLD_Tran_primary_wndg.color>0</cim:SLD_Tran_primary_wndg.color>
	<cim:SLD_Tran_primary_wndg.width>4</cim:SLD_Tran_primary_wndg.width>
	<cim:SLD_Tran_secondary_wndg.color>8421504</cim:SLD_Tran_secondary_wndg.color>
	<cim:SLD_Tran_secondary_wndg.width>4</cim:SLD_Tran_secondary_wndg.width>
	<cim:SLD_Tran.First_CB>1</cim:SLD_Tran.First_CB>
	<cim:SLD_Tran.Second_CB>1</cim:SLD_Tran.Second_CB>
	<cim:SLD_Tran.NodeCode1>Node 5</cim:SLD_Tran.NodeCode1>
	<cim:SLD_Tran.NodeCode2>G3</cim:SLD_Tran.NodeCode2>
	<cim:SLD_Tran.ParIndex>1</cim:SLD_Tran.ParIndex>
	<cim:SLD_Tran.Number>2</cim:SLD_Tran.Number>
	<cim:SLD_Tran.CircleDiameter>34</cim:SLD_Tran.CircleDiameter>
	<cim:SLD_Tran.H1_Offset>0</cim:SLD_Tran.H1_Offset>
	<cim:SLD_Tran.V1_Offset>0</cim:SLD_Tran.V1_Offset>
	<cim:SLD_Tran.H2_Offset>0</cim:SLD_Tran.H2_Offset>
	<cim:SLD_Tran.V2_Offset>0</cim:SLD_Tran.V2_Offset>
	<cim:SLD_Tran.H3_Offset>0</cim:SLD_Tran.H3_Offset>
	<cim:SLD_Tran.V3_Offset>0</cim:SLD_Tran.V3_Offset>
</cim:SLD_Tran>
<cim:SLD_Tran rdf:ID="_4c589a38ed114dbd9e57a0a1c5f1d238">
	<cim:SLD_Tran.knee_coordinate.x>1704</cim:SLD_Tran.knee_coordinate.x>
	<cim:SLD_Tran.knee_coordinate.y>423</cim:SLD_Tran.knee_coordinate.y>
	<cim:SLD_Tran.knee_coordinate.x>1704</cim:SLD_Tran.knee_coordinate.x>
	<cim:SLD_Tran.knee_coordinate.y>453</cim:SLD_Tran.knee_coordinate.y>
	<cim:SLD_Tran.knee_coordinate.x>1704</cim:SLD_Tran.knee_coordinate.x>
	<cim:SLD_Tran.knee_coordinate.y>555</cim:SLD_Tran.knee_coordinate.y>
	<cim:SLD_Tran.knee_coordinate.x>1704</cim:SLD_Tran.knee_coordinate.x>
	<cim:SLD_Tran.knee_coordinate.y>585</cim:SLD_Tran.knee_coordinate.y>
	<cim:SLD_Tran_three_wndg_tran>0</cim:SLD_Tran_three_wndg_tran>
	<cim:SLD_Tran_primary_wndg.color>0</cim:SLD_Tran_primary_wndg.color>
	<cim:SLD_Tran_primary_wndg.width>4</cim:SLD_Tran_primary_wndg.width>
	<cim:SLD_Tran_secondary_wndg.color>32766</cim:SLD_Tran_secondary_wndg.color>
	<cim:SLD_Tran_secondary_wndg.width>4</cim:SLD_Tran_secondary_wndg.width>
	<cim:SLD_Tran.First_CB>1</cim:SLD_Tran.First_CB>
	<cim:SLD_Tran.Second_CB>1</cim:SLD_Tran.Second_CB>
	<cim:SLD_Tran.NodeCode1>Node 5</cim:SLD_Tran.NodeCode1>
	<cim:SLD_Tran.NodeCode2>Node 6</cim:SLD_Tran.NodeCode2>
	<cim:SLD_Tran.ParIndex>1</cim:SLD_Tran.ParIndex>
	<cim:SLD_Tran.Number>3</cim:SLD_Tran.Number>
	<cim:SLD_Tran.CircleDiameter>30</cim:SLD_Tran.CircleDiameter>
	<cim:SLD_Tran.H1_Offset>0</cim:SLD_Tran.H1_Offset>
	<cim:SLD_Tran.V1_Offset>0</cim:SLD_Tran.V1_Offset>
	<cim:SLD_Tran.H2_Offset>0</cim:SLD_Tran.H2_Offset>
	<cim:SLD_Tran.V2_Offset>0</cim:SLD_Tran.V2_Offset>
	<cim:SLD_Tran.H3_Offset>0</cim:SLD_Tran.H3_Offset>
	<cim:SLD_Tran.V3_Offset>0</cim:SLD_Tran.V3_Offset>
</cim:SLD_Tran>
<cim:SLD_Tran rdf:ID="_0dee7682b0ba4e728189709a1e720942">
	<cim:SLD_Tran.knee_coordinate.x>99</cim:SLD_Tran.knee_coordinate.x>
	<cim:SLD_Tran.knee_coordinate.y>377</cim:SLD_Tran.knee_coordinate.y>
	<cim:SLD_Tran.knee_coordinate.x>99</cim:SLD_Tran.knee_coordinate.x>
	<cim:SLD_Tran.knee_coordinate.y>407</cim:SLD_Tran.knee_coordinate.y>
	<cim:SLD_Tran.knee_coordinate.x>99</cim:SLD_Tran.knee_coordinate.x>
	<cim:SLD_Tran.knee_coordinate.y>522</cim:SLD_Tran.knee_coordinate.y>
	<cim:SLD_Tran.knee_coordinate.x>99</cim:SLD_Tran.knee_coordinate.x>
	<cim:SLD_Tran.knee_coordinate.y>552</cim:SLD_Tran.knee_coordinate.y>
	<cim:SLD_Tran_three_wndg_tran>0</cim:SLD_Tran_three_wndg_tran>
	<cim:SLD_Tran_primary_wndg.color>255</cim:SLD_Tran_primary_wndg.color>
	<cim:SLD_Tran_primary_wndg.width>6</cim:SLD_Tran_primary_wndg.width>
	<cim:SLD_Tran_secondary_wndg.color>0</cim:SLD_Tran_secondary_wndg.color>
	<cim:SLD_Tran_secondary_wndg.width>4</cim:SLD_Tran_secondary_wndg.width>
	<cim:SLD_Tran.First_CB>1</cim:SLD_Tran.First_CB>
	<cim:SLD_Tran.Second_CB>1</cim:SLD_Tran.Second_CB>
	<cim:SLD_Tran.NodeCode1>Node 7</cim:SLD_Tran.NodeCode1>
	<cim:SLD_Tran.NodeCode2>Node7-11</cim:SLD_Tran.NodeCode2>
	<cim:SLD_Tran.ParIndex>1</cim:SLD_Tran.ParIndex>
	<cim:SLD_Tran.Number>4</cim:SLD_Tran.Number>
	<cim:SLD_Tran.CircleDiameter>40</cim:SLD_Tran.CircleDiameter>
	<cim:SLD_Tran.H1_Offset>0</cim:SLD_Tran.H1_Offset>
	<cim:SLD_Tran.V1_Offset>0</cim:SLD_Tran.V1_Offset>
	<cim:SLD_Tran.H2_Offset>0</cim:SLD_Tran.H2_Offset>
	<cim:SLD_Tran.V2_Offset>0</cim:SLD_Tran.V2_Offset>
	<cim:SLD_Tran.H3_Offset>0</cim:SLD_Tran.H3_Offset>
	<cim:SLD_Tran.V3_Offset>0</cim:SLD_Tran.V3_Offset>
</cim:SLD_Tran>
<cim:SLD_Tran rdf:ID="_9712d287e7be4c909f44bb963cc09b6a">
	<cim:SLD_Tran.knee_coordinate.x>1760</cim:SLD_Tran.knee_coordinate.x>
	<cim:SLD_Tran.knee_coordinate.y>202</cim:SLD_Tran.knee_coordinate.y>
	<cim:SLD_Tran.knee_coordinate.x>1760</cim:SLD_Tran.knee_coordinate.x>
	<cim:SLD_Tran.knee_coordinate.y>172</cim:SLD_Tran.knee_coordinate.y>
	<cim:SLD_Tran.knee_coordinate.x>1760</cim:SLD_Tran.knee_coordinate.x>
	<cim:SLD_Tran.knee_coordinate.y>74</cim:SLD_Tran.knee_coordinate.y>
	<cim:SLD_Tran.knee_coordinate.x>1760</cim:SLD_Tran.knee_coordinate.x>
	<cim:SLD_Tran.knee_coordinate.y>44</cim:SLD_Tran.knee_coordinate.y>
	<cim:SLD_Tran_three_wndg_tran>0</cim:SLD_Tran_three_wndg_tran>
	<cim:SLD_Tran_primary_wndg.color>0</cim:SLD_Tran_primary_wndg.color>
	<cim:SLD_Tran_primary_wndg.width>4</cim:SLD_Tran_primary_wndg.width>
	<cim:SLD_Tran_secondary_wndg.color>32896</cim:SLD_Tran_secondary_wndg.color>
	<cim:SLD_Tran_secondary_wndg.width>4</cim:SLD_Tran_secondary_wndg.width>
	<cim:SLD_Tran.First_CB>1</cim:SLD_Tran.First_CB>
	<cim:SLD_Tran.Second_CB>1</cim:SLD_Tran.Second_CB>
	<cim:SLD_Tran.NodeCode1>Node 9</cim:SLD_Tran.NodeCode1>
	<cim:SLD_Tran.NodeCode2>Node9_35</cim:SLD_Tran.NodeCode2>
	<cim:SLD_Tran.ParIndex>1</cim:SLD_Tran.ParIndex>
	<cim:SLD_Tran.Number>5</cim:SLD_Tran.Number>
	<cim:SLD_Tran.CircleDiameter>30</cim:SLD_Tran.CircleDiameter>
	<cim:SLD_Tran.H1_Offset>0</cim:SLD_Tran.H1_Offset>
	<cim:SLD_Tran.V1_Offset>0</cim:SLD_Tran.V1_Offset>
	<cim:SLD_Tran.H2_Offset>0</cim:SLD_Tran.H2_Offset>
	<cim:SLD_Tran.V2_Offset>0</cim:SLD_Tran.V2_Offset>
	<cim:SLD_Tran.H3_Offset>0</cim:SLD_Tran.H3_Offset>
	<cim:SLD_Tran.V3_Offset>0</cim:SLD_Tran.V3_Offset>
</cim:SLD_Tran>
<cim:SLD_Generator rdf:ID="_850d2b4cd29746a58fcaf7a06d7415a0">
	<cim:SLD_Generator.x_coordinate>373</cim:SLD_Generator.x_coordinate>
	<cim:SLD_Generator.y_coordinate>459</cim:SLD_Generator.y_coordinate>
	<cim:SLD_Generator.radius>30</cim:SLD_Generator.radius>
	<cim:SLD_Generator.width>1</cim:SLD_Generator.width>
	<cim:SLD_Generator.color>16744576</cim:SLD_Generator.color>
	<cim:SLD_Generator.border_color>0</cim:SLD_Generator.border_color>
	<cim:SLD_Generator.number_of_element>0</cim:SLD_Generator.number_of_element>
	<cim:SLD_Generator.number_of_node>2</cim:SLD_Generator.number_of_node>
	<cim:SLD_Generator.already_drawn>1</cim:SLD_Generator.already_drawn>
	<cim:SLD_Generator.CB>1</cim:SLD_Generator.CB>
</cim:SLD_Generator>
<cim:SLD_Generator rdf:ID="_a109c640a09b4c35a0b6f2c5f93a5444">
	<cim:SLD_Generator.x_coordinate>589</cim:SLD_Generator.x_coordinate>
	<cim:SLD_Generator.y_coordinate>461</cim:SLD_Generator.y_coordinate>
	<cim:SLD_Generator.radius>30</cim:SLD_Generator.radius>
	<cim:SLD_Generator.width>1</cim:SLD_Generator.width>
	<cim:SLD_Generator.color>16744576</cim:SLD_Generator.color>
	<cim:SLD_Generator.border_color>0</cim:SLD_Generator.border_color>
	<cim:SLD_Generator.number_of_element>1</cim:SLD_Generator.number_of_element>
	<cim:SLD_Generator.number_of_node>3</cim:SLD_Generator.number_of_node>
	<cim:SLD_Generator.already_drawn>1</cim:SLD_Generator.already_drawn>
	<cim:SLD_Generator.CB>1</cim:SLD_Generator.CB>
</cim:SLD_Generator>
<cim:SLD_Generator rdf:ID="_fe53910ce65140c796854064c8c6587e">
	<cim:SLD_Generator.x_coordinate>1541</cim:SLD_Generator.x_coordinate>
	<cim:SLD_Generator.y_coordinate>625</cim:SLD_Generator.y_coordinate>
	<cim:SLD_Generator.radius>20</cim:SLD_Generator.radius>
	<cim:SLD_Generator.width>1</cim:SLD_Generator.width>
	<cim:SLD_Generator.color>12632256</cim:SLD_Generator.color>
	<cim:SLD_Generator.border_color>0</cim:SLD_Generator.border_color>
	<cim:SLD_Generator.number_of_element>2</cim:SLD_Generator.number_of_element>
	<cim:SLD_Generator.number_of_node>8</cim:SLD_Generator.number_of_node>
	<cim:SLD_Generator.already_drawn>1</cim:SLD_Generator.already_drawn>
	<cim:SLD_Generator.CB>1</cim:SLD_Generator.CB>
</cim:SLD_Generator>
<cim:SLD_Generator rdf:ID="_906b34c116174b90b9283cb88b0d8704">
	<cim:SLD_Generator.x_coordinate>1760</cim:SLD_Generator.x_coordinate>
	<cim:SLD_Generator.y_coordinate>623</cim:SLD_Generator.y_coordinate>
	<cim:SLD_Generator.radius>20</cim:SLD_Generator.radius>
	<cim:SLD_Generator.width>1</cim:SLD_Generator.width>
	<cim:SLD_Generator.color>2162464</cim:SLD_Generator.color>
	<cim:SLD_Generator.border_color>0</cim:SLD_Generator.border_color>
	<cim:SLD_Generator.number_of_element>3</cim:SLD_Generator.number_of_element>
	<cim:SLD_Generator.number_of_node>9</cim:SLD_Generator.number_of_node>
	<cim:SLD_Generator.already_drawn>1</cim:SLD_Generator.already_drawn>
	<cim:SLD_Generator.CB>1</cim:SLD_Generator.CB>
</cim:SLD_Generator>
<cim:SLD_Generator rdf:ID="_fd9e3886adfd4bf2af114a7d4a71d205">
	<cim:SLD_Generator.x_coordinate>1589</cim:SLD_Generator.x_coordinate>
	<cim:SLD_Generator.y_coordinate>82</cim:SLD_Generator.y_coordinate>
	<cim:SLD_Generator.radius>17</cim:SLD_Generator.radius>
	<cim:SLD_Generator.width>1</cim:SLD_Generator.width>
	<cim:SLD_Generator.color>65535</cim:SLD_Generator.color>
	<cim:SLD_Generator.border_color>0</cim:SLD_Generator.border_color>
	<cim:SLD_Generator.number_of_element>4</cim:SLD_Generator.number_of_element>
	<cim:SLD_Generator.number_of_node>13</cim:SLD_Generator.number_of_node>
	<cim:SLD_Generator.already_drawn>1</cim:SLD_Generator.already_drawn>
	<cim:SLD_Generator.CB>1</cim:SLD_Generator.CB>
</cim:SLD_Generator>
<cim:SLD_ExternalSystem rdf:ID="_33bd3d9c3d784d16a47779977512b0e8">
	<cim:SLD_ExternalSystem.x_coordinate>47</cim:SLD_ExternalSystem.x_coordinate>
	<cim:SLD_ExternalSystem.y_coordinate>136</cim:SLD_ExternalSystem.y_coordinate>
	<cim:SLD_ExternalSystem.a_side>50</cim:SLD_ExternalSystem.a_side>
	<cim:SLD_ExternalSystem.b_side>50</cim:SLD_ExternalSystem.b_side>
	<cim:SLD_ExternalSystem.width>1</cim:SLD_ExternalSystem.width>
	<cim:SLD_ExternalSystem.color>65535</cim:SLD_ExternalSystem.color>
	<cim:SLD_ExternalSystem.border_color>0</cim:SLD_ExternalSystem.border_color>
	<cim:SLD_ExternalSystem.number_of_element>0</cim:SLD_ExternalSystem.number_of_element>
	<cim:SLD_ExternalSystem.number_of_node>1</cim:SLD_ExternalSystem.number_of_node>
	<cim:SLD_ExternalSystem.already_drawn>1</cim:SLD_ExternalSystem.already_drawn>
	<cim:SLD_ExternalSystem.CB>1</cim:SLD_ExternalSystem.CB>
</cim:SLD_ExternalSystem>
<cim:SLD_Load rdf:ID="_8c957def975d4f8ba26728df6c1a53b8">
	<cim:SLD_Load.x_coordinate>1147</cim:SLD_Load.x_coordinate>
	<cim:SLD_Load.y_coordinate>232</cim:SLD_Load.y_coordinate>
	<cim:SLD_Load.triangle_side>40</cim:SLD_Load.triangle_side>
	<cim:SLD_Load.width>1</cim:SLD_Load.width>
	<cim:SLD_Load.color>255</cim:SLD_Load.color>
	<cim:SLD_Load.border_color>0</cim:SLD_Load.border_color>
	<cim:SLD_Load.number_of_element>0</cim:SLD_Load.number_of_element>
	<cim:SLD_Load.number_of_node>4</cim:SLD_Load.number_of_node>
	<cim:SLD_Load.already_drawn>1</cim:SLD_Load.already_drawn>
	<cim:SLD_Load.CB>1</cim:SLD_Load.CB>
</cim:SLD_Load>
<cim:SLD_Load rdf:ID="_9f9e3979f3774cd2acbebf50d4b6b4ee">
	<cim:SLD_Load.x_coordinate>1135</cim:SLD_Load.x_coordinate>
	<cim:SLD_Load.y_coordinate>689</cim:SLD_Load.y_coordinate>
	<cim:SLD_Load.triangle_side>34</cim:SLD_Load.triangle_side>
	<cim:SLD_Load.width>1</cim:SLD_Load.width>
	<cim:SLD_Load.color>255</cim:SLD_Load.color>
	<cim:SLD_Load.border_color>0</cim:SLD_Load.border_color>
	<cim:SLD_Load.number_of_element>1</cim:SLD_Load.number_of_element>
	<cim:SLD_Load.number_of_node>6</cim:SLD_Load.number_of_node>
	<cim:SLD_Load.already_drawn>1</cim:SLD_Load.already_drawn>
	<cim:SLD_Load.CB>1</cim:SLD_Load.CB>
</cim:SLD_Load>
<cim:SLD_Load rdf:ID="_93ed6eda3a674da4bf835f09cd7d628d">
	<cim:SLD_Load.x_coordinate>122</cim:SLD_Load.x_coordinate>
	<cim:SLD_Load.y_coordinate>590</cim:SLD_Load.y_coordinate>
	<cim:SLD_Load.triangle_side>30</cim:SLD_Load.triangle_side>
	<cim:SLD_Load.width>1</cim:SLD_Load.width>
	<cim:SLD_Load.color>255</cim:SLD_Load.color>
	<cim:SLD_Load.border_color>0</cim:SLD_Load.border_color>
	<cim:SLD_Load.number_of_element>2</cim:SLD_Load.number_of_element>
	<cim:SLD_Load.number_of_node>11</cim:SLD_Load.number_of_node>
	<cim:SLD_Load.already_drawn>1</cim:SLD_Load.already_drawn>
	<cim:SLD_Load.CB>1</cim:SLD_Load.CB>
</cim:SLD_Load>
<cim:SLD_Load rdf:ID="_2917d6964e4b486fb00637a42eaa36da">
	<cim:SLD_Load.x_coordinate>418</cim:SLD_Load.x_coordinate>
	<cim:SLD_Load.y_coordinate>787</cim:SLD_Load.y_coordinate>
	<cim:SLD_Load.triangle_side>30</cim:SLD_Load.triangle_side>
	<cim:SLD_Load.width>1</cim:SLD_Load.width>
	<cim:SLD_Load.color>255</cim:SLD_Load.color>
	<cim:SLD_Load.border_color>0</cim:SLD_Load.border_color>
	<cim:SLD_Load.number_of_element>3</cim:SLD_Load.number_of_element>
	<cim:SLD_Load.number_of_node>12</cim:SLD_Load.number_of_node>
	<cim:SLD_Load.already_drawn>1</cim:SLD_Load.already_drawn>
	<cim:SLD_Load.CB>1</cim:SLD_Load.CB>
</cim:SLD_Load>
<cim:SLD_Load rdf:ID="_f9c90bc6dcb54e5bb8403be7848da71f">
	<cim:SLD_Load.x_coordinate>537</cim:SLD_Load.x_coordinate>
	<cim:SLD_Load.y_coordinate>974</cim:SLD_Load.y_coordinate>
	<cim:SLD_Load.triangle_side>30</cim:SLD_Load.triangle_side>
	<cim:SLD_Load.width>1</cim:SLD_Load.width>
	<cim:SLD_Load.color>255</cim:SLD_Load.color>
	<cim:SLD_Load.border_color>0</cim:SLD_Load.border_color>
	<cim:SLD_Load.number_of_element>4</cim:SLD_Load.number_of_element>
	<cim:SLD_Load.number_of_node>15</cim:SLD_Load.number_of_node>
	<cim:SLD_Load.already_drawn>1</cim:SLD_Load.already_drawn>
	<cim:SLD_Load.CB>1</cim:SLD_Load.CB>
</cim:SLD_Load>
<cim:SLD_Load rdf:ID="_5640e1cbab3a4ba4a6b8322e95f2a15c">
	<cim:SLD_Load.x_coordinate>1466</cim:SLD_Load.x_coordinate>
	<cim:SLD_Load.y_coordinate>1006</cim:SLD_Load.y_coordinate>
	<cim:SLD_Load.triangle_side>12</cim:SLD_Load.triangle_side>
	<cim:SLD_Load.width>1</cim:SLD_Load.width>
	<cim:SLD_Load.color>255</cim:SLD_Load.color>
	<cim:SLD_Load.border_color>0</cim:SLD_Load.border_color>
	<cim:SLD_Load.number_of_element>5</cim:SLD_Load.number_of_element>
	<cim:SLD_Load.number_of_node>18</cim:SLD_Load.number_of_node>
	<cim:SLD_Load.already_drawn>1</cim:SLD_Load.already_drawn>
	<cim:SLD_Load.CB>1</cim:SLD_Load.CB>
</cim:SLD_Load>
<cim:SLD_Load rdf:ID="_9f1878fbd0c34803a22c0e49cd2d9916">
	<cim:SLD_Load.x_coordinate>833</cim:SLD_Load.x_coordinate>
	<cim:SLD_Load.y_coordinate>874</cim:SLD_Load.y_coordinate>
	<cim:SLD_Load.triangle_side>20</cim:SLD_Load.triangle_side>
	<cim:SLD_Load.width>1</cim:SLD_Load.width>
	<cim:SLD_Load.color>255</cim:SLD_Load.color>
	<cim:SLD_Load.border_color>0</cim:SLD_Load.border_color>
	<cim:SLD_Load.number_of_element>6</cim:SLD_Load.number_of_element>
	<cim:SLD_Load.number_of_node>19</cim:SLD_Load.number_of_node>
	<cim:SLD_Load.already_drawn>1</cim:SLD_Load.already_drawn>
	<cim:SLD_Load.CB>1</cim:SLD_Load.CB>
</cim:SLD_Load>
<cim:SystemFrequency rdf:ID="_1ea4699192294b62837fbc83eea16526">
	<cim:SystemFrequency.Color>0</cim:SystemFrequency.Color>
	<cim:SystemFrequency.Thickness>1</cim:SystemFrequency.Thickness>
	<cim:SystemFrequency.Range>2.000000</cim:SystemFrequency.Range>
</cim:SystemFrequency>
<cim:DrawGraph rdf:ID="_423557c4bf1141cb8cb750daa408564e">
	<cim:DrawGraph.window_title>Graphs-1</cim:DrawGraph.window_title>
	<cim:DrawGraph.nmb_of_graphs>1</cim:DrawGraph.nmb_of_graphs>
	<cim:DrawGraph.nmb_of_items>6005</cim:DrawGraph.nmb_of_items>
	<cim:DrawGraph.TimeGraph.nmb_of_quantities>2</cim:DrawGraph.TimeGraph.nmb_of_quantities>
	<cim:DrawGraph.TimeGraph.Y_scale_ratio>0.500000</cim:DrawGraph.TimeGraph.Y_scale_ratio>
	<cim:DrawGraph.TimeGraph.BasePower>200.000000</cim:DrawGraph.TimeGraph.BasePower>
	<cim:DrawGraph.TimeGraph.DisplayCurrentAbsoluteValue>0</cim:DrawGraph.TimeGraph.DisplayCurrentAbsoluteValue>
	<cim:DrawGraph.TimeGraph.Quantity>0</cim:DrawGraph.TimeGraph.Quantity>
	<cim:DrawGraph.TimeGraph.ElementType>0</cim:DrawGraph.TimeGraph.ElementType>
	<cim:DrawGraph.TimeGraph.ElementNumber>0</cim:DrawGraph.TimeGraph.ElementNumber>
	<cim:DrawGraph.TimeGraph.ElementUniqueNumber>0</cim:DrawGraph.TimeGraph.ElementUniqueNumber>
	<cim:DrawGraph.TimeGraph.Color>16711680</cim:DrawGraph.TimeGraph.Color>
	<cim:DrawGraph.TimeGraph.Thickness>2</cim:DrawGraph.TimeGraph.Thickness>
	<cim:DrawGraph.TimeGraph.FixNamePosition>0</cim:DrawGraph.TimeGraph.FixNamePosition>
	<cim:DrawGraph.TimeGraph.Quantity>2</cim:DrawGraph.TimeGraph.Quantity>
	<cim:DrawGraph.TimeGraph.ElementType>0</cim:DrawGraph.TimeGraph.ElementType>
	<cim:DrawGraph.TimeGraph.ElementNumber>0</cim:DrawGraph.TimeGraph.ElementNumber>
	<cim:DrawGraph.TimeGraph.ElementUniqueNumber>0</cim:DrawGraph.TimeGraph.ElementUniqueNumber>
	<cim:DrawGraph.TimeGraph.Color>0</cim:DrawGraph.TimeGraph.Color>
	<cim:DrawGraph.TimeGraph.Thickness>2</cim:DrawGraph.TimeGraph.Thickness>
	<cim:DrawGraph.TimeGraph.FixNamePosition>0</cim:DrawGraph.TimeGraph.FixNamePosition>
	<cim:DrawGraph.TimeGraph.QuantityPhase>0</cim:DrawGraph.TimeGraph.QuantityPhase>
	<cim:DrawGraph.TimeGraph.nmb_of_quantities>2</cim:DrawGraph.TimeGraph.nmb_of_quantities>
	<cim:DrawGraph.TimeGraph.Y_scale_ratio>0.500000</cim:DrawGraph.TimeGraph.Y_scale_ratio>
	<cim:DrawGraph.TimeGraph.BasePower>100.000000</cim:DrawGraph.TimeGraph.BasePower>
	<cim:DrawGraph.TimeGraph.DisplayCurrentAbsoluteValue>0</cim:DrawGraph.TimeGraph.DisplayCurrentAbsoluteValue>
	<cim:DrawGraph.TimeGraph.Quantity>0</cim:DrawGraph.TimeGraph.Quantity>
	<cim:DrawGraph.TimeGraph.ElementType>0</cim:DrawGraph.TimeGraph.ElementType>
	<cim:DrawGraph.TimeGraph.ElementNumber>1</cim:DrawGraph.TimeGraph.ElementNumber>
	<cim:DrawGraph.TimeGraph.ElementUniqueNumber>1</cim:DrawGraph.TimeGraph.ElementUniqueNumber>
	<cim:DrawGraph.TimeGraph.Color>32896</cim:DrawGraph.TimeGraph.Color>
	<cim:DrawGraph.TimeGraph.Thickness>2</cim:DrawGraph.TimeGraph.Thickness>
	<cim:DrawGraph.TimeGraph.FixNamePosition>0</cim:DrawGraph.TimeGraph.FixNamePosition>
	<cim:DrawGraph.TimeGraph.Quantity>2</cim:DrawGraph.TimeGraph.Quantity>
	<cim:DrawGraph.TimeGraph.ElementType>0</cim:DrawGraph.TimeGraph.ElementType>
	<cim:DrawGraph.TimeGraph.ElementNumber>1</cim:DrawGraph.TimeGraph.ElementNumber>
	<cim:DrawGraph.TimeGraph.ElementUniqueNumber>1</cim:DrawGraph.TimeGraph.ElementUniqueNumber>
	<cim:DrawGraph.TimeGraph.Color>0</cim:DrawGraph.TimeGraph.Color>
	<cim:DrawGraph.TimeGraph.Thickness>2</cim:DrawGraph.TimeGraph.Thickness>
	<cim:DrawGraph.TimeGraph.FixNamePosition>0</cim:DrawGraph.TimeGraph.FixNamePosition>
	<cim:DrawGraph.TimeGraph.QuantityPhase>0</cim:DrawGraph.TimeGraph.QuantityPhase>
</cim:DrawGraph>
<cim:DrawGraph rdf:ID="_f475c5b3e1474e7a9d2413ca6db9e2f6">
	<cim:DrawGraph.window_title>Graphs-2</cim:DrawGraph.window_title>
	<cim:DrawGraph.nmb_of_graphs>2</cim:DrawGraph.nmb_of_graphs>
	<cim:DrawGraph.nmb_of_items>6005</cim:DrawGraph.nmb_of_items>
	<cim:DrawGraph.TimeGraph.nmb_of_quantities>1</cim:DrawGraph.TimeGraph.nmb_of_quantities>
	<cim:DrawGraph.TimeGraph.Y_scale_ratio>0.833333</cim:DrawGraph.TimeGraph.Y_scale_ratio>
	<cim:DrawGraph.TimeGraph.BasePower>100.000000</cim:DrawGraph.TimeGraph.BasePower>
	<cim:DrawGraph.TimeGraph.DisplayCurrentAbsoluteValue>0</cim:DrawGraph.TimeGraph.DisplayCurrentAbsoluteValue>
	<cim:DrawGraph.TimeGraph.Quantity>0</cim:DrawGraph.TimeGraph.Quantity>
	<cim:DrawGraph.TimeGraph.ElementType>1</cim:DrawGraph.TimeGraph.ElementType>
	<cim:DrawGraph.TimeGraph.ElementNumber>4</cim:DrawGraph.TimeGraph.ElementNumber>
	<cim:DrawGraph.TimeGraph.ElementUniqueNumber>4</cim:DrawGraph.TimeGraph.ElementUniqueNumber>
	<cim:DrawGraph.TimeGraph.Color>0</cim:DrawGraph.TimeGraph.Color>
	<cim:DrawGraph.TimeGraph.Thickness>2</cim:DrawGraph.TimeGraph.Thickness>
	<cim:DrawGraph.TimeGraph.FixNamePosition>0</cim:DrawGraph.TimeGraph.FixNamePosition>
	<cim:DrawGraph.TimeGraph.QuantityPhase>0</cim:DrawGraph.TimeGraph.QuantityPhase>
	<cim:DrawGraph.TimeGraph.nmb_of_quantities>1</cim:DrawGraph.TimeGraph.nmb_of_quantities>
	<cim:DrawGraph.TimeGraph.Y_scale_ratio>0.250000</cim:DrawGraph.TimeGraph.Y_scale_ratio>
	<cim:DrawGraph.TimeGraph.BasePower>100.000000</cim:DrawGraph.TimeGraph.BasePower>
	<cim:DrawGraph.TimeGraph.DisplayCurrentAbsoluteValue>0</cim:DrawGraph.TimeGraph.DisplayCurrentAbsoluteValue>
	<cim:DrawGraph.TimeGraph.Quantity>4</cim:DrawGraph.TimeGraph.Quantity>
	<cim:DrawGraph.TimeGraph.ElementType>0</cim:DrawGraph.TimeGraph.ElementType>
	<cim:DrawGraph.TimeGraph.ElementNumber>0</cim:DrawGraph.TimeGraph.ElementNumber>
	<cim:DrawGraph.TimeGraph.ElementUniqueNumber>0</cim:DrawGraph.TimeGraph.ElementUniqueNumber>
	<cim:DrawGraph.TimeGraph.Color>255</cim:DrawGraph.TimeGraph.Color>
	<cim:DrawGraph.TimeGraph.Thickness>2</cim:DrawGraph.TimeGraph.Thickness>
	<cim:DrawGraph.TimeGraph.FixNamePosition>0</cim:DrawGraph.TimeGraph.FixNamePosition>
	<cim:DrawGraph.TimeGraph.nmb_of_quantities>2</cim:DrawGraph.TimeGraph.nmb_of_quantities>
	<cim:DrawGraph.TimeGraph.Y_scale_ratio>0.400000</cim:DrawGraph.TimeGraph.Y_scale_ratio>
	<cim:DrawGraph.TimeGraph.BasePower>100.000000</cim:DrawGraph.TimeGraph.BasePower>
	<cim:DrawGraph.TimeGraph.DisplayCurrentAbsoluteValue>0</cim:DrawGraph.TimeGraph.DisplayCurrentAbsoluteValue>
	<cim:DrawGraph.TimeGraph.Quantity>4</cim:DrawGraph.TimeGraph.Quantity>
	<cim:DrawGraph.TimeGraph.ElementType>0</cim:DrawGraph.TimeGraph.ElementType>
	<cim:DrawGraph.TimeGraph.ElementNumber>2</cim:DrawGraph.TimeGraph.ElementNumber>
	<cim:DrawGraph.TimeGraph.ElementUniqueNumber>2</cim:DrawGraph.TimeGraph.ElementUniqueNumber>
	<cim:DrawGraph.TimeGraph.Color>32896</cim:DrawGraph.TimeGraph.Color>
	<cim:DrawGraph.TimeGraph.Thickness>2</cim:DrawGraph.TimeGraph.Thickness>
	<cim:DrawGraph.TimeGraph.FixNamePosition>0</cim:DrawGraph.TimeGraph.FixNamePosition>
	<cim:DrawGraph.TimeGraph.Quantity>0</cim:DrawGraph.TimeGraph.Quantity>
	<cim:DrawGraph.TimeGraph.ElementType>0</cim:DrawGraph.TimeGraph.ElementType>
	<cim:DrawGraph.TimeGraph.ElementNumber>2</cim:DrawGraph.TimeGraph.ElementNumber>
	<cim:DrawGraph.TimeGraph.ElementUniqueNumber>2</cim:DrawGraph.TimeGraph.ElementUniqueNumber>
	<cim:DrawGraph.TimeGraph.Color>16744576</cim:DrawGraph.TimeGraph.Color>
	<cim:DrawGraph.TimeGraph.Thickness>2</cim:DrawGraph.TimeGraph.Thickness>
	<cim:DrawGraph.TimeGraph.FixNamePosition>0</cim:DrawGraph.TimeGraph.FixNamePosition>
</cim:DrawGraph>
<cim:DrawGraph rdf:ID="_9fcb5eedb36442728b56c4a7f8e4dad1">
	<cim:DrawGraph.window_title>Graphs-3</cim:DrawGraph.window_title>
	<cim:DrawGraph.nmb_of_graphs>1</cim:DrawGraph.nmb_of_graphs>
	<cim:DrawGraph.nmb_of_items>6005</cim:DrawGraph.nmb_of_items>
	<cim:DrawGraph.TimeGraph.nmb_of_quantities>1</cim:DrawGraph.TimeGraph.nmb_of_quantities>
	<cim:DrawGraph.TimeGraph.Y_scale_ratio>0.400000</cim:DrawGraph.TimeGraph.Y_scale_ratio>
	<cim:DrawGraph.TimeGraph.BasePower>10.000000</cim:DrawGraph.TimeGraph.BasePower>
	<cim:DrawGraph.TimeGraph.DisplayCurrentAbsoluteValue>0</cim:DrawGraph.TimeGraph.DisplayCurrentAbsoluteValue>
	<cim:DrawGraph.TimeGraph.Quantity>4</cim:DrawGraph.TimeGraph.Quantity>
	<cim:DrawGraph.TimeGraph.ElementType>0</cim:DrawGraph.TimeGraph.ElementType>
	<cim:DrawGraph.TimeGraph.ElementNumber>4</cim:DrawGraph.TimeGraph.ElementNumber>
	<cim:DrawGraph.TimeGraph.ElementUniqueNumber>4</cim:DrawGraph.TimeGraph.ElementUniqueNumber>
	<cim:DrawGraph.TimeGraph.Color>16711680</cim:DrawGraph.TimeGraph.Color>
	<cim:DrawGraph.TimeGraph.Thickness>2</cim:DrawGraph.TimeGraph.Thickness>
	<cim:DrawGraph.TimeGraph.FixNamePosition>0</cim:DrawGraph.TimeGraph.FixNamePosition>
	<cim:DrawGraph.TimeGraph.nmb_of_quantities>1</cim:DrawGraph.TimeGraph.nmb_of_quantities>
	<cim:DrawGraph.TimeGraph.Y_scale_ratio>0.833333</cim:DrawGraph.TimeGraph.Y_scale_ratio>
	<cim:DrawGraph.TimeGraph.BasePower>100.000000</cim:DrawGraph.TimeGraph.BasePower>
	<cim:DrawGraph.TimeGraph.DisplayCurrentAbsoluteValue>0</cim:DrawGraph.TimeGraph.DisplayCurrentAbsoluteValue>
	<cim:DrawGraph.TimeGraph.Quantity>2</cim:DrawGraph.TimeGraph.Quantity>
	<cim:DrawGraph.TimeGraph.ElementType>0</cim:DrawGraph.TimeGraph.ElementType>
	<cim:DrawGraph.TimeGraph.ElementNumber>4</cim:DrawGraph.TimeGraph.ElementNumber>
	<cim:DrawGraph.TimeGraph.ElementUniqueNumber>4</cim:DrawGraph.TimeGraph.ElementUniqueNumber>
	<cim:DrawGraph.TimeGraph.Color>0</cim:DrawGraph.TimeGraph.Color>
	<cim:DrawGraph.TimeGraph.Thickness>2</cim:DrawGraph.TimeGraph.Thickness>
	<cim:DrawGraph.TimeGraph.FixNamePosition>0</cim:DrawGraph.TimeGraph.FixNamePosition>
	<cim:DrawGraph.TimeGraph.QuantityPhase>0</cim:DrawGraph.TimeGraph.QuantityPhase>
</cim:DrawGraph>
<cim:TransientStability rdf:ID="_b520c56ad1d64cbf8f0892a761333b6d">
	<cim:TransientStability.PowerSystemEventsNumber>2</cim:TransientStability.PowerSystemEventsNumber>
	<cim:TransientStability.Time_Step_RMS>0.001000</cim:TransientStability.Time_Step_RMS>
	<cim:TransientStability.Simulation_End_Time>6.000000</cim:TransientStability.Simulation_End_Time>
	<cim:TransientStability.KronMatrixItemThreshold>2.00e-07</cim:TransientStability.KronMatrixItemThreshold>
	<cim:TransientStability.UseKronReductionAlgorithm>0</cim:TransientStability.UseKronReductionAlgorithm>
	<cim:TransientStability.ConvertAllLoadsToConstantImpedanceLoads>0</cim:TransientStability.ConvertAllLoadsToConstantImpedanceLoads>
	<cim:TransientStability.Time_Integration_Method>3</cim:TransientStability.Time_Integration_Method>
	<cim:TransientStability.DrawingStep>40</cim:TransientStability.DrawingStep>
	<cim:TransientStability.SystemFrequencyThreshold>0.01</cim:TransientStability.SystemFrequencyThreshold>
	<cim:TransientStability.RotorSpeedThreshold>0.10</cim:TransientStability.RotorSpeedThreshold>
	<cim:TransientStability.Calculate_SF_Deviation>1</cim:TransientStability.Calculate_SF_Deviation>
</cim:TransientStability>
<cim:PowerSystemEvent rdf:ID="_b77e16c763d9404db0d06180528f37a3">
	<cim:PowerSystemEvent.EventType>0</cim:PowerSystemEvent.EventType>
	<cim:PowerSystemEvent.ElementNumber>2</cim:PowerSystemEvent.ElementNumber>
	<cim:PowerSystemEvent.ElementType>1</cim:PowerSystemEvent.ElementType>
	<cim:PowerSystemEvent.Distance>10.000000</cim:PowerSystemEvent.Distance>
	<cim:PowerSystemEvent.Time>0.500000</cim:PowerSystemEvent.Time>
	<cim:PowerSystemEvent.InService>1</cim:PowerSystemEvent.InService>
	<cim:PowerSystemEvent.IsDrawn>1</cim:PowerSystemEvent.IsDrawn>
	<cim:PowerSystemEvent.x_coordinate>542</cim:PowerSystemEvent.x_coordinate>
	<cim:PowerSystemEvent.y_coordinate>80</cim:PowerSystemEvent.y_coordinate>
	<cim:PowerSystemEvent.SC_Impedance_Re>0.000000</cim:PowerSystemEvent.SC_Impedance_Re>
	<cim:PowerSystemEvent.SC_Impedance_Im>0.000000</cim:PowerSystemEvent.SC_Impedance_Im>
	<cim:PowerSystemEvent.AutoReclosingInService>0</cim:PowerSystemEvent.AutoReclosingInService>
	<cim:PowerSystemEvent.AutoReclosingTime>0.000000</cim:PowerSystemEvent.AutoReclosingTime>
	<cim:PowerSystemEvent.UnsuccessfulARC>0</cim:PowerSystemEvent.UnsuccessfulARC>
	<cim:PowerSystemEvent.AutoReopeningTime>0.000000</cim:PowerSystemEvent.AutoReopeningTime>
</cim:PowerSystemEvent>
<cim:PowerSystemEvent rdf:ID="_73a6b4739c854e87a8163e1708da76d6">
	<cim:PowerSystemEvent.EventType>4</cim:PowerSystemEvent.EventType>
	<cim:PowerSystemEvent.ElementNumber>0</cim:PowerSystemEvent.ElementNumber>
	<cim:PowerSystemEvent.ElementType>1</cim:PowerSystemEvent.ElementType>
	<cim:PowerSystemEvent.Distance>10.000000</cim:PowerSystemEvent.Distance>
	<cim:PowerSystemEvent.Time>0.650000</cim:PowerSystemEvent.Time>
	<cim:PowerSystemEvent.InService>1</cim:PowerSystemEvent.InService>
	<cim:PowerSystemEvent.IsDrawn>1</cim:PowerSystemEvent.IsDrawn>
	<cim:PowerSystemEvent.x_coordinate>542</cim:PowerSystemEvent.x_coordinate>
	<cim:PowerSystemEvent.y_coordinate>100</cim:PowerSystemEvent.y_coordinate>
	<cim:PowerSystemEvent.SC_Impedance_Re>0.000000</cim:PowerSystemEvent.SC_Impedance_Re>
	<cim:PowerSystemEvent.SC_Impedance_Im>0.000000</cim:PowerSystemEvent.SC_Impedance_Im>
	<cim:PowerSystemEvent.AutoReclosingInService>0</cim:PowerSystemEvent.AutoReclosingInService>
	<cim:PowerSystemEvent.AutoReclosingTime>0.000000</cim:PowerSystemEvent.AutoReclosingTime>
	<cim:PowerSystemEvent.UnsuccessfulARC>0</cim:PowerSystemEvent.UnsuccessfulARC>
	<cim:PowerSystemEvent.AutoReopeningTime>0.000000</cim:PowerSystemEvent.AutoReopeningTime>
</cim:PowerSystemEvent>
<cim:SLD_Substation rdf:ID="_40658b77c16a4f76adb813e67904c730">
	<cim:Path.x_y_coordinate>291 260</cim:Path.x_y_coordinate>
	<cim:Path.x_y_coordinate>719 260</cim:Path.x_y_coordinate>
	<cim:Path.x_y_coordinate>719 557</cim:Path.x_y_coordinate>
	<cim:Path.x_y_coordinate>291 557</cim:Path.x_y_coordinate>
	<cim:Path.x_y_coordinate>291 260</cim:Path.x_y_coordinate>
	<cim:SLD_Substation.unique_ID>_a5110bcf5246410fb055d37bd6e11a02</cim:SLD_Substation.unique_ID>
	<cim:SLD_Substation.nmb_in_array>0</cim:SLD_Substation.nmb_in_array>
	<cim:SLD_Substation.shape>100</cim:SLD_Substation.shape>
	<cim:SLD_Substation.DrawingStyle>1</cim:SLD_Substation.DrawingStyle>
	<cim:SLD_Substation.width>3</cim:SLD_Substation.width>
	<cim:SLD_Substation.color>16744576</cim:SLD_Substation.color>
	<cim:SLD_Substation.FontColor>16711680</cim:SLD_Substation.FontColor>
	<cim:SLD_Substation.FontHeight>24</cim:SLD_Substation.FontHeight>
	<cim:SLD_Substation.FontName>Arial</cim:SLD_Substation.FontName>
</cim:SLD_Substation>
<cim:SLD_Substation rdf:ID="_08aff5db23834d67bc96c9e7e88dc14b">
	<cim:Path.x_y_coordinate>1543 12</cim:Path.x_y_coordinate>
	<cim:Path.x_y_coordinate>1912 12</cim:Path.x_y_coordinate>
	<cim:Path.x_y_coordinate>1912 175</cim:Path.x_y_coordinate>
	<cim:Path.x_y_coordinate>1543 175</cim:Path.x_y_coordinate>
	<cim:Path.x_y_coordinate>1543 12</cim:Path.x_y_coordinate>
	<cim:SLD_Substation.unique_ID>_7a95de1192fd48d6b19332a8dc99339b</cim:SLD_Substation.unique_ID>
	<cim:SLD_Substation.nmb_in_array>1</cim:SLD_Substation.nmb_in_array>
	<cim:SLD_Substation.shape>100</cim:SLD_Substation.shape>
	<cim:SLD_Substation.DrawingStyle>1</cim:SLD_Substation.DrawingStyle>
	<cim:SLD_Substation.width>3</cim:SLD_Substation.width>
	<cim:SLD_Substation.color>65535</cim:SLD_Substation.color>
	<cim:SLD_Substation.FontColor>32896</cim:SLD_Substation.FontColor>
	<cim:SLD_Substation.FontHeight>22</cim:SLD_Substation.FontHeight>
	<cim:SLD_Substation.FontName>Arial</cim:SLD_Substation.FontName>
</cim:SLD_Substation>
</rdf:RDF>