<?xml version="1.0" encoding="UTF-8"?>
<rdf:RDF xmlns:rdf="http://www.w3.org/1999/02/22-rdf-syntax-ns#" xmlns:cim="http://iec.ch/TC57/2009/CIM-schema-cim14#">
<md:FullModel xmlns:md="http://www.casepowersoftware.com/2020/20 node_CP.xml/1">
	<md:Model.created>2025-11-21-11</md:Model.created>
	<md:Model.Version>
		<md:Description>
			<md:Description.name>20 node_CP.xml</md:Description.name>
			<md:Description.version>1</md:Description.version>
		</md:Description>
	</md:Model.Version>
	<md:Model.ModelingAuthoritySet>
		<md:Description>
		</md:Description>
	</md:Model.ModelingAuthoritySet>
	<md:Model.Profile>
		<md:Description>
			<md:Description.version>1</md:Description.version>
		</md:Description>
	</md:Model.Profile>
	<md:Model.Creator>
		<md:Description>
			<md:Description.name>CASE 1.0</md:Description.name>
		</md:Description>
	</md:Model.Creator>
</md:FullModel>
<cim:CP_LoadFlow rdf:ID="_a9ce5dd6fa8347c2a5e981fdd235f2e8">
	<cim:CP_LoadFlow.NR_CalculationMethod>0</cim:CP_LoadFlow.NR_CalculationMethod>
	<cim:CP_LoadFlow.Regulation>1</cim:CP_LoadFlow.Regulation>
	<cim:CP_LoadFlow.RemoteVoltageControl>0</cim:CP_LoadFlow.RemoteVoltageControl>
	<cim:CP_LoadFlow.Maximum_Number_of_RVC_Iterations>10</cim:CP_LoadFlow.Maximum_Number_of_RVC_Iterations>
	<cim:CP_LoadFlow.Matrix_Element_Order_Of_Magnitude>0.0000000010000000</cim:CP_LoadFlow.Matrix_Element_Order_Of_Magnitude>
	<cim:CP_LoadFlow.RelErrToll_P>0.000200</cim:CP_LoadFlow.RelErrToll_P>
	<cim:CP_LoadFlow.RelErrToll_Q>0.000200</cim:CP_LoadFlow.RelErrToll_Q>
	<cim:CP_LoadFlow.RelErrToll_P_InnerLoop>0.010000</cim:CP_LoadFlow.RelErrToll_P_InnerLoop>
	<cim:CP_LoadFlow.RelErrToll_Q_InnerLoop>0.010000</cim:CP_LoadFlow.RelErrToll_Q_InnerLoop>
	<cim:CP_LoadFlow.NumberOfIterations>100</cim:CP_LoadFlow.NumberOfIterations>
	<cim:CP_LoadFlow.MaximumNumberOfOuterLoopIterations>10</cim:CP_LoadFlow.MaximumNumberOfOuterLoopIterations>
	<cim:CP_LoadFlow.ConvergenceCoefficient>1.100000</cim:CP_LoadFlow.ConvergenceCoefficient>
	<cim:CP_LoadFlow.ZeroImpedanceLineThreshold>0.001000</cim:CP_LoadFlow.ZeroImpedanceLineThreshold>
	<cim:CP_LoadFlow.JacobianMatrixUpperQuadrantsCoefficient>1.000000</cim:CP_LoadFlow.JacobianMatrixUpperQuadrantsCoefficient>
	<cim:CP_LoadFlow.IterationNormIncrease>1.000000</cim:CP_LoadFlow.IterationNormIncrease>
	<cim:CP_LoadFlow.AllowedLineOverload>1.000000</cim:CP_LoadFlow.AllowedLineOverload>
	<cim:CP_LoadFlow.AllowedTranOverload>1.000000</cim:CP_LoadFlow.AllowedTranOverload>
	<cim:CP_LoadFlow.SoftStart>1</cim:CP_LoadFlow.SoftStart>
	<cim:CP_LoadFlow.ValidateTranConnectionPhaseShift>0</cim:CP_LoadFlow.ValidateTranConnectionPhaseShift>
	<cim:CP_LoadFlow.ConsiderReactivePowerLimits>1</cim:CP_LoadFlow.ConsiderReactivePowerLimits>
	<cim:CP_LoadFlow.UseBackwardLookingAlgorithm>1</cim:CP_LoadFlow.UseBackwardLookingAlgorithm>
	<cim:CP_LoadFlow.Validate_different_relative_error_tolerance_for_P_and_Q>1</cim:CP_LoadFlow.Validate_different_relative_error_tolerance_for_P_and_Q>
	<cim:CP_LoadFlow.MaximumVoltageChangePerOneIteration>0.100000</cim:CP_LoadFlow.MaximumVoltageChangePerOneIteration>
	<cim:CP_LoadFlow.MaximumAngleChangePerOneIteration>1.000000</cim:CP_LoadFlow.MaximumAngleChangePerOneIteration>
	<cim:CP_LoadFlow.PowerFlowMethodGlobal>1</cim:CP_LoadFlow.PowerFlowMethodGlobal>
	<cim:CP_LoadFlow.Calculate_Active_Power_Losses_For_X_Area>1</cim:CP_LoadFlow.Calculate_Active_Power_Losses_For_X_Area>
	<cim:CP_LoadFlow.ApplyZeroImpedanceLineTresholdForTieLines>1</cim:CP_LoadFlow.ApplyZeroImpedanceLineTresholdForTieLines>
	<cim:CP_LoadFlow.EnableAreaInterChange>0</cim:CP_LoadFlow.EnableAreaInterChange>
	<cim:CP_LoadFlow.Maximum_Number_Of_Area_Swings_Adjustments>2</cim:CP_LoadFlow.Maximum_Number_Of_Area_Swings_Adjustments>
	<cim:CP_LoadFlow.Remote_Voltage_Control>0</cim:CP_LoadFlow.Remote_Voltage_Control>
	<cim:CP_LoadFlow.Transformer_Voltage_Control>1</cim:CP_LoadFlow.Transformer_Voltage_Control>
	<cim:CP_LoadFlow.Maximum_Number_of_RVC_Iterations>10</cim:CP_LoadFlow.Maximum_Number_of_RVC_Iterations>
	<cim:CP_LoadFlow.acceleration_coefficient>1.200000</cim:CP_LoadFlow.acceleration_coefficient>
	<cim:CP_LoadFlow.maximum_number_of_tap_position_change_per_single_iteration>2</cim:CP_LoadFlow.maximum_number_of_tap_position_change_per_single_iteration>
	<cim:CP_LoadFlow.minRowNorm>0.000010</cim:CP_LoadFlow.minRowNorm>
</cim:CP_LoadFlow>
<cim:CP_ShortCircuits rdf:ID="_687b462e43c7496c8f7bc144d21bc6af">
	<cim:CP_ShortCircuits.SC_Option>0</cim:CP_ShortCircuits.SC_Option>
	<cim:CP_ShortCircuits.VoltageCoefficient>1.100000</cim:CP_ShortCircuits.VoltageCoefficient>
	<cim:CP_ShortCircuits.iDC_time>0.060000</cim:CP_ShortCircuits.iDC_time>
	<cim:CP_ShortCircuits.OutputOption>0</cim:CP_ShortCircuits.OutputOption>
	<cim:CP_ShortCircuits.Calculate_3F>1</cim:CP_ShortCircuits.Calculate_3F>
	<cim:CP_ShortCircuits.Calculate_2F>0</cim:CP_ShortCircuits.Calculate_2F>
	<cim:CP_ShortCircuits.Calculate_2FGND>0</cim:CP_ShortCircuits.Calculate_2FGND>
	<cim:CP_ShortCircuits.Calculate_1F>1</cim:CP_ShortCircuits.Calculate_1F>
</cim:CP_ShortCircuits>
<cim:CP_TransientStability rdf:ID="_003cc09214bc4468b62168ac88203e9f">
	<cim:CP_TransientStability.Time_Step_RMS>0.001000</cim:CP_TransientStability.Time_Step_RMS>
	<cim:CP_TransientStability.SimulationEndTime>6.000000</cim:CP_TransientStability.SimulationEndTime>
	<cim:CP_TransientStability.DrawingStep>40</cim:CP_TransientStability.DrawingStep>
	<cim:CP_TransientStability.TimeIntegrationMethod>3</cim:CP_TransientStability.TimeIntegrationMethod>
	<cim:CP_TransientStability.system_frequency_threshold_in_pu>0.010000</cim:CP_TransientStability.system_frequency_threshold_in_pu>
	<cim:CP_TransientStability.rotor_speed_threshold_in_pu>0.100000</cim:CP_TransientStability.rotor_speed_threshold_in_pu>
	<cim:CP_TransientStability.calculate_sf_deviation>1</cim:CP_TransientStability.calculate_sf_deviation>
</cim:CP_TransientStability>
</rdf:RDF>