<?xml version="1.0" encoding="UTF-8"?>
<rdf:RDF xmlns:rdf="http://www.w3.org/1999/02/22-rdf-syntax-ns#" xmlns:cim="http://iec.ch/TC57/2009/CIM-schema-cim14#">
<md:FullModel xmlns:md="http://www.casepowersoftware.com/2020/20 node_TP/1">
	<md:Model.created>2025-11-21-11</md:Model.created>
	<md:Model.Version>
		<md:Description>
			<md:Description.name>20 node_TP</md:Description.name>
			<md:Description.version>1</md:Description.version>
		</md:Description>
	</md:Model.Version>
	<md:Model.ModelingAuthoritySet>
		<md:Description>
			<md:Description.name>20 node</md:Description.name>
		</md:Description>
	</md:Model.ModelingAuthoritySet>
	<md:Model.Profile>
		<md:Description>
			<md:Description.uri>http://iec.ch/TC57/61970-452/Topology/1</md:Description.uri>
			<md:Description.name>IEC61970-452-Topology_Model</md:Description.name>
			<md:Description.version>1</md:Description.version>
		</md:Description>
	</md:Model.Profile>
	<md:Model.Creator>
		<md:Description>
			<md:Description.name>CASE 1.0</md:Description.name>
		</md:Description>
	</md:Model.Creator>
</md:FullModel>
<cim:TopologicalNode rdf:ID="_9db285a723394da8a24cb408481b8c7b">
	<cim:Node.UniqueNumber>0</cim:Node.UniqueNumber>
	<cim:IdentifiedObject.name>Node 1</cim:IdentifiedObject.name>
	<cim:IdentifiedObject.description>Node 1</cim:IdentifiedObject.description>
	<cim:TopologicalNode.equivalent>FALSE</cim:TopologicalNode.equivalent>
	<cim:TopologicalNodeSubstation.name></cim:TopologicalNodeSubstation.name>
	<cim:TopologicalNode.NodeCode>Node 1</cim:TopologicalNode.NodeCode>
	<cim:TopologicalNode.BaseVoltage rdf:resource="#_09715e9e9cd94a6caaebf7dd6dedf8de"/>
	<cim:TopologicalNode.ConnectivityNodeContainer rdf:resource="#_95ea80085dcb4582814e244bed559b98"/>
	<cim:TopologicalNode.ControlArea rdf:resource="#_ea5424f2276b4ebbbe38571135f97e98"/>
	<cim:TopologicalNode.TopologicalIsland rdf:resource="#_73f680c0fe714adaaea39b3b0728d468"/>
</cim:TopologicalNode>
<cim:TopologicalNode rdf:ID="_0ef1bb5fe4b9440aaceb00f16db881b5">
	<cim:Node.UniqueNumber>1</cim:Node.UniqueNumber>
	<cim:IdentifiedObject.name>System Swing</cim:IdentifiedObject.name>
	<cim:IdentifiedObject.description>System Swing</cim:IdentifiedObject.description>
	<cim:TopologicalNode.equivalent>FALSE</cim:TopologicalNode.equivalent>
	<cim:TopologicalNodeSubstation.name></cim:TopologicalNodeSubstation.name>
	<cim:TopologicalNode.NodeCode>SystemSw</cim:TopologicalNode.NodeCode>
	<cim:TopologicalNode.BaseVoltage rdf:resource="#_09715e9e9cd94a6caaebf7dd6dedf8de"/>
	<cim:TopologicalNode.ConnectivityNodeContainer rdf:resource="#_bf202035a72f446b9f337bf9b1f5ad7d"/>
	<cim:TopologicalNode.ControlArea rdf:resource="#_ea5424f2276b4ebbbe38571135f97e98"/>
	<cim:TopologicalNode.TopologicalIsland rdf:resource="#_73f680c0fe714adaaea39b3b0728d468"/>
</cim:TopologicalNode>
<cim:TopologicalNode rdf:ID="_6a9e71a9b3024a5d9e72f860bc170c84">
	<cim:Node.UniqueNumber>2</cim:Node.UniqueNumber>
	<cim:IdentifiedObject.name>G1</cim:IdentifiedObject.name>
	<cim:IdentifiedObject.description>G1</cim:IdentifiedObject.description>
	<cim:TopologicalNode.equivalent>FALSE</cim:TopologicalNode.equivalent>
	<cim:TopologicalNodeSubstation.name></cim:TopologicalNodeSubstation.name>
	<cim:TopologicalNode.NodeCode>Node_G1</cim:TopologicalNode.NodeCode>
	<cim:TopologicalNode.BaseVoltage rdf:resource="#_593d05b9cf1a443285a1cc65014f2117"/>
	<cim:TopologicalNode.ConnectivityNodeContainer rdf:resource="#_5d52d1d7baf64e258846c0b630d4c5ac"/>
	<cim:TopologicalNode.ControlArea rdf:resource="#_ea5424f2276b4ebbbe38571135f97e98"/>
	<cim:TopologicalNode.TopologicalIsland rdf:resource="#_73f680c0fe714adaaea39b3b0728d468"/>
</cim:TopologicalNode>
<cim:TopologicalNode rdf:ID="_d02d04c9dde44f818c14b9fe6bec5cae">
	<cim:Node.UniqueNumber>3</cim:Node.UniqueNumber>
	<cim:IdentifiedObject.name>G2</cim:IdentifiedObject.name>
	<cim:IdentifiedObject.description>G2</cim:IdentifiedObject.description>
	<cim:TopologicalNode.equivalent>FALSE</cim:TopologicalNode.equivalent>
	<cim:TopologicalNodeSubstation.name></cim:TopologicalNodeSubstation.name>
	<cim:TopologicalNode.NodeCode>Node_G2</cim:TopologicalNode.NodeCode>
	<cim:TopologicalNode.BaseVoltage rdf:resource="#_593d05b9cf1a443285a1cc65014f2117"/>
	<cim:TopologicalNode.ConnectivityNodeContainer rdf:resource="#_acd4b43619bd49c1a271f40e49b2ae71"/>
	<cim:TopologicalNode.ControlArea rdf:resource="#_ea5424f2276b4ebbbe38571135f97e98"/>
	<cim:TopologicalNode.TopologicalIsland rdf:resource="#_73f680c0fe714adaaea39b3b0728d468"/>
</cim:TopologicalNode>
<cim:TopologicalNode rdf:ID="_31386f2b1f784bd496e8f935c188217d">
	<cim:Node.UniqueNumber>4</cim:Node.UniqueNumber>
	<cim:IdentifiedObject.name>Node 2</cim:IdentifiedObject.name>
	<cim:IdentifiedObject.description>Node 2</cim:IdentifiedObject.description>
	<cim:TopologicalNode.equivalent>FALSE</cim:TopologicalNode.equivalent>
	<cim:TopologicalNodeSubstation.name></cim:TopologicalNodeSubstation.name>
	<cim:TopologicalNode.NodeCode>Node 2</cim:TopologicalNode.NodeCode>
	<cim:TopologicalNode.BaseVoltage rdf:resource="#_09715e9e9cd94a6caaebf7dd6dedf8de"/>
	<cim:TopologicalNode.ConnectivityNodeContainer rdf:resource="#_721d9a34056042ba9522e4ccd4fd2307"/>
	<cim:TopologicalNode.ControlArea rdf:resource="#_ea5424f2276b4ebbbe38571135f97e98"/>
	<cim:TopologicalNode.TopologicalIsland rdf:resource="#_73f680c0fe714adaaea39b3b0728d468"/>
</cim:TopologicalNode>
<cim:TopologicalNode rdf:ID="_793224300a52408eb2505f8b329b0b71">
	<cim:Node.UniqueNumber>5</cim:Node.UniqueNumber>
	<cim:IdentifiedObject.name>Node 3</cim:IdentifiedObject.name>
	<cim:IdentifiedObject.description>Node 3</cim:IdentifiedObject.description>
	<cim:TopologicalNode.equivalent>FALSE</cim:TopologicalNode.equivalent>
	<cim:TopologicalNodeSubstation.name></cim:TopologicalNodeSubstation.name>
	<cim:TopologicalNode.NodeCode>Node 3</cim:TopologicalNode.NodeCode>
	<cim:TopologicalNode.BaseVoltage rdf:resource="#_09715e9e9cd94a6caaebf7dd6dedf8de"/>
	<cim:TopologicalNode.ConnectivityNodeContainer rdf:resource="#_036df410258d45da81f3457928ccf753"/>
	<cim:TopologicalNode.ControlArea rdf:resource="#_ea5424f2276b4ebbbe38571135f97e98"/>
	<cim:TopologicalNode.TopologicalIsland rdf:resource="#_73f680c0fe714adaaea39b3b0728d468"/>
</cim:TopologicalNode>
<cim:TopologicalNode rdf:ID="_1d33435b763b4149a5dd4d6c454d4b53">
	<cim:Node.UniqueNumber>6</cim:Node.UniqueNumber>
	<cim:IdentifiedObject.name>Node 3 - 110 kV</cim:IdentifiedObject.name>
	<cim:IdentifiedObject.description>Node 3 - 110 kV</cim:IdentifiedObject.description>
	<cim:TopologicalNode.equivalent>FALSE</cim:TopologicalNode.equivalent>
	<cim:TopologicalNodeSubstation.name></cim:TopologicalNodeSubstation.name>
	<cim:TopologicalNode.NodeCode>Node3_11</cim:TopologicalNode.NodeCode>
	<cim:TopologicalNode.BaseVoltage rdf:resource="#_257c6df97564465f8231abbb8e3b742a"/>
	<cim:TopologicalNode.ConnectivityNodeContainer rdf:resource="#_b10d0cdd62344a949d29c262cb3a84e3"/>
	<cim:TopologicalNode.ControlArea rdf:resource="#_ea5424f2276b4ebbbe38571135f97e98"/>
	<cim:TopologicalNode.TopologicalIsland rdf:resource="#_73f680c0fe714adaaea39b3b0728d468"/>
</cim:TopologicalNode>
<cim:TopologicalNode rdf:ID="_bae3927b96f940818226f714f117bd91">
	<cim:Node.UniqueNumber>7</cim:Node.UniqueNumber>
	<cim:IdentifiedObject.name>Node 5</cim:IdentifiedObject.name>
	<cim:IdentifiedObject.description>Node 5</cim:IdentifiedObject.description>
	<cim:TopologicalNode.equivalent>FALSE</cim:TopologicalNode.equivalent>
	<cim:TopologicalNodeSubstation.name></cim:TopologicalNodeSubstation.name>
	<cim:TopologicalNode.NodeCode>Node 5</cim:TopologicalNode.NodeCode>
	<cim:TopologicalNode.BaseVoltage rdf:resource="#_257c6df97564465f8231abbb8e3b742a"/>
	<cim:TopologicalNode.ConnectivityNodeContainer rdf:resource="#_10721e8b72f04c7ba00839f068d40d3f"/>
	<cim:TopologicalNode.ControlArea rdf:resource="#_ea5424f2276b4ebbbe38571135f97e98"/>
	<cim:TopologicalNode.TopologicalIsland rdf:resource="#_73f680c0fe714adaaea39b3b0728d468"/>
</cim:TopologicalNode>
<cim:TopologicalNode rdf:ID="_9738622d113f4964b5c2295988873b97">
	<cim:Node.UniqueNumber>8</cim:Node.UniqueNumber>
	<cim:IdentifiedObject.name>G3</cim:IdentifiedObject.name>
	<cim:IdentifiedObject.description>G3</cim:IdentifiedObject.description>
	<cim:TopologicalNode.equivalent>FALSE</cim:TopologicalNode.equivalent>
	<cim:TopologicalNodeSubstation.name></cim:TopologicalNodeSubstation.name>
	<cim:TopologicalNode.NodeCode>G3</cim:TopologicalNode.NodeCode>
	<cim:TopologicalNode.BaseVoltage rdf:resource="#_228ebc6a5c0243cb83e24756c659e469"/>
	<cim:TopologicalNode.ConnectivityNodeContainer rdf:resource="#_08e6ce3f814d4424a368847afe5dc182"/>
	<cim:TopologicalNode.ControlArea rdf:resource="#_ea5424f2276b4ebbbe38571135f97e98"/>
	<cim:TopologicalNode.TopologicalIsland rdf:resource="#_73f680c0fe714adaaea39b3b0728d468"/>
</cim:TopologicalNode>
<cim:TopologicalNode rdf:ID="_3ed1416d0daa4628a885dbbca5b1f09f">
	<cim:Node.UniqueNumber>9</cim:Node.UniqueNumber>
	<cim:IdentifiedObject.name>Node 6</cim:IdentifiedObject.name>
	<cim:IdentifiedObject.description>Node 6</cim:IdentifiedObject.description>
	<cim:TopologicalNode.equivalent>FALSE</cim:TopologicalNode.equivalent>
	<cim:TopologicalNodeSubstation.name></cim:TopologicalNodeSubstation.name>
	<cim:TopologicalNode.NodeCode>Node 6</cim:TopologicalNode.NodeCode>
	<cim:TopologicalNode.BaseVoltage rdf:resource="#_3f68cd9ea2904fcfae9808661f434a7b"/>
	<cim:TopologicalNode.ConnectivityNodeContainer rdf:resource="#_7c47392ae2b84d8f80e74fe708e520cb"/>
	<cim:TopologicalNode.ControlArea rdf:resource="#_ea5424f2276b4ebbbe38571135f97e98"/>
	<cim:TopologicalNode.TopologicalIsland rdf:resource="#_73f680c0fe714adaaea39b3b0728d468"/>
</cim:TopologicalNode>
<cim:TopologicalNode rdf:ID="_2a16822a4395478cbe7bbec244eb63cc">
	<cim:Node.UniqueNumber>10</cim:Node.UniqueNumber>
	<cim:IdentifiedObject.name>Node 7</cim:IdentifiedObject.name>
	<cim:IdentifiedObject.description>Node 7</cim:IdentifiedObject.description>
	<cim:TopologicalNode.equivalent>FALSE</cim:TopologicalNode.equivalent>
	<cim:TopologicalNodeSubstation.name></cim:TopologicalNodeSubstation.name>
	<cim:TopologicalNode.NodeCode>Node 7</cim:TopologicalNode.NodeCode>
	<cim:TopologicalNode.BaseVoltage rdf:resource="#_09715e9e9cd94a6caaebf7dd6dedf8de"/>
	<cim:TopologicalNode.ConnectivityNodeContainer rdf:resource="#_50f74a7fe91f4b5aafeb2bfac20cf192"/>
	<cim:TopologicalNode.ControlArea rdf:resource="#_ea5424f2276b4ebbbe38571135f97e98"/>
	<cim:TopologicalNode.TopologicalIsland rdf:resource="#_73f680c0fe714adaaea39b3b0728d468"/>
</cim:TopologicalNode>
<cim:TopologicalNode rdf:ID="_e49f5347d50a4636961751407babee28">
	<cim:Node.UniqueNumber>11</cim:Node.UniqueNumber>
	<cim:IdentifiedObject.name>Node 7 - 110 kV</cim:IdentifiedObject.name>
	<cim:IdentifiedObject.description>Node 7 - 110 kV</cim:IdentifiedObject.description>
	<cim:TopologicalNode.equivalent>FALSE</cim:TopologicalNode.equivalent>
	<cim:TopologicalNodeSubstation.name></cim:TopologicalNodeSubstation.name>
	<cim:TopologicalNode.NodeCode>Node7-11</cim:TopologicalNode.NodeCode>
	<cim:TopologicalNode.BaseVoltage rdf:resource="#_257c6df97564465f8231abbb8e3b742a"/>
	<cim:TopologicalNode.ConnectivityNodeContainer rdf:resource="#_94a18ffe781f4d9ba57d25b119377d36"/>
	<cim:TopologicalNode.ControlArea rdf:resource="#_ea5424f2276b4ebbbe38571135f97e98"/>
	<cim:TopologicalNode.TopologicalIsland rdf:resource="#_73f680c0fe714adaaea39b3b0728d468"/>
</cim:TopologicalNode>
<cim:TopologicalNode rdf:ID="_0d1512795147490ea5222eb473fb233d">
	<cim:Node.UniqueNumber>12</cim:Node.UniqueNumber>
	<cim:IdentifiedObject.name>Node 8</cim:IdentifiedObject.name>
	<cim:IdentifiedObject.description>Node 8</cim:IdentifiedObject.description>
	<cim:TopologicalNode.equivalent>FALSE</cim:TopologicalNode.equivalent>
	<cim:TopologicalNodeSubstation.name></cim:TopologicalNodeSubstation.name>
	<cim:TopologicalNode.NodeCode>Node 8</cim:TopologicalNode.NodeCode>
	<cim:TopologicalNode.BaseVoltage rdf:resource="#_257c6df97564465f8231abbb8e3b742a"/>
	<cim:TopologicalNode.ConnectivityNodeContainer rdf:resource="#_b2325d20834d436eb47c0f3d30bbaaf8"/>
	<cim:TopologicalNode.ControlArea rdf:resource="#_ea5424f2276b4ebbbe38571135f97e98"/>
	<cim:TopologicalNode.TopologicalIsland rdf:resource="#_73f680c0fe714adaaea39b3b0728d468"/>
</cim:TopologicalNode>
<cim:TopologicalNode rdf:ID="_1416af979dc34c2da52f7a9e7ef13564">
	<cim:Node.UniqueNumber>13</cim:Node.UniqueNumber>
	<cim:IdentifiedObject.name>Node 9 - 35 kV</cim:IdentifiedObject.name>
	<cim:IdentifiedObject.description>Node 9 - 35 kV</cim:IdentifiedObject.description>
	<cim:TopologicalNode.equivalent>FALSE</cim:TopologicalNode.equivalent>
	<cim:TopologicalNodeSubstation.name></cim:TopologicalNodeSubstation.name>
	<cim:TopologicalNode.NodeCode>Node9_35</cim:TopologicalNode.NodeCode>
	<cim:TopologicalNode.BaseVoltage rdf:resource="#_f09322e2321e45659319e0d924b82912"/>
	<cim:TopologicalNode.ConnectivityNodeContainer rdf:resource="#_b792552e84da456d8c35ff397eb9d082"/>
	<cim:TopologicalNode.ControlArea rdf:resource="#_ea5424f2276b4ebbbe38571135f97e98"/>
	<cim:TopologicalNode.TopologicalIsland rdf:resource="#_73f680c0fe714adaaea39b3b0728d468"/>
</cim:TopologicalNode>
<cim:TopologicalNode rdf:ID="_b37724ecbaa641fb9d1878e3d5d0be1b">
	<cim:Node.UniqueNumber>14</cim:Node.UniqueNumber>
	<cim:IdentifiedObject.name>Node 9</cim:IdentifiedObject.name>
	<cim:IdentifiedObject.description>Node 9</cim:IdentifiedObject.description>
	<cim:TopologicalNode.equivalent>FALSE</cim:TopologicalNode.equivalent>
	<cim:TopologicalNodeSubstation.name></cim:TopologicalNodeSubstation.name>
	<cim:TopologicalNode.NodeCode>Node 9</cim:TopologicalNode.NodeCode>
	<cim:TopologicalNode.BaseVoltage rdf:resource="#_257c6df97564465f8231abbb8e3b742a"/>
	<cim:TopologicalNode.ConnectivityNodeContainer rdf:resource="#_d113b4eefe0a492780c406dd8a2a3946"/>
	<cim:TopologicalNode.ControlArea rdf:resource="#_ea5424f2276b4ebbbe38571135f97e98"/>
	<cim:TopologicalNode.TopologicalIsland rdf:resource="#_73f680c0fe714adaaea39b3b0728d468"/>
</cim:TopologicalNode>
<cim:TopologicalNode rdf:ID="_a6ff8e50418c4c56a0d81e496103971b">
	<cim:Node.UniqueNumber>15</cim:Node.UniqueNumber>
	<cim:IdentifiedObject.name>Node 10</cim:IdentifiedObject.name>
	<cim:IdentifiedObject.description>Node 10</cim:IdentifiedObject.description>
	<cim:TopologicalNode.equivalent>FALSE</cim:TopologicalNode.equivalent>
	<cim:TopologicalNodeSubstation.name></cim:TopologicalNodeSubstation.name>
	<cim:TopologicalNode.NodeCode>Node 10</cim:TopologicalNode.NodeCode>
	<cim:TopologicalNode.BaseVoltage rdf:resource="#_257c6df97564465f8231abbb8e3b742a"/>
	<cim:TopologicalNode.ConnectivityNodeContainer rdf:resource="#_148b7d431f1d403a802bf209bc558bf3"/>
	<cim:TopologicalNode.ControlArea rdf:resource="#_ea5424f2276b4ebbbe38571135f97e98"/>
	<cim:TopologicalNode.TopologicalIsland rdf:resource="#_73f680c0fe714adaaea39b3b0728d468"/>
</cim:TopologicalNode>
<cim:TopologicalNode rdf:ID="_51c4654d295249ddb9cbd0b5814cc1fe">
	<cim:Node.UniqueNumber>16</cim:Node.UniqueNumber>
	<cim:IdentifiedObject.name>Node 11</cim:IdentifiedObject.name>
	<cim:IdentifiedObject.description>Node 11</cim:IdentifiedObject.description>
	<cim:TopologicalNode.equivalent>FALSE</cim:TopologicalNode.equivalent>
	<cim:TopologicalNodeSubstation.name></cim:TopologicalNodeSubstation.name>
	<cim:TopologicalNode.NodeCode>Node 11</cim:TopologicalNode.NodeCode>
	<cim:TopologicalNode.BaseVoltage rdf:resource="#_3f68cd9ea2904fcfae9808661f434a7b"/>
	<cim:TopologicalNode.ConnectivityNodeContainer rdf:resource="#_7818899e1ef545f09a2c159a760ce480"/>
	<cim:TopologicalNode.ControlArea rdf:resource="#_ea5424f2276b4ebbbe38571135f97e98"/>
	<cim:TopologicalNode.TopologicalIsland rdf:resource="#_73f680c0fe714adaaea39b3b0728d468"/>
</cim:TopologicalNode>
<cim:TopologicalNode rdf:ID="_b71ce01c495a4f5da96e39622fc23551">
	<cim:Node.UniqueNumber>17</cim:Node.UniqueNumber>
	<cim:IdentifiedObject.name>Node 12</cim:IdentifiedObject.name>
	<cim:IdentifiedObject.description>Node 12</cim:IdentifiedObject.description>
	<cim:TopologicalNode.equivalent>FALSE</cim:TopologicalNode.equivalent>
	<cim:TopologicalNodeSubstation.name></cim:TopologicalNodeSubstation.name>
	<cim:TopologicalNode.NodeCode>Node 12</cim:TopologicalNode.NodeCode>
	<cim:TopologicalNode.BaseVoltage rdf:resource="#_3f68cd9ea2904fcfae9808661f434a7b"/>
	<cim:TopologicalNode.ConnectivityNodeContainer rdf:resource="#_427a8a20b46f496a824408f60a69dcb0"/>
	<cim:TopologicalNode.ControlArea rdf:resource="#_ea5424f2276b4ebbbe38571135f97e98"/>
	<cim:TopologicalNode.TopologicalIsland rdf:resource="#_73f680c0fe714adaaea39b3b0728d468"/>
</cim:TopologicalNode>
<cim:TopologicalNode rdf:ID="_a688792c32c2487492c2aaa9461a79f5">
	<cim:Node.UniqueNumber>18</cim:Node.UniqueNumber>
	<cim:IdentifiedObject.name>Node 13</cim:IdentifiedObject.name>
	<cim:IdentifiedObject.description>Node 13</cim:IdentifiedObject.description>
	<cim:TopologicalNode.equivalent>FALSE</cim:TopologicalNode.equivalent>
	<cim:TopologicalNodeSubstation.name></cim:TopologicalNodeSubstation.name>
	<cim:TopologicalNode.NodeCode>Node 13</cim:TopologicalNode.NodeCode>
	<cim:TopologicalNode.BaseVoltage rdf:resource="#_3f68cd9ea2904fcfae9808661f434a7b"/>
	<cim:TopologicalNode.ConnectivityNodeContainer rdf:resource="#_34035f0a2c704cccb9b4b88ed730effe"/>
	<cim:TopologicalNode.ControlArea rdf:resource="#_ea5424f2276b4ebbbe38571135f97e98"/>
	<cim:TopologicalNode.TopologicalIsland rdf:resource="#_73f680c0fe714adaaea39b3b0728d468"/>
</cim:TopologicalNode>
<cim:TopologicalNode rdf:ID="_36059eefdb6d490f9b6a44d83e036c87">
	<cim:Node.UniqueNumber>19</cim:Node.UniqueNumber>
	<cim:IdentifiedObject.name>Node 14</cim:IdentifiedObject.name>
	<cim:IdentifiedObject.description>Node 14</cim:IdentifiedObject.description>
	<cim:TopologicalNode.equivalent>FALSE</cim:TopologicalNode.equivalent>
	<cim:TopologicalNodeSubstation.name></cim:TopologicalNodeSubstation.name>
	<cim:TopologicalNode.NodeCode>Node 14</cim:TopologicalNode.NodeCode>
	<cim:TopologicalNode.BaseVoltage rdf:resource="#_257c6df97564465f8231abbb8e3b742a"/>
	<cim:TopologicalNode.ConnectivityNodeContainer rdf:resource="#_7aaa8b4d19944dcbb1d737cd7f1f17ef"/>
	<cim:TopologicalNode.ControlArea rdf:resource="#_ea5424f2276b4ebbbe38571135f97e98"/>
	<cim:TopologicalNode.TopologicalIsland rdf:resource="#_73f680c0fe714adaaea39b3b0728d468"/>
</cim:TopologicalNode>
<cim:Terminal rdf:about="#_af1a4d8ea1d34bafb3def75fcf86b97f">
	<cim:Terminal.TopologicalNode rdf:resource="#_0ef1bb5fe4b9440aaceb00f16db881b5"/>
	<cim:Terminal.connected>TRUE</cim:Terminal.connected>
</cim:Terminal>
<cim:Terminal rdf:about="#_0d31796349a047e1882a67a1d34d3056">
	<cim:Terminal.TopologicalNode rdf:resource="#_9db285a723394da8a24cb408481b8c7b"/>
	<cim:Terminal.connected>TRUE</cim:Terminal.connected>
</cim:Terminal>
<cim:Terminal rdf:about="#_dc387747ea474b8783e275e39ab5cf2e">
	<cim:Terminal.TopologicalNode rdf:resource="#_9db285a723394da8a24cb408481b8c7b"/>
	<cim:Terminal.connected>TRUE</cim:Terminal.connected>
</cim:Terminal>
<cim:Terminal rdf:about="#_dcc2fa2d03b64713be1c5fd65538e8c7">
	<cim:Terminal.TopologicalNode rdf:resource="#_31386f2b1f784bd496e8f935c188217d"/>
	<cim:Terminal.connected>TRUE</cim:Terminal.connected>
</cim:Terminal>
<cim:Terminal rdf:about="#_247c4159ec6f494496a458797b6e69fc">
	<cim:Terminal.TopologicalNode rdf:resource="#_9db285a723394da8a24cb408481b8c7b"/>
	<cim:Terminal.connected>TRUE</cim:Terminal.connected>
</cim:Terminal>
<cim:Terminal rdf:about="#_02dc5f92b47d4db8861886c3fdd250e3">
	<cim:Terminal.TopologicalNode rdf:resource="#_31386f2b1f784bd496e8f935c188217d"/>
	<cim:Terminal.connected>TRUE</cim:Terminal.connected>
</cim:Terminal>
<cim:Terminal rdf:about="#_ff72b34e9f3b4ec5b4dd052b4b13c98c">
	<cim:Terminal.TopologicalNode rdf:resource="#_31386f2b1f784bd496e8f935c188217d"/>
	<cim:Terminal.connected>TRUE</cim:Terminal.connected>
</cim:Terminal>
<cim:Terminal rdf:about="#_603124a3627d46bd94c518ec8147c423">
	<cim:Terminal.TopologicalNode rdf:resource="#_793224300a52408eb2505f8b329b0b71"/>
	<cim:Terminal.connected>TRUE</cim:Terminal.connected>
</cim:Terminal>
<cim:Terminal rdf:about="#_c17ffd6adc2941e7a757f65190b3078e">
	<cim:Terminal.TopologicalNode rdf:resource="#_1d33435b763b4149a5dd4d6c454d4b53"/>
	<cim:Terminal.connected>TRUE</cim:Terminal.connected>
</cim:Terminal>
<cim:Terminal rdf:about="#_8cc9c31b97d64f3eb06cdf5c5f87b225">
	<cim:Terminal.TopologicalNode rdf:resource="#_bae3927b96f940818226f714f117bd91"/>
	<cim:Terminal.connected>TRUE</cim:Terminal.connected>
</cim:Terminal>
<cim:Terminal rdf:about="#_a1a348b7cc644dfc83dc32970672b9a5">
	<cim:Terminal.TopologicalNode rdf:resource="#_9db285a723394da8a24cb408481b8c7b"/>
	<cim:Terminal.connected>TRUE</cim:Terminal.connected>
</cim:Terminal>
<cim:Terminal rdf:about="#_8149dd2964b8481583f698f942273da1">
	<cim:Terminal.TopologicalNode rdf:resource="#_2a16822a4395478cbe7bbec244eb63cc"/>
	<cim:Terminal.connected>TRUE</cim:Terminal.connected>
</cim:Terminal>
<cim:Terminal rdf:about="#_26b7ecca80e049a2b9f5d0e56d9d97a7">
	<cim:Terminal.TopologicalNode rdf:resource="#_e49f5347d50a4636961751407babee28"/>
	<cim:Terminal.connected>TRUE</cim:Terminal.connected>
</cim:Terminal>
<cim:Terminal rdf:about="#_bd1fc61d9bd6440ebf5c879c3a657e34">
	<cim:Terminal.TopologicalNode rdf:resource="#_0d1512795147490ea5222eb473fb233d"/>
	<cim:Terminal.connected>TRUE</cim:Terminal.connected>
</cim:Terminal>
<cim:Terminal rdf:about="#_0ab43b3973ce4e9899a512e62c1b0008">
	<cim:Terminal.TopologicalNode rdf:resource="#_0d1512795147490ea5222eb473fb233d"/>
	<cim:Terminal.connected>TRUE</cim:Terminal.connected>
</cim:Terminal>
<cim:Terminal rdf:about="#_b9881476f28a40b58c2c61966443c00b">
	<cim:Terminal.TopologicalNode rdf:resource="#_1d33435b763b4149a5dd4d6c454d4b53"/>
	<cim:Terminal.connected>TRUE</cim:Terminal.connected>
</cim:Terminal>
<cim:Terminal rdf:about="#_3741966fce004f8fbd8297a6ef4097c7">
	<cim:Terminal.TopologicalNode rdf:resource="#_bae3927b96f940818226f714f117bd91"/>
	<cim:Terminal.connected>TRUE</cim:Terminal.connected>
</cim:Terminal>
<cim:Terminal rdf:about="#_d72e31a4f42840ed94b70b3a80b70148">
	<cim:Terminal.TopologicalNode rdf:resource="#_b37724ecbaa641fb9d1878e3d5d0be1b"/>
	<cim:Terminal.connected>TRUE</cim:Terminal.connected>
</cim:Terminal>
<cim:Terminal rdf:about="#_05624d23674e447792ae01f4131f063a">
	<cim:Terminal.TopologicalNode rdf:resource="#_0d1512795147490ea5222eb473fb233d"/>
	<cim:Terminal.connected>TRUE</cim:Terminal.connected>
</cim:Terminal>
<cim:Terminal rdf:about="#_504e5b904a494efbbb75988b2d23bfe4">
	<cim:Terminal.TopologicalNode rdf:resource="#_a6ff8e50418c4c56a0d81e496103971b"/>
	<cim:Terminal.connected>TRUE</cim:Terminal.connected>
</cim:Terminal>
<cim:Terminal rdf:about="#_1fd8c0817f774913a5278eefafaf0b2a">
	<cim:Terminal.TopologicalNode rdf:resource="#_3ed1416d0daa4628a885dbbca5b1f09f"/>
	<cim:Terminal.connected>TRUE</cim:Terminal.connected>
</cim:Terminal>
<cim:Terminal rdf:about="#_8322521b322c4476b37cf42657ca8bf1">
	<cim:Terminal.TopologicalNode rdf:resource="#_51c4654d295249ddb9cbd0b5814cc1fe"/>
	<cim:Terminal.connected>TRUE</cim:Terminal.connected>
</cim:Terminal>
<cim:Terminal rdf:about="#_b3ad0dfbde324e30b4aa9bfb1d257ad3">
	<cim:Terminal.TopologicalNode rdf:resource="#_b71ce01c495a4f5da96e39622fc23551"/>
	<cim:Terminal.connected>TRUE</cim:Terminal.connected>
</cim:Terminal>
<cim:Terminal rdf:about="#_ec66fdf0273e484b89368d09d095eabc">
	<cim:Terminal.TopologicalNode rdf:resource="#_51c4654d295249ddb9cbd0b5814cc1fe"/>
	<cim:Terminal.connected>TRUE</cim:Terminal.connected>
</cim:Terminal>
<cim:Terminal rdf:about="#_126ac47ce1d54324b018de2d8471ac70">
	<cim:Terminal.TopologicalNode rdf:resource="#_b71ce01c495a4f5da96e39622fc23551"/>
	<cim:Terminal.connected>TRUE</cim:Terminal.connected>
</cim:Terminal>
<cim:Terminal rdf:about="#_19810ceed7ae46b5806189cce9749245">
	<cim:Terminal.TopologicalNode rdf:resource="#_a688792c32c2487492c2aaa9461a79f5"/>
	<cim:Terminal.connected>TRUE</cim:Terminal.connected>
</cim:Terminal>
<cim:Terminal rdf:about="#_88597d4aa8f04276b56b510455a1eaef">
	<cim:Terminal.TopologicalNode rdf:resource="#_36059eefdb6d490f9b6a44d83e036c87"/>
	<cim:Terminal.connected>TRUE</cim:Terminal.connected>
</cim:Terminal>
<cim:Terminal rdf:about="#_5e7c3531c623460697b498a3141e5a56">
	<cim:Terminal.TopologicalNode rdf:resource="#_a6ff8e50418c4c56a0d81e496103971b"/>
	<cim:Terminal.connected>TRUE</cim:Terminal.connected>
</cim:Terminal>
<cim:Terminal rdf:about="#_e8c22a0dc8414cbe9f5732726512ad52">
	<cim:Terminal.connected>TRUE</cim:Terminal.connected>
	<cim:Terminal.TopologicalNode rdf:resource="#_31386f2b1f784bd496e8f935c188217d"/>
</cim:Terminal>
<cim:Terminal rdf:about="#_2ab913d48da04a33a11e058d8599d919">
	<cim:Terminal.connected>TRUE</cim:Terminal.connected>
	<cim:Terminal.TopologicalNode rdf:resource="#_1d33435b763b4149a5dd4d6c454d4b53"/>
</cim:Terminal>
<cim:Terminal rdf:about="#_2fec36eab5ac48e589c32da70b77aa73">
	<cim:Terminal.connected>TRUE</cim:Terminal.connected>
	<cim:Terminal.TopologicalNode rdf:resource="#_e49f5347d50a4636961751407babee28"/>
</cim:Terminal>
<cim:Terminal rdf:about="#_c4bd4e92017541f481a36d486433ec24">
	<cim:Terminal.connected>TRUE</cim:Terminal.connected>
	<cim:Terminal.TopologicalNode rdf:resource="#_0d1512795147490ea5222eb473fb233d"/>
</cim:Terminal>
<cim:Terminal rdf:about="#_08d7ffd5b83946559a6447deabbff462">
	<cim:Terminal.connected>TRUE</cim:Terminal.connected>
	<cim:Terminal.TopologicalNode rdf:resource="#_a6ff8e50418c4c56a0d81e496103971b"/>
</cim:Terminal>
<cim:Terminal rdf:about="#_67a24791dd8548e18913f46ac7aed4b9">
	<cim:Terminal.connected>TRUE</cim:Terminal.connected>
	<cim:Terminal.TopologicalNode rdf:resource="#_a688792c32c2487492c2aaa9461a79f5"/>
</cim:Terminal>
<cim:Terminal rdf:about="#_2257bc65b0c1443dbfa6501506264d0b">
	<cim:Terminal.connected>TRUE</cim:Terminal.connected>
	<cim:Terminal.TopologicalNode rdf:resource="#_36059eefdb6d490f9b6a44d83e036c87"/>
</cim:Terminal>
<cim:Terminal rdf:about="#_6a2f1f82e2ed43448f49e6a3b4174717">
	<cim:Terminal.connected>TRUE</cim:Terminal.connected>
	<cim:Terminal.TopologicalNode rdf:resource="#_9db285a723394da8a24cb408481b8c7b"/>
</cim:Terminal>
<cim:Terminal rdf:about="#_269a63a697704a499251dfc63d795e6a">
	<cim:Terminal.connected>TRUE</cim:Terminal.connected>
	<cim:Terminal.TopologicalNode rdf:resource="#_6a9e71a9b3024a5d9e72f860bc170c84"/>
</cim:Terminal>
<cim:Terminal rdf:about="#_afd43687bda0495d9582b296334e0085">
	<cim:Terminal.connected>TRUE</cim:Terminal.connected>
	<cim:Terminal.TopologicalNode rdf:resource="#_d02d04c9dde44f818c14b9fe6bec5cae"/>
</cim:Terminal>
<cim:Terminal rdf:about="#_af09a69615bf4be6bc4c9109215d58c9">
	<cim:Terminal.connected>TRUE</cim:Terminal.connected>
	<cim:Terminal.TopologicalNode rdf:resource="#_793224300a52408eb2505f8b329b0b71"/>
</cim:Terminal>
<cim:Terminal rdf:about="#_fee632d550104808978f7d76caf0b79a">
	<cim:Terminal.connected>TRUE</cim:Terminal.connected>
	<cim:Terminal.TopologicalNode rdf:resource="#_1d33435b763b4149a5dd4d6c454d4b53"/>
</cim:Terminal>
<cim:Terminal rdf:about="#_768ea343bf8840ba8d426365ffdd5ec8">
	<cim:Terminal.connected>TRUE</cim:Terminal.connected>
	<cim:Terminal.TopologicalNode rdf:resource="#_bae3927b96f940818226f714f117bd91"/>
</cim:Terminal>
<cim:Terminal rdf:about="#_cfe629873b7d420298f2a9a252daa371">
	<cim:Terminal.connected>TRUE</cim:Terminal.connected>
	<cim:Terminal.TopologicalNode rdf:resource="#_9738622d113f4964b5c2295988873b97"/>
</cim:Terminal>
<cim:Terminal rdf:about="#_f794bdb2720f416bbb2232e14b81c036">
	<cim:Terminal.connected>TRUE</cim:Terminal.connected>
	<cim:Terminal.TopologicalNode rdf:resource="#_bae3927b96f940818226f714f117bd91"/>
</cim:Terminal>
<cim:Terminal rdf:about="#_60ea2cf2c2be4b4293488e3e562d6d6b">
	<cim:Terminal.connected>TRUE</cim:Terminal.connected>
	<cim:Terminal.TopologicalNode rdf:resource="#_3ed1416d0daa4628a885dbbca5b1f09f"/>
</cim:Terminal>
<cim:Terminal rdf:about="#_47c1c44409424935a4c97b7f4283c5e1">
	<cim:Terminal.connected>TRUE</cim:Terminal.connected>
	<cim:Terminal.TopologicalNode rdf:resource="#_2a16822a4395478cbe7bbec244eb63cc"/>
</cim:Terminal>
<cim:Terminal rdf:about="#_484274f6969045e9838b576aedd6180e">
	<cim:Terminal.connected>TRUE</cim:Terminal.connected>
	<cim:Terminal.TopologicalNode rdf:resource="#_e49f5347d50a4636961751407babee28"/>
</cim:Terminal>
<cim:Terminal rdf:about="#_749e68f8867b4c4b881191a4eaa69b2e">
	<cim:Terminal.connected>TRUE</cim:Terminal.connected>
	<cim:Terminal.TopologicalNode rdf:resource="#_b37724ecbaa641fb9d1878e3d5d0be1b"/>
</cim:Terminal>
<cim:Terminal rdf:about="#_ee285698c3084c53b741a3ebd3926039">
	<cim:Terminal.connected>TRUE</cim:Terminal.connected>
	<cim:Terminal.TopologicalNode rdf:resource="#_1416af979dc34c2da52f7a9e7ef13564"/>
</cim:Terminal>
<cim:Terminal rdf:about="#_2caff91205174b1abe50c9431f3d5cca">
	<cim:Terminal.TopologicalNode rdf:resource="#_6a9e71a9b3024a5d9e72f860bc170c84"/>
	<cim:Terminal.connected>TRUE</cim:Terminal.connected>
</cim:Terminal>
<cim:Terminal rdf:about="#_886ea83af0b646f98f743f1177f87e4c">
	<cim:Terminal.TopologicalNode rdf:resource="#_d02d04c9dde44f818c14b9fe6bec5cae"/>
	<cim:Terminal.connected>TRUE</cim:Terminal.connected>
</cim:Terminal>
<cim:Terminal rdf:about="#_0310e014b06746ebaba7882ccd2e6f08">
	<cim:Terminal.TopologicalNode rdf:resource="#_9738622d113f4964b5c2295988873b97"/>
	<cim:Terminal.connected>TRUE</cim:Terminal.connected>
</cim:Terminal>
<cim:Terminal rdf:about="#_c4ce5d9f1ec84f928b26843b65186638">
	<cim:Terminal.TopologicalNode rdf:resource="#_3ed1416d0daa4628a885dbbca5b1f09f"/>
	<cim:Terminal.connected>TRUE</cim:Terminal.connected>
</cim:Terminal>
<cim:Terminal rdf:about="#_250d6eb8d5274e0a99030982866ec7fb">
	<cim:Terminal.TopologicalNode rdf:resource="#_1416af979dc34c2da52f7a9e7ef13564"/>
	<cim:Terminal.connected>TRUE</cim:Terminal.connected>
</cim:Terminal>
<cim:Terminal rdf:about="#_6c0a5975f2074e1d91833edc864bd250">
	<cim:Terminal.TopologicalNode rdf:resource="#_0ef1bb5fe4b9440aaceb00f16db881b5"/>
	<cim:Terminal.connected>TRUE</cim:Terminal.connected>
</cim:Terminal>
</rdf:RDF>