<?xml version="1.0" encoding="UTF-8"?>
<rdf:RDF xmlns:rdf="http://www.w3.org/1999/02/22-rdf-syntax-ns#" xmlns:cim="http://iec.ch/TC57/2009/CIM-schema-cim14#">
<md:FullModel xmlns:md="http://www.casepowersoftware.com/2020/20 node_SV/1">
	<md:Model.created>2025-11-21-11</md:Model.created>
	<md:Model.Version>
		<md:Description>
			<md:Description.name>20 node_SV</md:Description.name>
			<md:Description.version>1</md:Description.version>
			<md:Description.ModelComment></md:Description.ModelComment>
		</md:Description>
	</md:Model.Version>
	<md:Model.ModelingAuthoritySet>
		<md:Description>
			<md:Description.name>20 node</md:Description.name>
		</md:Description>
	</md:Model.ModelingAuthoritySet>
	<md:Model.Profile>
		<md:Description>
			<md:Description.uri>http://iec.ch/TC57/61970-452/StateVariables/1</md:Description.uri>
			<md:Description.name>IEC61970-452-StateVariables_Model</md:Description.name>
			<md:Description.version>1</md:Description.version>
		</md:Description>
	</md:Model.Profile>
	<md:Model.Creator>
		<md:Description>
			<md:Description.name>CASE 1.0</md:Description.name>
		</md:Description>
	</md:Model.Creator>
</md:FullModel>
<cim:SvVoltage rdf:ID="_7c16bb61d2bb4096901db111767773dc">
	<cim:SvVoltage.v>407.2332</cim:SvVoltage.v>
	<cim:SvVoltage.angle>-4.9958</cim:SvVoltage.angle>
	<cim:SvVoltage.TopologicalNode rdf:resource="#_9db285a723394da8a24cb408481b8c7b"/>
</cim:SvVoltage>
<cim:SvVoltage rdf:ID="_f561e5a65ccd41f59d832019dc8d942e">
	<cim:SvVoltage.v>415.0000</cim:SvVoltage.v>
	<cim:SvVoltage.angle> 0.0000</cim:SvVoltage.angle>
	<cim:SvVoltage.TopologicalNode rdf:resource="#_0ef1bb5fe4b9440aaceb00f16db881b5"/>
</cim:SvVoltage>
<cim:SvVoltage rdf:ID="_ed2ccc7a796746d5a853c599db15a6c4">
	<cim:SvVoltage.v>15.7500</cim:SvVoltage.v>
	<cim:SvVoltage.angle>-0.7276</cim:SvVoltage.angle>
	<cim:SvVoltage.TopologicalNode rdf:resource="#_6a9e71a9b3024a5d9e72f860bc170c84"/>
</cim:SvVoltage>
<cim:SvVoltage rdf:ID="_9da52d7f4e86471892ce45dca7d1007e">
	<cim:SvVoltage.v>15.7500</cim:SvVoltage.v>
	<cim:SvVoltage.angle>-0.7276</cim:SvVoltage.angle>
	<cim:SvVoltage.TopologicalNode rdf:resource="#_d02d04c9dde44f818c14b9fe6bec5cae"/>
</cim:SvVoltage>
<cim:SvVoltage rdf:ID="_893bcc22c54844db906d9df9e35813b5">
	<cim:SvVoltage.v>400.1895</cim:SvVoltage.v>
	<cim:SvVoltage.angle>-7.5168</cim:SvVoltage.angle>
	<cim:SvVoltage.TopologicalNode rdf:resource="#_31386f2b1f784bd496e8f935c188217d"/>
</cim:SvVoltage>
<cim:SvVoltage rdf:ID="_27a740fab53a42d6a96cefb1026c4c64">
	<cim:SvVoltage.v>381.5476</cim:SvVoltage.v>
	<cim:SvVoltage.angle>-11.5073</cim:SvVoltage.angle>
	<cim:SvVoltage.TopologicalNode rdf:resource="#_793224300a52408eb2505f8b329b0b71"/>
</cim:SvVoltage>
<cim:SvVoltage rdf:ID="_3f4e46d043884bbea8477f1f23c8595f">
	<cim:SvVoltage.v>105.6683</cim:SvVoltage.v>
	<cim:SvVoltage.angle>-16.5537</cim:SvVoltage.angle>
	<cim:SvVoltage.TopologicalNode rdf:resource="#_1d33435b763b4149a5dd4d6c454d4b53"/>
</cim:SvVoltage>
<cim:SvVoltage rdf:ID="_652fb2af3fc848ab87155da8b9835a75">
	<cim:SvVoltage.v>109.2457</cim:SvVoltage.v>
	<cim:SvVoltage.angle>-12.6355</cim:SvVoltage.angle>
	<cim:SvVoltage.TopologicalNode rdf:resource="#_bae3927b96f940818226f714f117bd91"/>
</cim:SvVoltage>
<cim:SvVoltage rdf:ID="_023670d84d3f437fbfd7483d384bfb63">
	<cim:SvVoltage.v>10.7000</cim:SvVoltage.v>
	<cim:SvVoltage.angle>-8.1450</cim:SvVoltage.angle>
	<cim:SvVoltage.TopologicalNode rdf:resource="#_9738622d113f4964b5c2295988873b97"/>
</cim:SvVoltage>
<cim:SvVoltage rdf:ID="_d547a557d00e45ce89a5539cac94b293">
	<cim:SvVoltage.v>10.5217</cim:SvVoltage.v>
	<cim:SvVoltage.angle>-13.0268</cim:SvVoltage.angle>
	<cim:SvVoltage.TopologicalNode rdf:resource="#_3ed1416d0daa4628a885dbbca5b1f09f"/>
</cim:SvVoltage>
<cim:SvVoltage rdf:ID="_937b1b574f9f4a5cbf0450e395d61dec">
	<cim:SvVoltage.v>399.9952</cim:SvVoltage.v>
	<cim:SvVoltage.angle>-7.4856</cim:SvVoltage.angle>
	<cim:SvVoltage.TopologicalNode rdf:resource="#_2a16822a4395478cbe7bbec244eb63cc"/>
</cim:SvVoltage>
<cim:SvVoltage rdf:ID="_1ac4f3f02183444398e4760e209c187c">
	<cim:SvVoltage.v>106.1391</cim:SvVoltage.v>
	<cim:SvVoltage.angle>-13.5545</cim:SvVoltage.angle>
	<cim:SvVoltage.TopologicalNode rdf:resource="#_e49f5347d50a4636961751407babee28"/>
</cim:SvVoltage>
<cim:SvVoltage rdf:ID="_e3a30993748a480f89d5b88bc78e7899">
	<cim:SvVoltage.v>102.6307</cim:SvVoltage.v>
	<cim:SvVoltage.angle>-17.8560</cim:SvVoltage.angle>
	<cim:SvVoltage.TopologicalNode rdf:resource="#_0d1512795147490ea5222eb473fb233d"/>
</cim:SvVoltage>
<cim:SvVoltage rdf:ID="_76503e5ba40a4c91b5d565f5ac36765b">
	<cim:SvVoltage.v>35.0000</cim:SvVoltage.v>
	<cim:SvVoltage.angle>-12.2078</cim:SvVoltage.angle>
	<cim:SvVoltage.TopologicalNode rdf:resource="#_1416af979dc34c2da52f7a9e7ef13564"/>
</cim:SvVoltage>
<cim:SvVoltage rdf:ID="_a9c508278f9c4c2dbf7eb1cdbf0dcf20">
	<cim:SvVoltage.v>109.1088</cim:SvVoltage.v>
	<cim:SvVoltage.angle>-12.4854</cim:SvVoltage.angle>
	<cim:SvVoltage.TopologicalNode rdf:resource="#_b37724ecbaa641fb9d1878e3d5d0be1b"/>
</cim:SvVoltage>
<cim:SvVoltage rdf:ID="_eab809ffaf2a4e7e8c97a2ce7b670055">
	<cim:SvVoltage.v>101.4505</cim:SvVoltage.v>
	<cim:SvVoltage.angle>-18.7399</cim:SvVoltage.angle>
	<cim:SvVoltage.TopologicalNode rdf:resource="#_a6ff8e50418c4c56a0d81e496103971b"/>
</cim:SvVoltage>
<cim:SvVoltage rdf:ID="_91a5e79ab2d346ffa41eb3cb6c945142">
	<cim:SvVoltage.v> 9.9891</cim:SvVoltage.v>
	<cim:SvVoltage.angle>-13.9053</cim:SvVoltage.angle>
	<cim:SvVoltage.TopologicalNode rdf:resource="#_51c4654d295249ddb9cbd0b5814cc1fe"/>
</cim:SvVoltage>
<cim:SvVoltage rdf:ID="_f10ff59c505b4f1cb40969516103e2cc">
	<cim:SvVoltage.v> 9.4586</cim:SvVoltage.v>
	<cim:SvVoltage.angle>-14.8795</cim:SvVoltage.angle>
	<cim:SvVoltage.TopologicalNode rdf:resource="#_b71ce01c495a4f5da96e39622fc23551"/>
</cim:SvVoltage>
<cim:SvVoltage rdf:ID="_5b788f4fa744469fb36a6bc6c6484826">
	<cim:SvVoltage.v> 8.9308</cim:SvVoltage.v>
	<cim:SvVoltage.angle>-15.9660</cim:SvVoltage.angle>
	<cim:SvVoltage.TopologicalNode rdf:resource="#_a688792c32c2487492c2aaa9461a79f5"/>
</cim:SvVoltage>
<cim:SvVoltage rdf:ID="_87fd021ccccf42128b83b9ac568adbd0">
	<cim:SvVoltage.v>101.0597</cim:SvVoltage.v>
	<cim:SvVoltage.angle>-19.0391</cim:SvVoltage.angle>
	<cim:SvVoltage.TopologicalNode rdf:resource="#_36059eefdb6d490f9b6a44d83e036c87"/>
</cim:SvVoltage>
<cim:SvPowerFlow rdf:ID="_c1700544f36f40eab222d847ec2bd0b1">
	<cim:SvPowerFlow.p>300.0000</cim:SvPowerFlow.p>
	<cim:SvPowerFlow.q>100.0000</cim:SvPowerFlow.q>
	<cim:SvPowerFlow.Terminal rdf:resource="#_e8c22a0dc8414cbe9f5732726512ad52"/>
</cim:SvPowerFlow>
<cim:SvPowerFlow rdf:ID="_7aed6e1f2e7a4eeb91bfb6a397bf9d68">
	<cim:SvPowerFlow.p>240.0000</cim:SvPowerFlow.p>
	<cim:SvPowerFlow.q>80.0000</cim:SvPowerFlow.q>
	<cim:SvPowerFlow.Terminal rdf:resource="#_2ab913d48da04a33a11e058d8599d919"/>
</cim:SvPowerFlow>
<cim:SvPowerFlow rdf:ID="_050974ca92554f479b7eaf8424b6389d">
	<cim:SvPowerFlow.p>150.0000</cim:SvPowerFlow.p>
	<cim:SvPowerFlow.q>50.0000</cim:SvPowerFlow.q>
	<cim:SvPowerFlow.Terminal rdf:resource="#_2fec36eab5ac48e589c32da70b77aa73"/>
</cim:SvPowerFlow>
<cim:SvPowerFlow rdf:ID="_826f8d914da7411d93b9ffaeac17d3d2">
	<cim:SvPowerFlow.p>90.0000</cim:SvPowerFlow.p>
	<cim:SvPowerFlow.q>30.0000</cim:SvPowerFlow.q>
	<cim:SvPowerFlow.Terminal rdf:resource="#_c4bd4e92017541f481a36d486433ec24"/>
</cim:SvPowerFlow>
<cim:SvPowerFlow rdf:ID="_f201265dc4034db5822ae1497ba65b72">
	<cim:SvPowerFlow.p>60.0000</cim:SvPowerFlow.p>
	<cim:SvPowerFlow.q>20.0000</cim:SvPowerFlow.q>
	<cim:SvPowerFlow.Terminal rdf:resource="#_08d7ffd5b83946559a6447deabbff462"/>
</cim:SvPowerFlow>
<cim:SvPowerFlow rdf:ID="_d321224d2eee442797cc0d099f85c160">
	<cim:SvPowerFlow.p> 1.5000</cim:SvPowerFlow.p>
	<cim:SvPowerFlow.q> 0.5000</cim:SvPowerFlow.q>
	<cim:SvPowerFlow.Terminal rdf:resource="#_67a24791dd8548e18913f46ac7aed4b9"/>
</cim:SvPowerFlow>
<cim:SvPowerFlow rdf:ID="_c6c7735f79b549dbab62b0626673e21b">
	<cim:SvPowerFlow.p>30.0000</cim:SvPowerFlow.p>
	<cim:SvPowerFlow.q>10.0000</cim:SvPowerFlow.q>
	<cim:SvPowerFlow.Terminal rdf:resource="#_2257bc65b0c1443dbfa6501506264d0b"/>
</cim:SvPowerFlow>
<cim:SvPowerFlow rdf:ID="_3f9aa9259fd945ccbc5d092e91754291">
	<cim:SvPowerFlow.p>170.0000</cim:SvPowerFlow.p>
	<cim:SvPowerFlow.q>76.0000</cim:SvPowerFlow.q>
	<cim:SvPowerFlow.Terminal rdf:resource="#_2caff91205174b1abe50c9431f3d5cca"/>
</cim:SvPowerFlow>
<cim:SvPowerFlow rdf:ID="_1d82b5f8dc8c493aa32f0b0d122e13bd">
	<cim:SvPowerFlow.p>170.0000</cim:SvPowerFlow.p>
	<cim:SvPowerFlow.q>75.9998</cim:SvPowerFlow.q>
	<cim:SvPowerFlow.Terminal rdf:resource="#_886ea83af0b646f98f743f1177f87e4c"/>
</cim:SvPowerFlow>
<cim:SvPowerFlow rdf:ID="_c41737ee53fa4fc29a12ab799fb38666">
	<cim:SvPowerFlow.p>100.0000</cim:SvPowerFlow.p>
	<cim:SvPowerFlow.q>34.3594</cim:SvPowerFlow.q>
	<cim:SvPowerFlow.Terminal rdf:resource="#_0310e014b06746ebaba7882ccd2e6f08"/>
</cim:SvPowerFlow>
<cim:SvPowerFlow rdf:ID="_498545599e8242b09dd08fe153845aac">
	<cim:SvPowerFlow.p>-0.5000</cim:SvPowerFlow.p>
	<cim:SvPowerFlow.q>-0.3301</cim:SvPowerFlow.q>
	<cim:SvPowerFlow.Terminal rdf:resource="#_c4ce5d9f1ec84f928b26843b65186638"/>
</cim:SvPowerFlow>
<cim:SvPowerFlow rdf:ID="_174c255da5c14fecbd7bf805bb4e9de9">
	<cim:SvPowerFlow.p> 6.0000</cim:SvPowerFlow.p>
	<cim:SvPowerFlow.q>-5.6428</cim:SvPowerFlow.q>
	<cim:SvPowerFlow.Terminal rdf:resource="#_250d6eb8d5274e0a99030982866ec7fb"/>
</cim:SvPowerFlow>
<cim:SvPowerFlow rdf:ID="_908c0809df12448a88fc7a236a3c08d7">
	<cim:SvPowerFlow.p>443.2939</cim:SvPowerFlow.p>
	<cim:SvPowerFlow.q>47.8725</cim:SvPowerFlow.q>
	<cim:SvPowerFlow.Terminal rdf:resource="#_6c0a5975f2074e1d91833edc864bd250"/>
</cim:SvPowerFlow>
</rdf:RDF>