<?xml version="1.0" encoding="UTF-8"?>
<rdf:RDF xmlns:rdf="http://www.w3.org/1999/02/22-rdf-syntax-ns#" xmlns:cim="http://iec.ch/TC57/2009/CIM-schema-cim14#">
<md:FullModel xmlns:md="http://www.casepowersoftware.com/2020/ThreeWndg_SLD/1">
	<md:Model.created>2025-11-18-8</md:Model.created>
	<md:Model.Version>
		<md:Description>
			<md:Description.name>ThreeWndg_SLD</md:Description.name>
			<md:Description.version>1</md:Description.version>
		</md:Description>
	</md:Model.Version>
	<md:Model.ModelingAuthoritySet>
		<md:Description>
		</md:Description>
	</md:Model.ModelingAuthoritySet>
	<md:Model.Profile>
		<md:Description>
			<md:Description.version>1</md:Description.version>
		</md:Description>
	</md:Model.Profile>
	<md:Model.Creator>
		<md:Description>
			<md:Description.name>CASE 1.0</md:Description.name>
		</md:Description>
	</md:Model.Creator>
</md:FullModel>
<cim:SLD_Properties rdf:ID="_871ed606bdd9499c89eec8f66702fae3">
	<cim:SLD_Properties.NodeDisplayOption>1</cim:SLD_Properties.NodeDisplayOption>
	<cim:SLD_Properties.ShowElementsLoad>1</cim:SLD_Properties.ShowElementsLoad>
</cim:SLD_Properties>
<cim:Scrollbar rdf:ID="_fd8fad5066ba4491883fe89b4e9f4d92">
	<cim:Scrollbar.VerticalPosition>476</cim:Scrollbar.VerticalPosition>
	<cim:Scrollbar.HorizontalPosition>612</cim:Scrollbar.HorizontalPosition>
	<cim:Scrollbar.HorizontalMaxPosition>2500</cim:Scrollbar.HorizontalMaxPosition>
	<cim:Scrollbar.VerticalMaxPosition>10500</cim:Scrollbar.VerticalMaxPosition>
</cim:Scrollbar>
<cim:General rdf:ID="_2f0a45d9ab5e442ab623f75e9f1a95cc">
	<cim:General.nmb_of_drawn_nodes>9</cim:General.nmb_of_drawn_nodes>
	<cim:General.nmb_of_drawn_lines>6</cim:General.nmb_of_drawn_lines>
	<cim:General.nmb_of_drawn_transformers>3</cim:General.nmb_of_drawn_transformers>
	<cim:General.nmb_of_drawn_generators>3</cim:General.nmb_of_drawn_generators>
	<cim:General.nmb_of_drawn_loads>2</cim:General.nmb_of_drawn_loads>
	<cim:General.nmb_of_drawn_shunts>0</cim:General.nmb_of_drawn_shunts>
</cim:General>
<cim:SLD_Node rdf:ID="_ceebc604171446338c3d6ddea53276c1">
	<cim:SLD_Node.code>Node 1</cim:SLD_Node.code>
	<cim:SLD_Node.x_coordinate>391</cim:SLD_Node.x_coordinate>
	<cim:SLD_Node.y_coordinate>224</cim:SLD_Node.y_coordinate>
	<cim:SLD_Node.length>400</cim:SLD_Node.length>
	<cim:SLD_Node.width>6</cim:SLD_Node.width>
	<cim:SLD_Node.color>255</cim:SLD_Node.color>
	<cim:SLD_Node.number_of_element>0</cim:SLD_Node.number_of_element>
	<cim:SLD_Node.horizontal_or_vertical>0</cim:SLD_Node.horizontal_or_vertical>
	<cim:SLD_Node.ConnectionPoint>0</cim:SLD_Node.ConnectionPoint>
	<cim:SLD_Node.H_Offset>0</cim:SLD_Node.H_Offset>
	<cim:SLD_Node.V_Offset>0</cim:SLD_Node.V_Offset>
</cim:SLD_Node>
<cim:SLD_Node rdf:ID="_0eada25542424e92a2328de8326d4e4f">
	<cim:SLD_Node.code>SystemSw</cim:SLD_Node.code>
	<cim:SLD_Node.x_coordinate>16</cim:SLD_Node.x_coordinate>
	<cim:SLD_Node.y_coordinate>107</cim:SLD_Node.y_coordinate>
	<cim:SLD_Node.length>200</cim:SLD_Node.length>
	<cim:SLD_Node.width>6</cim:SLD_Node.width>
	<cim:SLD_Node.color>255</cim:SLD_Node.color>
	<cim:SLD_Node.number_of_element>1</cim:SLD_Node.number_of_element>
	<cim:SLD_Node.horizontal_or_vertical>0</cim:SLD_Node.horizontal_or_vertical>
	<cim:SLD_Node.ConnectionPoint>0</cim:SLD_Node.ConnectionPoint>
	<cim:SLD_Node.H_Offset>0</cim:SLD_Node.H_Offset>
	<cim:SLD_Node.V_Offset>0</cim:SLD_Node.V_Offset>
</cim:SLD_Node>
<cim:SLD_Node rdf:ID="_a6b16ae77dbd493c95460182373c5b9b">
	<cim:SLD_Node.code>Node_G1</cim:SLD_Node.code>
	<cim:SLD_Node.x_coordinate>479</cim:SLD_Node.x_coordinate>
	<cim:SLD_Node.y_coordinate>457</cim:SLD_Node.y_coordinate>
	<cim:SLD_Node.length>100</cim:SLD_Node.length>
	<cim:SLD_Node.width>6</cim:SLD_Node.width>
	<cim:SLD_Node.color>16711680</cim:SLD_Node.color>
	<cim:SLD_Node.number_of_element>2</cim:SLD_Node.number_of_element>
	<cim:SLD_Node.horizontal_or_vertical>0</cim:SLD_Node.horizontal_or_vertical>
	<cim:SLD_Node.ConnectionPoint>0</cim:SLD_Node.ConnectionPoint>
	<cim:SLD_Node.H_Offset>0</cim:SLD_Node.H_Offset>
	<cim:SLD_Node.V_Offset>0</cim:SLD_Node.V_Offset>
</cim:SLD_Node>
<cim:SLD_Node rdf:ID="_fb0b602cc9a34928b1c91c6df7c2f16b">
	<cim:SLD_Node.code>Node_G2</cim:SLD_Node.code>
	<cim:SLD_Node.x_coordinate>694</cim:SLD_Node.x_coordinate>
	<cim:SLD_Node.y_coordinate>459</cim:SLD_Node.y_coordinate>
	<cim:SLD_Node.length>100</cim:SLD_Node.length>
	<cim:SLD_Node.width>6</cim:SLD_Node.width>
	<cim:SLD_Node.color>16711680</cim:SLD_Node.color>
	<cim:SLD_Node.number_of_element>3</cim:SLD_Node.number_of_element>
	<cim:SLD_Node.horizontal_or_vertical>0</cim:SLD_Node.horizontal_or_vertical>
	<cim:SLD_Node.ConnectionPoint>0</cim:SLD_Node.ConnectionPoint>
	<cim:SLD_Node.H_Offset>0</cim:SLD_Node.H_Offset>
	<cim:SLD_Node.V_Offset>0</cim:SLD_Node.V_Offset>
</cim:SLD_Node>
<cim:SLD_Node rdf:ID="_4330879f9dee4d98a13e433e6cb506f2">
	<cim:SLD_Node.code>Node 2</cim:SLD_Node.code>
	<cim:SLD_Node.x_coordinate>1153</cim:SLD_Node.x_coordinate>
	<cim:SLD_Node.y_coordinate>230</cim:SLD_Node.y_coordinate>
	<cim:SLD_Node.length>350</cim:SLD_Node.length>
	<cim:SLD_Node.width>6</cim:SLD_Node.width>
	<cim:SLD_Node.color>255</cim:SLD_Node.color>
	<cim:SLD_Node.number_of_element>4</cim:SLD_Node.number_of_element>
	<cim:SLD_Node.horizontal_or_vertical>0</cim:SLD_Node.horizontal_or_vertical>
	<cim:SLD_Node.ConnectionPoint>0</cim:SLD_Node.ConnectionPoint>
	<cim:SLD_Node.H_Offset>0</cim:SLD_Node.H_Offset>
	<cim:SLD_Node.V_Offset>0</cim:SLD_Node.V_Offset>
</cim:SLD_Node>
<cim:SLD_Node rdf:ID="_50f40148ae074c55952040ce060cce8b">
	<cim:SLD_Node.code>Node 3</cim:SLD_Node.code>
	<cim:SLD_Node.x_coordinate>1172</cim:SLD_Node.x_coordinate>
	<cim:SLD_Node.y_coordinate>489</cim:SLD_Node.y_coordinate>
	<cim:SLD_Node.length>200</cim:SLD_Node.length>
	<cim:SLD_Node.width>6</cim:SLD_Node.width>
	<cim:SLD_Node.color>255</cim:SLD_Node.color>
	<cim:SLD_Node.number_of_element>5</cim:SLD_Node.number_of_element>
	<cim:SLD_Node.horizontal_or_vertical>0</cim:SLD_Node.horizontal_or_vertical>
	<cim:SLD_Node.ConnectionPoint>0</cim:SLD_Node.ConnectionPoint>
	<cim:SLD_Node.H_Offset>0</cim:SLD_Node.H_Offset>
	<cim:SLD_Node.V_Offset>0</cim:SLD_Node.V_Offset>
</cim:SLD_Node>
<cim:SLD_Node rdf:ID="_038d2b9c17834633afcf514755999800">
	<cim:SLD_Node.code>Node3_11</cim:SLD_Node.code>
	<cim:SLD_Node.x_coordinate>1171</cim:SLD_Node.x_coordinate>
	<cim:SLD_Node.y_coordinate>687</cim:SLD_Node.y_coordinate>
	<cim:SLD_Node.length>300</cim:SLD_Node.length>
	<cim:SLD_Node.width>4</cim:SLD_Node.width>
	<cim:SLD_Node.color>0</cim:SLD_Node.color>
	<cim:SLD_Node.number_of_element>6</cim:SLD_Node.number_of_element>
	<cim:SLD_Node.horizontal_or_vertical>0</cim:SLD_Node.horizontal_or_vertical>
	<cim:SLD_Node.ConnectionPoint>0</cim:SLD_Node.ConnectionPoint>
	<cim:SLD_Node.H_Offset>0</cim:SLD_Node.H_Offset>
	<cim:SLD_Node.V_Offset>0</cim:SLD_Node.V_Offset>
</cim:SLD_Node>
<cim:SLD_Node rdf:ID="_60dfae3f7e914cc5bbd25332961a500e">
	<cim:SLD_Node.code>Node 5</cim:SLD_Node.code>
	<cim:SLD_Node.x_coordinate>1601</cim:SLD_Node.x_coordinate>
	<cim:SLD_Node.y_coordinate>459</cim:SLD_Node.y_coordinate>
	<cim:SLD_Node.length>200</cim:SLD_Node.length>
	<cim:SLD_Node.width>4</cim:SLD_Node.width>
	<cim:SLD_Node.color>0</cim:SLD_Node.color>
	<cim:SLD_Node.number_of_element>7</cim:SLD_Node.number_of_element>
	<cim:SLD_Node.horizontal_or_vertical>0</cim:SLD_Node.horizontal_or_vertical>
	<cim:SLD_Node.ConnectionPoint>0</cim:SLD_Node.ConnectionPoint>
	<cim:SLD_Node.H_Offset>0</cim:SLD_Node.H_Offset>
	<cim:SLD_Node.V_Offset>0</cim:SLD_Node.V_Offset>
</cim:SLD_Node>
<cim:SLD_Node rdf:ID="_2b0cf79f342541408e5714dae1910de5">
	<cim:SLD_Node.code>G3</cim:SLD_Node.code>
	<cim:SLD_Node.x_coordinate>1640</cim:SLD_Node.x_coordinate>
	<cim:SLD_Node.y_coordinate>623</cim:SLD_Node.y_coordinate>
	<cim:SLD_Node.length>100</cim:SLD_Node.length>
	<cim:SLD_Node.width>4</cim:SLD_Node.width>
	<cim:SLD_Node.color>8421504</cim:SLD_Node.color>
	<cim:SLD_Node.number_of_element>8</cim:SLD_Node.number_of_element>
	<cim:SLD_Node.horizontal_or_vertical>0</cim:SLD_Node.horizontal_or_vertical>
	<cim:SLD_Node.ConnectionPoint>0</cim:SLD_Node.ConnectionPoint>
	<cim:SLD_Node.H_Offset>0</cim:SLD_Node.H_Offset>
	<cim:SLD_Node.V_Offset>0</cim:SLD_Node.V_Offset>
</cim:SLD_Node>
<cim:SLD_Line rdf:ID="_06637277d3fb4ed49c44c0bc03595175">
	<cim:SLD_Line.nmb_of_knees>4</cim:SLD_Line.nmb_of_knees>
	<cim:SLD_Line.knee_coordinate.x>560</cim:SLD_Line.knee_coordinate.x>
	<cim:SLD_Line.knee_coordinate.y>343</cim:SLD_Line.knee_coordinate.y>
	<cim:SLD_Line.knee_coordinate.x>721</cim:SLD_Line.knee_coordinate.x>
	<cim:SLD_Line.knee_coordinate.y>343</cim:SLD_Line.knee_coordinate.y>
	<cim:SLD_Line.knee_coordinate.x>721</cim:SLD_Line.knee_coordinate.x>
	<cim:SLD_Line.knee_coordinate.y>422</cim:SLD_Line.knee_coordinate.y>
	<cim:SLD_Line.knee_coordinate.x>721</cim:SLD_Line.knee_coordinate.x>
	<cim:SLD_Line.knee_coordinate.y>462</cim:SLD_Line.knee_coordinate.y>
	<cim:SLD_Line.type>0</cim:SLD_Line.type>
	<cim:SLD_Line.color>16711680</cim:SLD_Line.color>
	<cim:SLD_Line.width>6</cim:SLD_Line.width>
	<cim:SLD_Line.tertiary_wndg_connection>1</cim:SLD_Line.tertiary_wndg_connection>
	<cim:SLD_Line.tran_nmb>0</cim:SLD_Line.tran_nmb>
	<cim:SLD_Line.First_CB>1</cim:SLD_Line.First_CB>
	<cim:SLD_Line.Second_CB>1</cim:SLD_Line.Second_CB>
	<cim:SLD_Line.H1_Offset>0</cim:SLD_Line.H1_Offset>
	<cim:SLD_Line.V1_Offset>0</cim:SLD_Line.V1_Offset>
	<cim:SLD_Line.H2_Offset>0</cim:SLD_Line.H2_Offset>
	<cim:SLD_Line.V2_Offset>0</cim:SLD_Line.V2_Offset>
	<cim:SLD_Line.NodeCode2>Node_G2</cim:SLD_Line.NodeCode2>
	<cim:SLD_Line.Node2 rdf:resource="#_fb0b602cc9a34928b1c91c6df7c2f16b"/>
</cim:SLD_Line>
<cim:SLD_Line rdf:ID="_fb58ea766245479ebf841e2ce5c1af35">
	<cim:SLD_Line.nmb_of_knees>6</cim:SLD_Line.nmb_of_knees>
	<cim:SLD_Line.knee_coordinate.x>127</cim:SLD_Line.knee_coordinate.x>
	<cim:SLD_Line.knee_coordinate.y>110</cim:SLD_Line.knee_coordinate.y>
	<cim:SLD_Line.knee_coordinate.x>127</cim:SLD_Line.knee_coordinate.x>
	<cim:SLD_Line.knee_coordinate.y>70</cim:SLD_Line.knee_coordinate.y>
	<cim:SLD_Line.knee_coordinate.x>127</cim:SLD_Line.knee_coordinate.x>
	<cim:SLD_Line.knee_coordinate.y>25</cim:SLD_Line.knee_coordinate.y>
	<cim:SLD_Line.knee_coordinate.x>434</cim:SLD_Line.knee_coordinate.x>
	<cim:SLD_Line.knee_coordinate.y>25</cim:SLD_Line.knee_coordinate.y>
	<cim:SLD_Line.knee_coordinate.x>432</cim:SLD_Line.knee_coordinate.x>
	<cim:SLD_Line.knee_coordinate.y>187</cim:SLD_Line.knee_coordinate.y>
	<cim:SLD_Line.knee_coordinate.x>432</cim:SLD_Line.knee_coordinate.x>
	<cim:SLD_Line.knee_coordinate.y>227</cim:SLD_Line.knee_coordinate.y>
	<cim:SLD_Line.type>0</cim:SLD_Line.type>
	<cim:SLD_Line.color>255</cim:SLD_Line.color>
	<cim:SLD_Line.width>6</cim:SLD_Line.width>
	<cim:SLD_Line.tertiary_wndg_connection>0</cim:SLD_Line.tertiary_wndg_connection>
	<cim:SLD_Line.tran_nmb>-1</cim:SLD_Line.tran_nmb>
	<cim:SLD_Line.First_CB>1</cim:SLD_Line.First_CB>
	<cim:SLD_Line.Second_CB>1</cim:SLD_Line.Second_CB>
	<cim:SLD_Line.H1_Offset>0</cim:SLD_Line.H1_Offset>
	<cim:SLD_Line.V1_Offset>0</cim:SLD_Line.V1_Offset>
	<cim:SLD_Line.H2_Offset>0</cim:SLD_Line.H2_Offset>
	<cim:SLD_Line.V2_Offset>0</cim:SLD_Line.V2_Offset>
	<cim:SLD_Line.NodeCode1>SystemSw</cim:SLD_Line.NodeCode1>
	<cim:SLD_Line.NodeCode2>Node 1</cim:SLD_Line.NodeCode2>
	<cim:SLD_Line.ParIndex>1</cim:SLD_Line.ParIndex>
	<cim:SLD_Line.number>0</cim:SLD_Line.number>
	<cim:SLD_Line.Node1 rdf:resource="#_0eada25542424e92a2328de8326d4e4f"/>
	<cim:SLD_Line.Node2 rdf:resource="#_ceebc604171446338c3d6ddea53276c1"/>
</cim:SLD_Line>
<cim:SLD_Line rdf:ID="_4427bcd76c5f43749ccf1d621815795d">
	<cim:SLD_Line.nmb_of_knees>6</cim:SLD_Line.nmb_of_knees>
	<cim:SLD_Line.knee_coordinate.x>561</cim:SLD_Line.knee_coordinate.x>
	<cim:SLD_Line.knee_coordinate.y>227</cim:SLD_Line.knee_coordinate.y>
	<cim:SLD_Line.knee_coordinate.x>561</cim:SLD_Line.knee_coordinate.x>
	<cim:SLD_Line.knee_coordinate.y>187</cim:SLD_Line.knee_coordinate.y>
	<cim:SLD_Line.knee_coordinate.x>561</cim:SLD_Line.knee_coordinate.x>
	<cim:SLD_Line.knee_coordinate.y>38</cim:SLD_Line.knee_coordinate.y>
	<cim:SLD_Line.knee_coordinate.x>1380</cim:SLD_Line.knee_coordinate.x>
	<cim:SLD_Line.knee_coordinate.y>41</cim:SLD_Line.knee_coordinate.y>
	<cim:SLD_Line.knee_coordinate.x>1384</cim:SLD_Line.knee_coordinate.x>
	<cim:SLD_Line.knee_coordinate.y>193</cim:SLD_Line.knee_coordinate.y>
	<cim:SLD_Line.knee_coordinate.x>1384</cim:SLD_Line.knee_coordinate.x>
	<cim:SLD_Line.knee_coordinate.y>233</cim:SLD_Line.knee_coordinate.y>
	<cim:SLD_Line.type>0</cim:SLD_Line.type>
	<cim:SLD_Line.color>255</cim:SLD_Line.color>
	<cim:SLD_Line.width>6</cim:SLD_Line.width>
	<cim:SLD_Line.tertiary_wndg_connection>0</cim:SLD_Line.tertiary_wndg_connection>
	<cim:SLD_Line.tran_nmb>-1</cim:SLD_Line.tran_nmb>
	<cim:SLD_Line.First_CB>1</cim:SLD_Line.First_CB>
	<cim:SLD_Line.Second_CB>1</cim:SLD_Line.Second_CB>
	<cim:SLD_Line.H1_Offset>0</cim:SLD_Line.H1_Offset>
	<cim:SLD_Line.V1_Offset>0</cim:SLD_Line.V1_Offset>
	<cim:SLD_Line.H2_Offset>0</cim:SLD_Line.H2_Offset>
	<cim:SLD_Line.V2_Offset>0</cim:SLD_Line.V2_Offset>
	<cim:SLD_Line.NodeCode1>Node 1</cim:SLD_Line.NodeCode1>
	<cim:SLD_Line.NodeCode2>Node 2</cim:SLD_Line.NodeCode2>
	<cim:SLD_Line.ParIndex>1</cim:SLD_Line.ParIndex>
	<cim:SLD_Line.number>1</cim:SLD_Line.number>
	<cim:SLD_Line.Node1 rdf:resource="#_ceebc604171446338c3d6ddea53276c1"/>
	<cim:SLD_Line.Node2 rdf:resource="#_4330879f9dee4d98a13e433e6cb506f2"/>
</cim:SLD_Line>
<cim:SLD_Line rdf:ID="_7036a48b75544e748513b9d2346fad2a">
	<cim:SLD_Line.nmb_of_knees>6</cim:SLD_Line.nmb_of_knees>
	<cim:SLD_Line.knee_coordinate.x>683</cim:SLD_Line.knee_coordinate.x>
	<cim:SLD_Line.knee_coordinate.y>227</cim:SLD_Line.knee_coordinate.y>
	<cim:SLD_Line.knee_coordinate.x>683</cim:SLD_Line.knee_coordinate.x>
	<cim:SLD_Line.knee_coordinate.y>187</cim:SLD_Line.knee_coordinate.y>
	<cim:SLD_Line.knee_coordinate.x>681</cim:SLD_Line.knee_coordinate.x>
	<cim:SLD_Line.knee_coordinate.y>80</cim:SLD_Line.knee_coordinate.y>
	<cim:SLD_Line.knee_coordinate.x>1216</cim:SLD_Line.knee_coordinate.x>
	<cim:SLD_Line.knee_coordinate.y>81</cim:SLD_Line.knee_coordinate.y>
	<cim:SLD_Line.knee_coordinate.x>1218</cim:SLD_Line.knee_coordinate.x>
	<cim:SLD_Line.knee_coordinate.y>193</cim:SLD_Line.knee_coordinate.y>
	<cim:SLD_Line.knee_coordinate.x>1218</cim:SLD_Line.knee_coordinate.x>
	<cim:SLD_Line.knee_coordinate.y>233</cim:SLD_Line.knee_coordinate.y>
	<cim:SLD_Line.type>0</cim:SLD_Line.type>
	<cim:SLD_Line.color>255</cim:SLD_Line.color>
	<cim:SLD_Line.width>6</cim:SLD_Line.width>
	<cim:SLD_Line.tertiary_wndg_connection>0</cim:SLD_Line.tertiary_wndg_connection>
	<cim:SLD_Line.tran_nmb>-1</cim:SLD_Line.tran_nmb>
	<cim:SLD_Line.First_CB>1</cim:SLD_Line.First_CB>
	<cim:SLD_Line.Second_CB>1</cim:SLD_Line.Second_CB>
	<cim:SLD_Line.H1_Offset>0</cim:SLD_Line.H1_Offset>
	<cim:SLD_Line.V1_Offset>0</cim:SLD_Line.V1_Offset>
	<cim:SLD_Line.H2_Offset>0</cim:SLD_Line.H2_Offset>
	<cim:SLD_Line.V2_Offset>0</cim:SLD_Line.V2_Offset>
	<cim:SLD_Line.NodeCode1>Node 1</cim:SLD_Line.NodeCode1>
	<cim:SLD_Line.NodeCode2>Node 2</cim:SLD_Line.NodeCode2>
	<cim:SLD_Line.ParIndex>2</cim:SLD_Line.ParIndex>
	<cim:SLD_Line.number>2</cim:SLD_Line.number>
	<cim:SLD_Line.Node1 rdf:resource="#_ceebc604171446338c3d6ddea53276c1"/>
	<cim:SLD_Line.Node2 rdf:resource="#_4330879f9dee4d98a13e433e6cb506f2"/>
</cim:SLD_Line>
<cim:SLD_Line rdf:ID="_f64f3cbcfc164763b7e8d31cf67c35b2">
	<cim:SLD_Line.nmb_of_knees>4</cim:SLD_Line.nmb_of_knees>
	<cim:SLD_Line.knee_coordinate.x>1188</cim:SLD_Line.knee_coordinate.x>
	<cim:SLD_Line.knee_coordinate.y>233</cim:SLD_Line.knee_coordinate.y>
	<cim:SLD_Line.knee_coordinate.x>1188</cim:SLD_Line.knee_coordinate.x>
	<cim:SLD_Line.knee_coordinate.y>273</cim:SLD_Line.knee_coordinate.y>
	<cim:SLD_Line.knee_coordinate.x>1194</cim:SLD_Line.knee_coordinate.x>
	<cim:SLD_Line.knee_coordinate.y>452</cim:SLD_Line.knee_coordinate.y>
	<cim:SLD_Line.knee_coordinate.x>1194</cim:SLD_Line.knee_coordinate.x>
	<cim:SLD_Line.knee_coordinate.y>492</cim:SLD_Line.knee_coordinate.y>
	<cim:SLD_Line.type>0</cim:SLD_Line.type>
	<cim:SLD_Line.color>255</cim:SLD_Line.color>
	<cim:SLD_Line.width>6</cim:SLD_Line.width>
	<cim:SLD_Line.tertiary_wndg_connection>0</cim:SLD_Line.tertiary_wndg_connection>
	<cim:SLD_Line.tran_nmb>-1</cim:SLD_Line.tran_nmb>
	<cim:SLD_Line.First_CB>1</cim:SLD_Line.First_CB>
	<cim:SLD_Line.Second_CB>1</cim:SLD_Line.Second_CB>
	<cim:SLD_Line.H1_Offset>0</cim:SLD_Line.H1_Offset>
	<cim:SLD_Line.V1_Offset>0</cim:SLD_Line.V1_Offset>
	<cim:SLD_Line.H2_Offset>0</cim:SLD_Line.H2_Offset>
	<cim:SLD_Line.V2_Offset>0</cim:SLD_Line.V2_Offset>
	<cim:SLD_Line.NodeCode1>Node 2</cim:SLD_Line.NodeCode1>
	<cim:SLD_Line.NodeCode2>Node 3</cim:SLD_Line.NodeCode2>
	<cim:SLD_Line.ParIndex>1</cim:SLD_Line.ParIndex>
	<cim:SLD_Line.number>3</cim:SLD_Line.number>
	<cim:SLD_Line.Node1 rdf:resource="#_4330879f9dee4d98a13e433e6cb506f2"/>
	<cim:SLD_Line.Node2 rdf:resource="#_50f40148ae074c55952040ce060cce8b"/>
</cim:SLD_Line>
<cim:SLD_Line rdf:ID="_14ce00cc01914d7db7c310074f15ba06">
	<cim:SLD_Line.nmb_of_knees>8</cim:SLD_Line.nmb_of_knees>
	<cim:SLD_Line.knee_coordinate.x>1342</cim:SLD_Line.knee_coordinate.x>
	<cim:SLD_Line.knee_coordinate.y>689</cim:SLD_Line.knee_coordinate.y>
	<cim:SLD_Line.knee_coordinate.x>1342</cim:SLD_Line.knee_coordinate.x>
	<cim:SLD_Line.knee_coordinate.y>649</cim:SLD_Line.knee_coordinate.y>
	<cim:SLD_Line.knee_coordinate.x>1340</cim:SLD_Line.knee_coordinate.x>
	<cim:SLD_Line.knee_coordinate.y>628</cim:SLD_Line.knee_coordinate.y>
	<cim:SLD_Line.knee_coordinate.x>1553</cim:SLD_Line.knee_coordinate.x>
	<cim:SLD_Line.knee_coordinate.y>566</cim:SLD_Line.knee_coordinate.y>
	<cim:SLD_Line.knee_coordinate.x>1556</cim:SLD_Line.knee_coordinate.x>
	<cim:SLD_Line.knee_coordinate.y>392</cim:SLD_Line.knee_coordinate.y>
	<cim:SLD_Line.knee_coordinate.x>1685</cim:SLD_Line.knee_coordinate.x>
	<cim:SLD_Line.knee_coordinate.y>390</cim:SLD_Line.knee_coordinate.y>
	<cim:SLD_Line.knee_coordinate.x>1685</cim:SLD_Line.knee_coordinate.x>
	<cim:SLD_Line.knee_coordinate.y>421</cim:SLD_Line.knee_coordinate.y>
	<cim:SLD_Line.knee_coordinate.x>1685</cim:SLD_Line.knee_coordinate.x>
	<cim:SLD_Line.knee_coordinate.y>461</cim:SLD_Line.knee_coordinate.y>
	<cim:SLD_Line.type>0</cim:SLD_Line.type>
	<cim:SLD_Line.color>0</cim:SLD_Line.color>
	<cim:SLD_Line.width>4</cim:SLD_Line.width>
	<cim:SLD_Line.tertiary_wndg_connection>0</cim:SLD_Line.tertiary_wndg_connection>
	<cim:SLD_Line.tran_nmb>-1</cim:SLD_Line.tran_nmb>
	<cim:SLD_Line.First_CB>1</cim:SLD_Line.First_CB>
	<cim:SLD_Line.Second_CB>1</cim:SLD_Line.Second_CB>
	<cim:SLD_Line.H1_Offset>0</cim:SLD_Line.H1_Offset>
	<cim:SLD_Line.V1_Offset>0</cim:SLD_Line.V1_Offset>
	<cim:SLD_Line.H2_Offset>0</cim:SLD_Line.H2_Offset>
	<cim:SLD_Line.V2_Offset>0</cim:SLD_Line.V2_Offset>
	<cim:SLD_Line.NodeCode1>Node3_11</cim:SLD_Line.NodeCode1>
	<cim:SLD_Line.NodeCode2>Node 5</cim:SLD_Line.NodeCode2>
	<cim:SLD_Line.ParIndex>1</cim:SLD_Line.ParIndex>
	<cim:SLD_Line.number>4</cim:SLD_Line.number>
	<cim:SLD_Line.Node1 rdf:resource="#_038d2b9c17834633afcf514755999800"/>
	<cim:SLD_Line.Node2 rdf:resource="#_60dfae3f7e914cc5bbd25332961a500e"/>
</cim:SLD_Line>
<cim:SLD_Tran rdf:ID="_9f0d9c19c21c4509a5d0c3f24224d876">
	<cim:SLD_Tran.knee_coordinate.x>508</cim:SLD_Tran.knee_coordinate.x>
	<cim:SLD_Tran.knee_coordinate.y>227</cim:SLD_Tran.knee_coordinate.y>
	<cim:SLD_Tran.knee_coordinate.x>508</cim:SLD_Tran.knee_coordinate.x>
	<cim:SLD_Tran.knee_coordinate.y>257</cim:SLD_Tran.knee_coordinate.y>
	<cim:SLD_Tran.knee_coordinate.x>508</cim:SLD_Tran.knee_coordinate.x>
	<cim:SLD_Tran.knee_coordinate.y>430</cim:SLD_Tran.knee_coordinate.y>
	<cim:SLD_Tran.knee_coordinate.x>508</cim:SLD_Tran.knee_coordinate.x>
	<cim:SLD_Tran.knee_coordinate.y>460</cim:SLD_Tran.knee_coordinate.y>
	<cim:SLD_Tran_three_wndg_tran>1</cim:SLD_Tran_three_wndg_tran>
	<cim:SLD_Tran_primary_wndg.color>255</cim:SLD_Tran_primary_wndg.color>
	<cim:SLD_Tran_primary_wndg.width>6</cim:SLD_Tran_primary_wndg.width>
	<cim:SLD_Tran_secondary_wndg.color>16711680</cim:SLD_Tran_secondary_wndg.color>
	<cim:SLD_Tran_secondary_wndg.width>6</cim:SLD_Tran_secondary_wndg.width>
	<cim:SLD_Tran_tertiary_wndg.color>16711680</cim:SLD_Tran_tertiary_wndg.color>
	<cim:SLD_Tran_tertiary_wndg.width>6</cim:SLD_Tran_tertiary_wndg.width>
	<cim:SLD_Tran.First_CB>1</cim:SLD_Tran.First_CB>
	<cim:SLD_Tran.Second_CB>1</cim:SLD_Tran.Second_CB>
	<cim:SLD_Tran.NodeCode1>Node 1</cim:SLD_Tran.NodeCode1>
	<cim:SLD_Tran.NodeCode2>Node_G1</cim:SLD_Tran.NodeCode2>
	<cim:SLD_Tran.NodeCode3>Node_G2</cim:SLD_Tran.NodeCode3>
	<cim:SLD_Tran.ParIndex>1</cim:SLD_Tran.ParIndex>
	<cim:SLD_Tran.Number>0</cim:SLD_Tran.Number>
	<cim:SLD_Tran.CircleDiameter>40</cim:SLD_Tran.CircleDiameter>
	<cim:SLD_Tran.H1_Offset>0</cim:SLD_Tran.H1_Offset>
	<cim:SLD_Tran.V1_Offset>0</cim:SLD_Tran.V1_Offset>
	<cim:SLD_Tran.H2_Offset>0</cim:SLD_Tran.H2_Offset>
	<cim:SLD_Tran.V2_Offset>0</cim:SLD_Tran.V2_Offset>
	<cim:SLD_Tran.H3_Offset>0</cim:SLD_Tran.H3_Offset>
	<cim:SLD_Tran.V3_Offset>0</cim:SLD_Tran.V3_Offset>
</cim:SLD_Tran>
<cim:SLD_Tran rdf:ID="_e6013e315b784ceab0b83da9c2627432">
	<cim:SLD_Tran.knee_coordinate.x>1254</cim:SLD_Tran.knee_coordinate.x>
	<cim:SLD_Tran.knee_coordinate.y>492</cim:SLD_Tran.knee_coordinate.y>
	<cim:SLD_Tran.knee_coordinate.x>1254</cim:SLD_Tran.knee_coordinate.x>
	<cim:SLD_Tran.knee_coordinate.y>522</cim:SLD_Tran.knee_coordinate.y>
	<cim:SLD_Tran.knee_coordinate.x>1254</cim:SLD_Tran.knee_coordinate.x>
	<cim:SLD_Tran.knee_coordinate.y>659</cim:SLD_Tran.knee_coordinate.y>
	<cim:SLD_Tran.knee_coordinate.x>1254</cim:SLD_Tran.knee_coordinate.x>
	<cim:SLD_Tran.knee_coordinate.y>689</cim:SLD_Tran.knee_coordinate.y>
	<cim:SLD_Tran_three_wndg_tran>0</cim:SLD_Tran_three_wndg_tran>
	<cim:SLD_Tran_primary_wndg.color>255</cim:SLD_Tran_primary_wndg.color>
	<cim:SLD_Tran_primary_wndg.width>6</cim:SLD_Tran_primary_wndg.width>
	<cim:SLD_Tran_secondary_wndg.color>0</cim:SLD_Tran_secondary_wndg.color>
	<cim:SLD_Tran_secondary_wndg.width>4</cim:SLD_Tran_secondary_wndg.width>
	<cim:SLD_Tran.First_CB>1</cim:SLD_Tran.First_CB>
	<cim:SLD_Tran.Second_CB>1</cim:SLD_Tran.Second_CB>
	<cim:SLD_Tran.NodeCode1>Node 3</cim:SLD_Tran.NodeCode1>
	<cim:SLD_Tran.NodeCode2>Node3_11</cim:SLD_Tran.NodeCode2>
	<cim:SLD_Tran.ParIndex>1</cim:SLD_Tran.ParIndex>
	<cim:SLD_Tran.Number>1</cim:SLD_Tran.Number>
	<cim:SLD_Tran.CircleDiameter>40</cim:SLD_Tran.CircleDiameter>
	<cim:SLD_Tran.H1_Offset>0</cim:SLD_Tran.H1_Offset>
	<cim:SLD_Tran.V1_Offset>-10</cim:SLD_Tran.V1_Offset>
	<cim:SLD_Tran.H2_Offset>0</cim:SLD_Tran.H2_Offset>
	<cim:SLD_Tran.V2_Offset>10</cim:SLD_Tran.V2_Offset>
	<cim:SLD_Tran.H3_Offset>0</cim:SLD_Tran.H3_Offset>
	<cim:SLD_Tran.V3_Offset>0</cim:SLD_Tran.V3_Offset>
</cim:SLD_Tran>
<cim:SLD_Tran rdf:ID="_9fb8561082774cfa92371294fff244cb">
	<cim:SLD_Tran.knee_coordinate.x>1661</cim:SLD_Tran.knee_coordinate.x>
	<cim:SLD_Tran.knee_coordinate.y>461</cim:SLD_Tran.knee_coordinate.y>
	<cim:SLD_Tran.knee_coordinate.x>1661</cim:SLD_Tran.knee_coordinate.x>
	<cim:SLD_Tran.knee_coordinate.y>491</cim:SLD_Tran.knee_coordinate.y>
	<cim:SLD_Tran.knee_coordinate.x>1661</cim:SLD_Tran.knee_coordinate.x>
	<cim:SLD_Tran.knee_coordinate.y>595</cim:SLD_Tran.knee_coordinate.y>
	<cim:SLD_Tran.knee_coordinate.x>1661</cim:SLD_Tran.knee_coordinate.x>
	<cim:SLD_Tran.knee_coordinate.y>625</cim:SLD_Tran.knee_coordinate.y>
	<cim:SLD_Tran_three_wndg_tran>0</cim:SLD_Tran_three_wndg_tran>
	<cim:SLD_Tran_primary_wndg.color>0</cim:SLD_Tran_primary_wndg.color>
	<cim:SLD_Tran_primary_wndg.width>4</cim:SLD_Tran_primary_wndg.width>
	<cim:SLD_Tran_secondary_wndg.color>8421504</cim:SLD_Tran_secondary_wndg.color>
	<cim:SLD_Tran_secondary_wndg.width>4</cim:SLD_Tran_secondary_wndg.width>
	<cim:SLD_Tran.First_CB>1</cim:SLD_Tran.First_CB>
	<cim:SLD_Tran.Second_CB>1</cim:SLD_Tran.Second_CB>
	<cim:SLD_Tran.NodeCode1>Node 5</cim:SLD_Tran.NodeCode1>
	<cim:SLD_Tran.NodeCode2>G3</cim:SLD_Tran.NodeCode2>
	<cim:SLD_Tran.ParIndex>1</cim:SLD_Tran.ParIndex>
	<cim:SLD_Tran.Number>2</cim:SLD_Tran.Number>
	<cim:SLD_Tran.CircleDiameter>34</cim:SLD_Tran.CircleDiameter>
	<cim:SLD_Tran.H1_Offset>0</cim:SLD_Tran.H1_Offset>
	<cim:SLD_Tran.V1_Offset>0</cim:SLD_Tran.V1_Offset>
	<cim:SLD_Tran.H2_Offset>0</cim:SLD_Tran.H2_Offset>
	<cim:SLD_Tran.V2_Offset>0</cim:SLD_Tran.V2_Offset>
	<cim:SLD_Tran.H3_Offset>0</cim:SLD_Tran.H3_Offset>
	<cim:SLD_Tran.V3_Offset>0</cim:SLD_Tran.V3_Offset>
</cim:SLD_Tran>
<cim:SLD_Generator rdf:ID="_f9283430754c4753972d02a11b3fbf05">
	<cim:SLD_Generator.x_coordinate>514</cim:SLD_Generator.x_coordinate>
	<cim:SLD_Generator.y_coordinate>497</cim:SLD_Generator.y_coordinate>
	<cim:SLD_Generator.radius>30</cim:SLD_Generator.radius>
	<cim:SLD_Generator.width>1</cim:SLD_Generator.width>
	<cim:SLD_Generator.color>16744576</cim:SLD_Generator.color>
	<cim:SLD_Generator.border_color>0</cim:SLD_Generator.border_color>
	<cim:SLD_Generator.number_of_element>0</cim:SLD_Generator.number_of_element>
	<cim:SLD_Generator.number_of_node>2</cim:SLD_Generator.number_of_node>
	<cim:SLD_Generator.already_drawn>1</cim:SLD_Generator.already_drawn>
	<cim:SLD_Generator.CB>1</cim:SLD_Generator.CB>
</cim:SLD_Generator>
<cim:SLD_Generator rdf:ID="_bb50d67d7abf4e2f9aef014960008ed6">
	<cim:SLD_Generator.x_coordinate>730</cim:SLD_Generator.x_coordinate>
	<cim:SLD_Generator.y_coordinate>499</cim:SLD_Generator.y_coordinate>
	<cim:SLD_Generator.radius>30</cim:SLD_Generator.radius>
	<cim:SLD_Generator.width>1</cim:SLD_Generator.width>
	<cim:SLD_Generator.color>16744576</cim:SLD_Generator.color>
	<cim:SLD_Generator.border_color>0</cim:SLD_Generator.border_color>
	<cim:SLD_Generator.number_of_element>1</cim:SLD_Generator.number_of_element>
	<cim:SLD_Generator.number_of_node>3</cim:SLD_Generator.number_of_node>
	<cim:SLD_Generator.already_drawn>1</cim:SLD_Generator.already_drawn>
	<cim:SLD_Generator.CB>1</cim:SLD_Generator.CB>
</cim:SLD_Generator>
<cim:SLD_Generator rdf:ID="_b2b02667a6f44c949b023b780e106c7e">
	<cim:SLD_Generator.x_coordinate>1682</cim:SLD_Generator.x_coordinate>
	<cim:SLD_Generator.y_coordinate>663</cim:SLD_Generator.y_coordinate>
	<cim:SLD_Generator.radius>20</cim:SLD_Generator.radius>
	<cim:SLD_Generator.width>1</cim:SLD_Generator.width>
	<cim:SLD_Generator.color>12632256</cim:SLD_Generator.color>
	<cim:SLD_Generator.border_color>0</cim:SLD_Generator.border_color>
	<cim:SLD_Generator.number_of_element>2</cim:SLD_Generator.number_of_element>
	<cim:SLD_Generator.number_of_node>8</cim:SLD_Generator.number_of_node>
	<cim:SLD_Generator.already_drawn>1</cim:SLD_Generator.already_drawn>
	<cim:SLD_Generator.CB>1</cim:SLD_Generator.CB>
</cim:SLD_Generator>
<cim:SLD_ExternalSystem rdf:ID="_ea6daec2f08d4e73aa71700c061d108d">
	<cim:SLD_ExternalSystem.x_coordinate>62</cim:SLD_ExternalSystem.x_coordinate>
	<cim:SLD_ExternalSystem.y_coordinate>147</cim:SLD_ExternalSystem.y_coordinate>
	<cim:SLD_ExternalSystem.a_side>50</cim:SLD_ExternalSystem.a_side>
	<cim:SLD_ExternalSystem.b_side>50</cim:SLD_ExternalSystem.b_side>
	<cim:SLD_ExternalSystem.width>1</cim:SLD_ExternalSystem.width>
	<cim:SLD_ExternalSystem.color>65535</cim:SLD_ExternalSystem.color>
	<cim:SLD_ExternalSystem.border_color>0</cim:SLD_ExternalSystem.border_color>
	<cim:SLD_ExternalSystem.number_of_element>0</cim:SLD_ExternalSystem.number_of_element>
	<cim:SLD_ExternalSystem.number_of_node>1</cim:SLD_ExternalSystem.number_of_node>
	<cim:SLD_ExternalSystem.already_drawn>1</cim:SLD_ExternalSystem.already_drawn>
	<cim:SLD_ExternalSystem.CB>1</cim:SLD_ExternalSystem.CB>
</cim:SLD_ExternalSystem>
<cim:SLD_Load rdf:ID="_09af10c6cbe94647b0128ade6e6ac4ad">
	<cim:SLD_Load.x_coordinate>1288</cim:SLD_Load.x_coordinate>
	<cim:SLD_Load.y_coordinate>270</cim:SLD_Load.y_coordinate>
	<cim:SLD_Load.triangle_side>40</cim:SLD_Load.triangle_side>
	<cim:SLD_Load.width>1</cim:SLD_Load.width>
	<cim:SLD_Load.color>255</cim:SLD_Load.color>
	<cim:SLD_Load.border_color>0</cim:SLD_Load.border_color>
	<cim:SLD_Load.number_of_element>0</cim:SLD_Load.number_of_element>
	<cim:SLD_Load.number_of_node>4</cim:SLD_Load.number_of_node>
	<cim:SLD_Load.already_drawn>1</cim:SLD_Load.already_drawn>
	<cim:SLD_Load.CB>1</cim:SLD_Load.CB>
</cim:SLD_Load>
<cim:SLD_Load rdf:ID="_b8a5c3d9a2134781a627e44080033799">
	<cim:SLD_Load.x_coordinate>1276</cim:SLD_Load.x_coordinate>
	<cim:SLD_Load.y_coordinate>727</cim:SLD_Load.y_coordinate>
	<cim:SLD_Load.triangle_side>34</cim:SLD_Load.triangle_side>
	<cim:SLD_Load.width>1</cim:SLD_Load.width>
	<cim:SLD_Load.color>255</cim:SLD_Load.color>
	<cim:SLD_Load.border_color>0</cim:SLD_Load.border_color>
	<cim:SLD_Load.number_of_element>1</cim:SLD_Load.number_of_element>
	<cim:SLD_Load.number_of_node>6</cim:SLD_Load.number_of_node>
	<cim:SLD_Load.already_drawn>1</cim:SLD_Load.already_drawn>
	<cim:SLD_Load.CB>1</cim:SLD_Load.CB>
</cim:SLD_Load>
<cim:SystemFrequency rdf:ID="_5e76e5245d3e4764be78efcbf7d29040">
	<cim:SystemFrequency.Color>0</cim:SystemFrequency.Color>
	<cim:SystemFrequency.Thickness>1</cim:SystemFrequency.Thickness>
	<cim:SystemFrequency.Range>2.000000</cim:SystemFrequency.Range>
</cim:SystemFrequency>
<cim:DrawGraph rdf:ID="_cc45c437f02d4533819b94760d33b882">
	<cim:DrawGraph.window_title>Graphs-1</cim:DrawGraph.window_title>
	<cim:DrawGraph.nmb_of_graphs>1</cim:DrawGraph.nmb_of_graphs>
	<cim:DrawGraph.nmb_of_items>2004</cim:DrawGraph.nmb_of_items>
	<cim:DrawGraph.TimeGraph.nmb_of_quantities>2</cim:DrawGraph.TimeGraph.nmb_of_quantities>
	<cim:DrawGraph.TimeGraph.Y_scale_ratio>0.500000</cim:DrawGraph.TimeGraph.Y_scale_ratio>
	<cim:DrawGraph.TimeGraph.BasePower>200.000000</cim:DrawGraph.TimeGraph.BasePower>
	<cim:DrawGraph.TimeGraph.DisplayCurrentAbsoluteValue>0</cim:DrawGraph.TimeGraph.DisplayCurrentAbsoluteValue>
	<cim:DrawGraph.TimeGraph.Quantity>0</cim:DrawGraph.TimeGraph.Quantity>
	<cim:DrawGraph.TimeGraph.ElementType>0</cim:DrawGraph.TimeGraph.ElementType>
	<cim:DrawGraph.TimeGraph.ElementNumber>0</cim:DrawGraph.TimeGraph.ElementNumber>
	<cim:DrawGraph.TimeGraph.ElementUniqueNumber>0</cim:DrawGraph.TimeGraph.ElementUniqueNumber>
	<cim:DrawGraph.TimeGraph.Color>16711680</cim:DrawGraph.TimeGraph.Color>
	<cim:DrawGraph.TimeGraph.Thickness>2</cim:DrawGraph.TimeGraph.Thickness>
	<cim:DrawGraph.TimeGraph.FixNamePosition>0</cim:DrawGraph.TimeGraph.FixNamePosition>
	<cim:DrawGraph.TimeGraph.Quantity>2</cim:DrawGraph.TimeGraph.Quantity>
	<cim:DrawGraph.TimeGraph.ElementType>0</cim:DrawGraph.TimeGraph.ElementType>
	<cim:DrawGraph.TimeGraph.ElementNumber>0</cim:DrawGraph.TimeGraph.ElementNumber>
	<cim:DrawGraph.TimeGraph.ElementUniqueNumber>0</cim:DrawGraph.TimeGraph.ElementUniqueNumber>
	<cim:DrawGraph.TimeGraph.Color>0</cim:DrawGraph.TimeGraph.Color>
	<cim:DrawGraph.TimeGraph.Thickness>2</cim:DrawGraph.TimeGraph.Thickness>
	<cim:DrawGraph.TimeGraph.FixNamePosition>0</cim:DrawGraph.TimeGraph.FixNamePosition>
	<cim:DrawGraph.TimeGraph.QuantityPhase>0</cim:DrawGraph.TimeGraph.QuantityPhase>
	<cim:DrawGraph.TimeGraph.nmb_of_quantities>2</cim:DrawGraph.TimeGraph.nmb_of_quantities>
	<cim:DrawGraph.TimeGraph.Y_scale_ratio>0.500000</cim:DrawGraph.TimeGraph.Y_scale_ratio>
	<cim:DrawGraph.TimeGraph.BasePower>100.000000</cim:DrawGraph.TimeGraph.BasePower>
	<cim:DrawGraph.TimeGraph.DisplayCurrentAbsoluteValue>0</cim:DrawGraph.TimeGraph.DisplayCurrentAbsoluteValue>
	<cim:DrawGraph.TimeGraph.Quantity>0</cim:DrawGraph.TimeGraph.Quantity>
	<cim:DrawGraph.TimeGraph.ElementType>0</cim:DrawGraph.TimeGraph.ElementType>
	<cim:DrawGraph.TimeGraph.ElementNumber>1</cim:DrawGraph.TimeGraph.ElementNumber>
	<cim:DrawGraph.TimeGraph.ElementUniqueNumber>1</cim:DrawGraph.TimeGraph.ElementUniqueNumber>
	<cim:DrawGraph.TimeGraph.Color>32896</cim:DrawGraph.TimeGraph.Color>
	<cim:DrawGraph.TimeGraph.Thickness>2</cim:DrawGraph.TimeGraph.Thickness>
	<cim:DrawGraph.TimeGraph.FixNamePosition>0</cim:DrawGraph.TimeGraph.FixNamePosition>
	<cim:DrawGraph.TimeGraph.Quantity>2</cim:DrawGraph.TimeGraph.Quantity>
	<cim:DrawGraph.TimeGraph.ElementType>0</cim:DrawGraph.TimeGraph.ElementType>
	<cim:DrawGraph.TimeGraph.ElementNumber>1</cim:DrawGraph.TimeGraph.ElementNumber>
	<cim:DrawGraph.TimeGraph.ElementUniqueNumber>1</cim:DrawGraph.TimeGraph.ElementUniqueNumber>
	<cim:DrawGraph.TimeGraph.Color>0</cim:DrawGraph.TimeGraph.Color>
	<cim:DrawGraph.TimeGraph.Thickness>2</cim:DrawGraph.TimeGraph.Thickness>
	<cim:DrawGraph.TimeGraph.FixNamePosition>0</cim:DrawGraph.TimeGraph.FixNamePosition>
	<cim:DrawGraph.TimeGraph.QuantityPhase>0</cim:DrawGraph.TimeGraph.QuantityPhase>
</cim:DrawGraph>
<cim:DrawGraph rdf:ID="_3890f44051e3410baa25f369c977175a">
	<cim:DrawGraph.window_title>Graphs-2</cim:DrawGraph.window_title>
	<cim:DrawGraph.nmb_of_graphs>2</cim:DrawGraph.nmb_of_graphs>
	<cim:DrawGraph.nmb_of_items>2004</cim:DrawGraph.nmb_of_items>
	<cim:DrawGraph.TimeGraph.nmb_of_quantities>1</cim:DrawGraph.TimeGraph.nmb_of_quantities>
	<cim:DrawGraph.TimeGraph.Y_scale_ratio>0.833333</cim:DrawGraph.TimeGraph.Y_scale_ratio>
	<cim:DrawGraph.TimeGraph.BasePower>100.000000</cim:DrawGraph.TimeGraph.BasePower>
	<cim:DrawGraph.TimeGraph.DisplayCurrentAbsoluteValue>0</cim:DrawGraph.TimeGraph.DisplayCurrentAbsoluteValue>
	<cim:DrawGraph.TimeGraph.Quantity>0</cim:DrawGraph.TimeGraph.Quantity>
	<cim:DrawGraph.TimeGraph.ElementType>1</cim:DrawGraph.TimeGraph.ElementType>
	<cim:DrawGraph.TimeGraph.ElementNumber>4</cim:DrawGraph.TimeGraph.ElementNumber>
	<cim:DrawGraph.TimeGraph.ElementUniqueNumber>4</cim:DrawGraph.TimeGraph.ElementUniqueNumber>
	<cim:DrawGraph.TimeGraph.Color>0</cim:DrawGraph.TimeGraph.Color>
	<cim:DrawGraph.TimeGraph.Thickness>2</cim:DrawGraph.TimeGraph.Thickness>
	<cim:DrawGraph.TimeGraph.FixNamePosition>0</cim:DrawGraph.TimeGraph.FixNamePosition>
	<cim:DrawGraph.TimeGraph.QuantityPhase>0</cim:DrawGraph.TimeGraph.QuantityPhase>
	<cim:DrawGraph.TimeGraph.nmb_of_quantities>1</cim:DrawGraph.TimeGraph.nmb_of_quantities>
	<cim:DrawGraph.TimeGraph.Y_scale_ratio>0.250000</cim:DrawGraph.TimeGraph.Y_scale_ratio>
	<cim:DrawGraph.TimeGraph.BasePower>100.000000</cim:DrawGraph.TimeGraph.BasePower>
	<cim:DrawGraph.TimeGraph.DisplayCurrentAbsoluteValue>0</cim:DrawGraph.TimeGraph.DisplayCurrentAbsoluteValue>
	<cim:DrawGraph.TimeGraph.Quantity>4</cim:DrawGraph.TimeGraph.Quantity>
	<cim:DrawGraph.TimeGraph.ElementType>0</cim:DrawGraph.TimeGraph.ElementType>
	<cim:DrawGraph.TimeGraph.ElementNumber>0</cim:DrawGraph.TimeGraph.ElementNumber>
	<cim:DrawGraph.TimeGraph.ElementUniqueNumber>0</cim:DrawGraph.TimeGraph.ElementUniqueNumber>
	<cim:DrawGraph.TimeGraph.Color>255</cim:DrawGraph.TimeGraph.Color>
	<cim:DrawGraph.TimeGraph.Thickness>2</cim:DrawGraph.TimeGraph.Thickness>
	<cim:DrawGraph.TimeGraph.FixNamePosition>0</cim:DrawGraph.TimeGraph.FixNamePosition>
	<cim:DrawGraph.TimeGraph.nmb_of_quantities>2</cim:DrawGraph.TimeGraph.nmb_of_quantities>
	<cim:DrawGraph.TimeGraph.Y_scale_ratio>0.400000</cim:DrawGraph.TimeGraph.Y_scale_ratio>
	<cim:DrawGraph.TimeGraph.BasePower>100.000000</cim:DrawGraph.TimeGraph.BasePower>
	<cim:DrawGraph.TimeGraph.DisplayCurrentAbsoluteValue>0</cim:DrawGraph.TimeGraph.DisplayCurrentAbsoluteValue>
	<cim:DrawGraph.TimeGraph.Quantity>4</cim:DrawGraph.TimeGraph.Quantity>
	<cim:DrawGraph.TimeGraph.ElementType>0</cim:DrawGraph.TimeGraph.ElementType>
	<cim:DrawGraph.TimeGraph.ElementNumber>2</cim:DrawGraph.TimeGraph.ElementNumber>
	<cim:DrawGraph.TimeGraph.ElementUniqueNumber>2</cim:DrawGraph.TimeGraph.ElementUniqueNumber>
	<cim:DrawGraph.TimeGraph.Color>32896</cim:DrawGraph.TimeGraph.Color>
	<cim:DrawGraph.TimeGraph.Thickness>2</cim:DrawGraph.TimeGraph.Thickness>
	<cim:DrawGraph.TimeGraph.FixNamePosition>0</cim:DrawGraph.TimeGraph.FixNamePosition>
	<cim:DrawGraph.TimeGraph.Quantity>0</cim:DrawGraph.TimeGraph.Quantity>
	<cim:DrawGraph.TimeGraph.ElementType>0</cim:DrawGraph.TimeGraph.ElementType>
	<cim:DrawGraph.TimeGraph.ElementNumber>2</cim:DrawGraph.TimeGraph.ElementNumber>
	<cim:DrawGraph.TimeGraph.ElementUniqueNumber>2</cim:DrawGraph.TimeGraph.ElementUniqueNumber>
	<cim:DrawGraph.TimeGraph.Color>16744576</cim:DrawGraph.TimeGraph.Color>
	<cim:DrawGraph.TimeGraph.Thickness>2</cim:DrawGraph.TimeGraph.Thickness>
	<cim:DrawGraph.TimeGraph.FixNamePosition>0</cim:DrawGraph.TimeGraph.FixNamePosition>
</cim:DrawGraph>
<cim:DrawGraph rdf:ID="_d8e8547f58184be5ba8ca4398929f5b1">
	<cim:DrawGraph.window_title>Graphs-3</cim:DrawGraph.window_title>
	<cim:DrawGraph.nmb_of_graphs>0</cim:DrawGraph.nmb_of_graphs>
	<cim:DrawGraph.nmb_of_items>0</cim:DrawGraph.nmb_of_items>
	<cim:DrawGraph.TimeGraph.nmb_of_quantities>0</cim:DrawGraph.TimeGraph.nmb_of_quantities>
	<cim:DrawGraph.TimeGraph.Y_scale_ratio>1.000000</cim:DrawGraph.TimeGraph.Y_scale_ratio>
	<cim:DrawGraph.TimeGraph.BasePower>100.000000</cim:DrawGraph.TimeGraph.BasePower>
	<cim:DrawGraph.TimeGraph.DisplayCurrentAbsoluteValue>0</cim:DrawGraph.TimeGraph.DisplayCurrentAbsoluteValue>
</cim:DrawGraph>
<cim:TransientStability rdf:ID="_b53af0deb1134cc5a437f5ee202f097b">
	<cim:TransientStability.PowerSystemEventsNumber>2</cim:TransientStability.PowerSystemEventsNumber>
	<cim:TransientStability.Time_Step_RMS>0.005000</cim:TransientStability.Time_Step_RMS>
	<cim:TransientStability.Simulation_End_Time>10.000000</cim:TransientStability.Simulation_End_Time>
	<cim:TransientStability.KronMatrixItemThreshold>2.00e-07</cim:TransientStability.KronMatrixItemThreshold>
	<cim:TransientStability.UseKronReductionAlgorithm>0</cim:TransientStability.UseKronReductionAlgorithm>
	<cim:TransientStability.ConvertAllLoadsToConstantImpedanceLoads>0</cim:TransientStability.ConvertAllLoadsToConstantImpedanceLoads>
	<cim:TransientStability.Time_Integration_Method>3</cim:TransientStability.Time_Integration_Method>
	<cim:TransientStability.DrawingStep>10</cim:TransientStability.DrawingStep>
	<cim:TransientStability.SystemFrequencyThreshold>0.01</cim:TransientStability.SystemFrequencyThreshold>
	<cim:TransientStability.RotorSpeedThreshold>0.10</cim:TransientStability.RotorSpeedThreshold>
	<cim:TransientStability.Calculate_SF_Deviation>1</cim:TransientStability.Calculate_SF_Deviation>
</cim:TransientStability>
<cim:PowerSystemEvent rdf:ID="_2c7ac7a0d2404112aada9a8fab3e87b4">
	<cim:PowerSystemEvent.EventType>0</cim:PowerSystemEvent.EventType>
	<cim:PowerSystemEvent.ElementNumber>2</cim:PowerSystemEvent.ElementNumber>
	<cim:PowerSystemEvent.ElementType>1</cim:PowerSystemEvent.ElementType>
	<cim:PowerSystemEvent.Distance>10.000000</cim:PowerSystemEvent.Distance>
	<cim:PowerSystemEvent.Time>0.500000</cim:PowerSystemEvent.Time>
	<cim:PowerSystemEvent.InService>1</cim:PowerSystemEvent.InService>
	<cim:PowerSystemEvent.IsDrawn>1</cim:PowerSystemEvent.IsDrawn>
	<cim:PowerSystemEvent.x_coordinate>682</cim:PowerSystemEvent.x_coordinate>
	<cim:PowerSystemEvent.y_coordinate>112</cim:PowerSystemEvent.y_coordinate>
	<cim:PowerSystemEvent.SC_Impedance_Re>0.000000</cim:PowerSystemEvent.SC_Impedance_Re>
	<cim:PowerSystemEvent.SC_Impedance_Im>0.000000</cim:PowerSystemEvent.SC_Impedance_Im>
	<cim:PowerSystemEvent.AutoReclosingInService>0</cim:PowerSystemEvent.AutoReclosingInService>
	<cim:PowerSystemEvent.AutoReclosingTime>0.000000</cim:PowerSystemEvent.AutoReclosingTime>
	<cim:PowerSystemEvent.UnsuccessfulARC>0</cim:PowerSystemEvent.UnsuccessfulARC>
	<cim:PowerSystemEvent.AutoReopeningTime>0.000000</cim:PowerSystemEvent.AutoReopeningTime>
</cim:PowerSystemEvent>
<cim:PowerSystemEvent rdf:ID="_babf7012febb4dd182a448ac6a28bc16">
	<cim:PowerSystemEvent.EventType>4</cim:PowerSystemEvent.EventType>
	<cim:PowerSystemEvent.ElementNumber>0</cim:PowerSystemEvent.ElementNumber>
	<cim:PowerSystemEvent.ElementType>1</cim:PowerSystemEvent.ElementType>
	<cim:PowerSystemEvent.Distance>10.000000</cim:PowerSystemEvent.Distance>
	<cim:PowerSystemEvent.Time>0.650000</cim:PowerSystemEvent.Time>
	<cim:PowerSystemEvent.InService>1</cim:PowerSystemEvent.InService>
	<cim:PowerSystemEvent.IsDrawn>1</cim:PowerSystemEvent.IsDrawn>
	<cim:PowerSystemEvent.x_coordinate>682</cim:PowerSystemEvent.x_coordinate>
	<cim:PowerSystemEvent.y_coordinate>132</cim:PowerSystemEvent.y_coordinate>
	<cim:PowerSystemEvent.SC_Impedance_Re>0.000000</cim:PowerSystemEvent.SC_Impedance_Re>
	<cim:PowerSystemEvent.SC_Impedance_Im>0.000000</cim:PowerSystemEvent.SC_Impedance_Im>
	<cim:PowerSystemEvent.AutoReclosingInService>0</cim:PowerSystemEvent.AutoReclosingInService>
	<cim:PowerSystemEvent.AutoReclosingTime>0.000000</cim:PowerSystemEvent.AutoReclosingTime>
	<cim:PowerSystemEvent.UnsuccessfulARC>0</cim:PowerSystemEvent.UnsuccessfulARC>
	<cim:PowerSystemEvent.AutoReopeningTime>0.000000</cim:PowerSystemEvent.AutoReopeningTime>
</cim:PowerSystemEvent>
</rdf:RDF>