<?xml version="1.0" encoding="UTF-8"?>
<rdf:RDF xmlns:rdf="http://www.w3.org/1999/02/22-rdf-syntax-ns#" xmlns:cim="http://iec.ch/TC57/2009/CIM-schema-cim14#">
<md:FullModel xmlns:md="http://www.casepowersoftware.com/2020/ThreeWndg_SV/1">
	<md:Model.created>2025-11-18-8</md:Model.created>
	<md:Model.Version>
		<md:Description>
			<md:Description.name>ThreeWndg_SV</md:Description.name>
			<md:Description.version>1</md:Description.version>
			<md:Description.ModelComment></md:Description.ModelComment>
		</md:Description>
	</md:Model.Version>
	<md:Model.ModelingAuthoritySet>
		<md:Description>
			<md:Description.name>ThreeWndg</md:Description.name>
		</md:Description>
	</md:Model.ModelingAuthoritySet>
	<md:Model.Profile>
		<md:Description>
			<md:Description.uri>http://iec.ch/TC57/61970-452/StateVariables/1</md:Description.uri>
			<md:Description.name>IEC61970-452-StateVariables_Model</md:Description.name>
			<md:Description.version>1</md:Description.version>
		</md:Description>
	</md:Model.Profile>
	<md:Model.Creator>
		<md:Description>
			<md:Description.name>CASE 1.0</md:Description.name>
		</md:Description>
	</md:Model.Creator>
</md:FullModel>
<cim:SvVoltage rdf:ID="_06e4a2fb6deb4da782dee4a8825cdf7f">
	<cim:SvVoltage.v>416.0987</cim:SvVoltage.v>
	<cim:SvVoltage.angle>-1.1978</cim:SvVoltage.angle>
	<cim:SvVoltage.TopologicalNode rdf:resource="#_cd1ae5bc75dd4e0bbc7c4d328bc566cd"/>
</cim:SvVoltage>
<cim:SvVoltage rdf:ID="_9657824468a740aaaad9fe7d9f65bb8a">
	<cim:SvVoltage.v>415.0000</cim:SvVoltage.v>
	<cim:SvVoltage.angle> 0.0000</cim:SvVoltage.angle>
	<cim:SvVoltage.TopologicalNode rdf:resource="#_fac94dbbf49c4c4d9e7ef610d26d7733"/>
</cim:SvVoltage>
<cim:SvVoltage rdf:ID="_3304723d41b249e784174a009ed60a5c">
	<cim:SvVoltage.v>15.7500</cim:SvVoltage.v>
	<cim:SvVoltage.angle> 2.9909</cim:SvVoltage.angle>
	<cim:SvVoltage.TopologicalNode rdf:resource="#_d02d535a728b4e1c99c3532e012ac840"/>
</cim:SvVoltage>
<cim:SvVoltage rdf:ID="_a13a9efefd4e44e18d7183e280f6754d">
	<cim:SvVoltage.v>15.7500</cim:SvVoltage.v>
	<cim:SvVoltage.angle> 2.9909</cim:SvVoltage.angle>
	<cim:SvVoltage.TopologicalNode rdf:resource="#_66f7e63cb7e94d0582943a24200ff7a0"/>
</cim:SvVoltage>
<cim:SvVoltage rdf:ID="_e59cb1a6161943d8a76e7c1e87345494">
	<cim:SvVoltage.v>412.3112</cim:SvVoltage.v>
	<cim:SvVoltage.angle>-3.2650</cim:SvVoltage.angle>
	<cim:SvVoltage.TopologicalNode rdf:resource="#_8adfee6636ef47de987e2303ed2efdcc"/>
</cim:SvVoltage>
<cim:SvVoltage rdf:ID="_fd500fa1a0ed4f4192c334e4e099f852">
	<cim:SvVoltage.v>403.7465</cim:SvVoltage.v>
	<cim:SvVoltage.angle>-5.7009</cim:SvVoltage.angle>
	<cim:SvVoltage.TopologicalNode rdf:resource="#_cc972cf5fae842d6951df606f6a52e09"/>
</cim:SvVoltage>
<cim:SvVoltage rdf:ID="_874babe006964f69934a5befa994cfa3">
	<cim:SvVoltage.v>106.9497</cim:SvVoltage.v>
	<cim:SvVoltage.angle>-8.9960</cim:SvVoltage.angle>
	<cim:SvVoltage.TopologicalNode rdf:resource="#_82951f3e6edd49f0b83441ad663d1f11"/>
</cim:SvVoltage>
<cim:SvVoltage rdf:ID="_3ac1db7ec4ed4d0a874586fcf557379e">
	<cim:SvVoltage.v>109.1935</cim:SvVoltage.v>
	<cim:SvVoltage.angle>-5.0655</cim:SvVoltage.angle>
	<cim:SvVoltage.TopologicalNode rdf:resource="#_c24bb626374a4d4fbe3c876974b0122e"/>
</cim:SvVoltage>
<cim:SvVoltage rdf:ID="_a17703b0d4054c31bbe9a28fb6a84537">
	<cim:SvVoltage.v>10.5000</cim:SvVoltage.v>
	<cim:SvVoltage.angle>-0.4590</cim:SvVoltage.angle>
	<cim:SvVoltage.TopologicalNode rdf:resource="#_9570af5a0b7849d398008a059bcd92ff"/>
</cim:SvVoltage>
<cim:SvPowerFlow rdf:ID="_b779d4eb2db846b1bcf3432e522e2e6e">
	<cim:SvPowerFlow.p>300.0000</cim:SvPowerFlow.p>
	<cim:SvPowerFlow.q>100.0000</cim:SvPowerFlow.q>
	<cim:SvPowerFlow.Terminal rdf:resource="#_3730f0413b8044e0a5b0324df7cff726"/>
</cim:SvPowerFlow>
<cim:SvPowerFlow rdf:ID="_9d4d14a03e224749a50f47c28bf7248f">
	<cim:SvPowerFlow.p>240.0000</cim:SvPowerFlow.p>
	<cim:SvPowerFlow.q>80.0000</cim:SvPowerFlow.q>
	<cim:SvPowerFlow.Terminal rdf:resource="#_73203c2a3c20487e9d0adf5104f51818"/>
</cim:SvPowerFlow>
<cim:SvPowerFlow rdf:ID="_44fd0965093d428890c0e553c4f1c829">
	<cim:SvPowerFlow.p>170.0000</cim:SvPowerFlow.p>
	<cim:SvPowerFlow.q>26.3838</cim:SvPowerFlow.q>
	<cim:SvPowerFlow.Terminal rdf:resource="#_052bdd4d57114cacae25387f6f0e008d"/>
</cim:SvPowerFlow>
<cim:SvPowerFlow rdf:ID="_9a6661002dfc47e188c8df6eb0dac319">
	<cim:SvPowerFlow.p>170.0000</cim:SvPowerFlow.p>
	<cim:SvPowerFlow.q>26.3836</cim:SvPowerFlow.q>
	<cim:SvPowerFlow.Terminal rdf:resource="#_d8ce2d1021e64a13adeee6c21f712e90"/>
</cim:SvPowerFlow>
<cim:SvPowerFlow rdf:ID="_f931a4111b9d440fa165e415ad28b95f">
	<cim:SvPowerFlow.p>100.0000</cim:SvPowerFlow.p>
	<cim:SvPowerFlow.q>10.6420</cim:SvPowerFlow.q>
	<cim:SvPowerFlow.Terminal rdf:resource="#_682eb12f418349c998f7b93256e1aa10"/>
</cim:SvPowerFlow>
<cim:SvPowerFlow rdf:ID="_36c7b964bfc64485899de2ed9c659f50">
	<cim:SvPowerFlow.p>105.2616</cim:SvPowerFlow.p>
	<cim:SvPowerFlow.q>-50.1450</cim:SvPowerFlow.q>
	<cim:SvPowerFlow.Terminal rdf:resource="#_7161618c55834a28b874a26736a39790"/>
</cim:SvPowerFlow>
</rdf:RDF>