<?xml version="1.0" encoding="UTF-8"?>
<rdf:RDF xmlns:rdf="http://www.w3.org/1999/02/22-rdf-syntax-ns#" xmlns:cim="http://iec.ch/TC57/2009/CIM-schema-cim14#">
<md:FullModel xmlns:md="http://www.casepowersoftware.com/2020/ThreeWndg_TP/1">
	<md:Model.created>2025-11-18-8</md:Model.created>
	<md:Model.Version>
		<md:Description>
			<md:Description.name>ThreeWndg_TP</md:Description.name>
			<md:Description.version>1</md:Description.version>
		</md:Description>
	</md:Model.Version>
	<md:Model.ModelingAuthoritySet>
		<md:Description>
			<md:Description.name>ThreeWndg</md:Description.name>
		</md:Description>
	</md:Model.ModelingAuthoritySet>
	<md:Model.Profile>
		<md:Description>
			<md:Description.uri>http://iec.ch/TC57/61970-452/Topology/1</md:Description.uri>
			<md:Description.name>IEC61970-452-Topology_Model</md:Description.name>
			<md:Description.version>1</md:Description.version>
		</md:Description>
	</md:Model.Profile>
	<md:Model.Creator>
		<md:Description>
			<md:Description.name>CASE 1.0</md:Description.name>
		</md:Description>
	</md:Model.Creator>
</md:FullModel>
<cim:TopologicalNode rdf:ID="_cd1ae5bc75dd4e0bbc7c4d328bc566cd">
	<cim:Node.UniqueNumber>0</cim:Node.UniqueNumber>
	<cim:IdentifiedObject.name>Node 1</cim:IdentifiedObject.name>
	<cim:IdentifiedObject.description>Node 1</cim:IdentifiedObject.description>
	<cim:TopologicalNode.equivalent>FALSE</cim:TopologicalNode.equivalent>
	<cim:TopologicalNodeSubstation.name></cim:TopologicalNodeSubstation.name>
	<cim:TopologicalNode.NodeCode>Node 1</cim:TopologicalNode.NodeCode>
	<cim:TopologicalNode.BaseVoltage rdf:resource="#_13cbd8cfe36b4bef8bc4b59bdeaacc70"/>
	<cim:TopologicalNode.ConnectivityNodeContainer rdf:resource="#_89dec3686c8949ba96eebc670c95e113"/>
	<cim:TopologicalNode.TopologicalIsland rdf:resource="#_687ca01c110647e08d2c7c28c80f2cb3"/>
</cim:TopologicalNode>
<cim:TopologicalNode rdf:ID="_fac94dbbf49c4c4d9e7ef610d26d7733">
	<cim:Node.UniqueNumber>1</cim:Node.UniqueNumber>
	<cim:IdentifiedObject.name>System Swing</cim:IdentifiedObject.name>
	<cim:IdentifiedObject.description>System Swing</cim:IdentifiedObject.description>
	<cim:TopologicalNode.equivalent>FALSE</cim:TopologicalNode.equivalent>
	<cim:TopologicalNodeSubstation.name></cim:TopologicalNodeSubstation.name>
	<cim:TopologicalNode.NodeCode>SystemSw</cim:TopologicalNode.NodeCode>
	<cim:TopologicalNode.BaseVoltage rdf:resource="#_13cbd8cfe36b4bef8bc4b59bdeaacc70"/>
	<cim:TopologicalNode.ConnectivityNodeContainer rdf:resource="#_d4cb9ce89c1c421f93bf778b9d63a484"/>
	<cim:TopologicalNode.TopologicalIsland rdf:resource="#_687ca01c110647e08d2c7c28c80f2cb3"/>
</cim:TopologicalNode>
<cim:TopologicalNode rdf:ID="_d02d535a728b4e1c99c3532e012ac840">
	<cim:Node.UniqueNumber>2</cim:Node.UniqueNumber>
	<cim:IdentifiedObject.name>G1</cim:IdentifiedObject.name>
	<cim:IdentifiedObject.description>G1</cim:IdentifiedObject.description>
	<cim:TopologicalNode.equivalent>FALSE</cim:TopologicalNode.equivalent>
	<cim:TopologicalNodeSubstation.name></cim:TopologicalNodeSubstation.name>
	<cim:TopologicalNode.NodeCode>Node_G1</cim:TopologicalNode.NodeCode>
	<cim:TopologicalNode.BaseVoltage rdf:resource="#_a14cce266daf4a64a296e361ff82e68b"/>
	<cim:TopologicalNode.ConnectivityNodeContainer rdf:resource="#_4460cd8ac8574158bfb49d3f8c4676d7"/>
	<cim:TopologicalNode.TopologicalIsland rdf:resource="#_687ca01c110647e08d2c7c28c80f2cb3"/>
</cim:TopologicalNode>
<cim:TopologicalNode rdf:ID="_66f7e63cb7e94d0582943a24200ff7a0">
	<cim:Node.UniqueNumber>3</cim:Node.UniqueNumber>
	<cim:IdentifiedObject.name>G2</cim:IdentifiedObject.name>
	<cim:IdentifiedObject.description>G2</cim:IdentifiedObject.description>
	<cim:TopologicalNode.equivalent>FALSE</cim:TopologicalNode.equivalent>
	<cim:TopologicalNodeSubstation.name></cim:TopologicalNodeSubstation.name>
	<cim:TopologicalNode.NodeCode>Node_G2</cim:TopologicalNode.NodeCode>
	<cim:TopologicalNode.BaseVoltage rdf:resource="#_a14cce266daf4a64a296e361ff82e68b"/>
	<cim:TopologicalNode.ConnectivityNodeContainer rdf:resource="#_a2540bff4ab349dfa15d98e3daa1c414"/>
	<cim:TopologicalNode.TopologicalIsland rdf:resource="#_687ca01c110647e08d2c7c28c80f2cb3"/>
</cim:TopologicalNode>
<cim:TopologicalNode rdf:ID="_8adfee6636ef47de987e2303ed2efdcc">
	<cim:Node.UniqueNumber>4</cim:Node.UniqueNumber>
	<cim:IdentifiedObject.name>Node 2</cim:IdentifiedObject.name>
	<cim:IdentifiedObject.description>Node 2</cim:IdentifiedObject.description>
	<cim:TopologicalNode.equivalent>FALSE</cim:TopologicalNode.equivalent>
	<cim:TopologicalNodeSubstation.name></cim:TopologicalNodeSubstation.name>
	<cim:TopologicalNode.NodeCode>Node 2</cim:TopologicalNode.NodeCode>
	<cim:TopologicalNode.BaseVoltage rdf:resource="#_13cbd8cfe36b4bef8bc4b59bdeaacc70"/>
	<cim:TopologicalNode.ConnectivityNodeContainer rdf:resource="#_d11d6bcad3054b2a95312bc3ec0e7e23"/>
	<cim:TopologicalNode.TopologicalIsland rdf:resource="#_687ca01c110647e08d2c7c28c80f2cb3"/>
</cim:TopologicalNode>
<cim:TopologicalNode rdf:ID="_cc972cf5fae842d6951df606f6a52e09">
	<cim:Node.UniqueNumber>5</cim:Node.UniqueNumber>
	<cim:IdentifiedObject.name>Node 3</cim:IdentifiedObject.name>
	<cim:IdentifiedObject.description>Node 3</cim:IdentifiedObject.description>
	<cim:TopologicalNode.equivalent>FALSE</cim:TopologicalNode.equivalent>
	<cim:TopologicalNodeSubstation.name></cim:TopologicalNodeSubstation.name>
	<cim:TopologicalNode.NodeCode>Node 3</cim:TopologicalNode.NodeCode>
	<cim:TopologicalNode.BaseVoltage rdf:resource="#_13cbd8cfe36b4bef8bc4b59bdeaacc70"/>
	<cim:TopologicalNode.ConnectivityNodeContainer rdf:resource="#_20ea4f195544456f8fd15ae963ab4294"/>
	<cim:TopologicalNode.TopologicalIsland rdf:resource="#_687ca01c110647e08d2c7c28c80f2cb3"/>
</cim:TopologicalNode>
<cim:TopologicalNode rdf:ID="_82951f3e6edd49f0b83441ad663d1f11">
	<cim:Node.UniqueNumber>6</cim:Node.UniqueNumber>
	<cim:IdentifiedObject.name>Node 3 - 110 kV</cim:IdentifiedObject.name>
	<cim:IdentifiedObject.description>Node 3 - 110 kV</cim:IdentifiedObject.description>
	<cim:TopologicalNode.equivalent>FALSE</cim:TopologicalNode.equivalent>
	<cim:TopologicalNodeSubstation.name></cim:TopologicalNodeSubstation.name>
	<cim:TopologicalNode.NodeCode>Node3_11</cim:TopologicalNode.NodeCode>
	<cim:TopologicalNode.BaseVoltage rdf:resource="#_2d4e3adcf565470184b209ea74a9bef1"/>
	<cim:TopologicalNode.ConnectivityNodeContainer rdf:resource="#_9b909706cf4247fbbd6297c2f13d2f60"/>
	<cim:TopologicalNode.TopologicalIsland rdf:resource="#_687ca01c110647e08d2c7c28c80f2cb3"/>
</cim:TopologicalNode>
<cim:TopologicalNode rdf:ID="_c24bb626374a4d4fbe3c876974b0122e">
	<cim:Node.UniqueNumber>7</cim:Node.UniqueNumber>
	<cim:IdentifiedObject.name>Node 5</cim:IdentifiedObject.name>
	<cim:IdentifiedObject.description>Node 5</cim:IdentifiedObject.description>
	<cim:TopologicalNode.equivalent>FALSE</cim:TopologicalNode.equivalent>
	<cim:TopologicalNodeSubstation.name></cim:TopologicalNodeSubstation.name>
	<cim:TopologicalNode.NodeCode>Node 5</cim:TopologicalNode.NodeCode>
	<cim:TopologicalNode.BaseVoltage rdf:resource="#_2d4e3adcf565470184b209ea74a9bef1"/>
	<cim:TopologicalNode.ConnectivityNodeContainer rdf:resource="#_fc41ba22baf04446ab140a1c037f2d1a"/>
	<cim:TopologicalNode.TopologicalIsland rdf:resource="#_687ca01c110647e08d2c7c28c80f2cb3"/>
</cim:TopologicalNode>
<cim:TopologicalNode rdf:ID="_9570af5a0b7849d398008a059bcd92ff">
	<cim:Node.UniqueNumber>8</cim:Node.UniqueNumber>
	<cim:IdentifiedObject.name>G3</cim:IdentifiedObject.name>
	<cim:IdentifiedObject.description>G3</cim:IdentifiedObject.description>
	<cim:TopologicalNode.equivalent>FALSE</cim:TopologicalNode.equivalent>
	<cim:TopologicalNodeSubstation.name></cim:TopologicalNodeSubstation.name>
	<cim:TopologicalNode.NodeCode>G3</cim:TopologicalNode.NodeCode>
	<cim:TopologicalNode.BaseVoltage rdf:resource="#_a95736874361435fa662f0283b41b16f"/>
	<cim:TopologicalNode.ConnectivityNodeContainer rdf:resource="#_a62f01623e764e239ffc95b12b835640"/>
	<cim:TopologicalNode.TopologicalIsland rdf:resource="#_687ca01c110647e08d2c7c28c80f2cb3"/>
</cim:TopologicalNode>
<cim:Terminal rdf:about="#_d2b3866d510e4fef89062640ab379327">
	<cim:Terminal.TopologicalNode rdf:resource="#_fac94dbbf49c4c4d9e7ef610d26d7733"/>
	<cim:Terminal.connected>TRUE</cim:Terminal.connected>
</cim:Terminal>
<cim:Terminal rdf:about="#_5eac0a7c2d674d82bc0b1f6cef7ea187">
	<cim:Terminal.TopologicalNode rdf:resource="#_cd1ae5bc75dd4e0bbc7c4d328bc566cd"/>
	<cim:Terminal.connected>TRUE</cim:Terminal.connected>
</cim:Terminal>
<cim:Terminal rdf:about="#_c350f55ddd8f40249cfb0b944280258d">
	<cim:Terminal.TopologicalNode rdf:resource="#_cd1ae5bc75dd4e0bbc7c4d328bc566cd"/>
	<cim:Terminal.connected>TRUE</cim:Terminal.connected>
</cim:Terminal>
<cim:Terminal rdf:about="#_a45684c4ccd14ddf8cc63bd325a844bc">
	<cim:Terminal.TopologicalNode rdf:resource="#_8adfee6636ef47de987e2303ed2efdcc"/>
	<cim:Terminal.connected>TRUE</cim:Terminal.connected>
</cim:Terminal>
<cim:Terminal rdf:about="#_a0d8da21c5614bb0afb3dc64d6c62282">
	<cim:Terminal.TopologicalNode rdf:resource="#_cd1ae5bc75dd4e0bbc7c4d328bc566cd"/>
	<cim:Terminal.connected>TRUE</cim:Terminal.connected>
</cim:Terminal>
<cim:Terminal rdf:about="#_a4d96d834a3a468fa46f0b8b2669936d">
	<cim:Terminal.TopologicalNode rdf:resource="#_8adfee6636ef47de987e2303ed2efdcc"/>
	<cim:Terminal.connected>TRUE</cim:Terminal.connected>
</cim:Terminal>
<cim:Terminal rdf:about="#_8a796a9f51274466ad4aeb9cf9922080">
	<cim:Terminal.TopologicalNode rdf:resource="#_8adfee6636ef47de987e2303ed2efdcc"/>
	<cim:Terminal.connected>TRUE</cim:Terminal.connected>
</cim:Terminal>
<cim:Terminal rdf:about="#_d45fabc3b8dd4a3b9c9f4db9dd8447cc">
	<cim:Terminal.TopologicalNode rdf:resource="#_cc972cf5fae842d6951df606f6a52e09"/>
	<cim:Terminal.connected>TRUE</cim:Terminal.connected>
</cim:Terminal>
<cim:Terminal rdf:about="#_52aae595f6554724abd7a9d1845709c1">
	<cim:Terminal.TopologicalNode rdf:resource="#_82951f3e6edd49f0b83441ad663d1f11"/>
	<cim:Terminal.connected>TRUE</cim:Terminal.connected>
</cim:Terminal>
<cim:Terminal rdf:about="#_7f8acbd8d6854bcfb41ccfa27da3b53e">
	<cim:Terminal.TopologicalNode rdf:resource="#_c24bb626374a4d4fbe3c876974b0122e"/>
	<cim:Terminal.connected>TRUE</cim:Terminal.connected>
</cim:Terminal>
<cim:Terminal rdf:about="#_3730f0413b8044e0a5b0324df7cff726">
	<cim:Terminal.connected>TRUE</cim:Terminal.connected>
	<cim:Terminal.TopologicalNode rdf:resource="#_8adfee6636ef47de987e2303ed2efdcc"/>
</cim:Terminal>
<cim:Terminal rdf:about="#_73203c2a3c20487e9d0adf5104f51818">
	<cim:Terminal.connected>TRUE</cim:Terminal.connected>
	<cim:Terminal.TopologicalNode rdf:resource="#_82951f3e6edd49f0b83441ad663d1f11"/>
</cim:Terminal>
<cim:Terminal rdf:about="#_5d8cfe2237d14215ad1b6a8c62fc1c57">
	<cim:Terminal.connected>TRUE</cim:Terminal.connected>
	<cim:Terminal.TopologicalNode rdf:resource="#_cd1ae5bc75dd4e0bbc7c4d328bc566cd"/>
</cim:Terminal>
<cim:Terminal rdf:about="#_f6de70126af54d7ab482bbd7505e0bc6">
	<cim:Terminal.connected>TRUE</cim:Terminal.connected>
	<cim:Terminal.TopologicalNode rdf:resource="#_d02d535a728b4e1c99c3532e012ac840"/>
</cim:Terminal>
<cim:Terminal rdf:about="#_39606e229fd64bec8c5198fda9303556">
	<cim:Terminal.connected>TRUE</cim:Terminal.connected>
	<cim:Terminal.TopologicalNode rdf:resource="#_66f7e63cb7e94d0582943a24200ff7a0"/>
</cim:Terminal>
<cim:Terminal rdf:about="#_dcabdf83661146349cb4e5ea97570ebf">
	<cim:Terminal.connected>TRUE</cim:Terminal.connected>
	<cim:Terminal.TopologicalNode rdf:resource="#_cc972cf5fae842d6951df606f6a52e09"/>
</cim:Terminal>
<cim:Terminal rdf:about="#_20883193b14a4935be1352aee453fb4f">
	<cim:Terminal.connected>TRUE</cim:Terminal.connected>
	<cim:Terminal.TopologicalNode rdf:resource="#_82951f3e6edd49f0b83441ad663d1f11"/>
</cim:Terminal>
<cim:Terminal rdf:about="#_e7d249299f054efcb471d197b6d16a13">
	<cim:Terminal.connected>TRUE</cim:Terminal.connected>
	<cim:Terminal.TopologicalNode rdf:resource="#_c24bb626374a4d4fbe3c876974b0122e"/>
</cim:Terminal>
<cim:Terminal rdf:about="#_6c5cbd6f6edc40118d8dfe2062663e68">
	<cim:Terminal.connected>TRUE</cim:Terminal.connected>
	<cim:Terminal.TopologicalNode rdf:resource="#_9570af5a0b7849d398008a059bcd92ff"/>
</cim:Terminal>
<cim:Terminal rdf:about="#_052bdd4d57114cacae25387f6f0e008d">
	<cim:Terminal.TopologicalNode rdf:resource="#_d02d535a728b4e1c99c3532e012ac840"/>
	<cim:Terminal.connected>TRUE</cim:Terminal.connected>
</cim:Terminal>
<cim:Terminal rdf:about="#_d8ce2d1021e64a13adeee6c21f712e90">
	<cim:Terminal.TopologicalNode rdf:resource="#_66f7e63cb7e94d0582943a24200ff7a0"/>
	<cim:Terminal.connected>TRUE</cim:Terminal.connected>
</cim:Terminal>
<cim:Terminal rdf:about="#_682eb12f418349c998f7b93256e1aa10">
	<cim:Terminal.TopologicalNode rdf:resource="#_9570af5a0b7849d398008a059bcd92ff"/>
	<cim:Terminal.connected>TRUE</cim:Terminal.connected>
</cim:Terminal>
<cim:Terminal rdf:about="#_7161618c55834a28b874a26736a39790">
	<cim:Terminal.TopologicalNode rdf:resource="#_fac94dbbf49c4c4d9e7ef610d26d7733"/>
	<cim:Terminal.connected>TRUE</cim:Terminal.connected>
</cim:Terminal>
</rdf:RDF>