<?xml version="1.0" encoding="UTF-8"?>
<rdf:RDF xmlns:rdf="http://www.w3.org/1999/02/22-rdf-syntax-ns#" xmlns:cim="http://iec.ch/TC57/2009/CIM-schema-cim14#">
<md:FullModel xmlns:md="http://www.casepowersoftware.com/2020/40 node_SV/1">
	<md:Model.created>2025-12-2-13</md:Model.created>
	<md:Model.Version>
		<md:Description>
			<md:Description.name>40 node_SV</md:Description.name>
			<md:Description.version>1</md:Description.version>
			<md:Description.ModelComment></md:Description.ModelComment>
		</md:Description>
	</md:Model.Version>
	<md:Model.ModelingAuthoritySet>
		<md:Description>
			<md:Description.name>40 node</md:Description.name>
		</md:Description>
	</md:Model.ModelingAuthoritySet>
	<md:Model.Profile>
		<md:Description>
			<md:Description.uri>http://iec.ch/TC57/61970-452/StateVariables/1</md:Description.uri>
			<md:Description.name>IEC61970-452-StateVariables_Model</md:Description.name>
			<md:Description.version>1</md:Description.version>
		</md:Description>
	</md:Model.Profile>
	<md:Model.Creator>
		<md:Description>
			<md:Description.name>CASE 1.0</md:Description.name>
		</md:Description>
	</md:Model.Creator>
</md:FullModel>
<cim:SvVoltage rdf:ID="_f8a3c025131644869d344f76ebbcf78c">
	<cim:SvVoltage.v>411.3776</cim:SvVoltage.v>
	<cim:SvVoltage.angle>-2.8590</cim:SvVoltage.angle>
	<cim:SvVoltage.TopologicalNode rdf:resource="#_ffc25356b15049d4a904e4021b2699bb"/>
</cim:SvVoltage>
<cim:SvVoltage rdf:ID="_6833058f97464bd58ff3ad74bd068d3f">
	<cim:SvVoltage.v>417.0000</cim:SvVoltage.v>
	<cim:SvVoltage.angle> 0.0000</cim:SvVoltage.angle>
	<cim:SvVoltage.TopologicalNode rdf:resource="#_40861d2a95db4582ae1dc386f5472e89"/>
</cim:SvVoltage>
<cim:SvVoltage rdf:ID="_c05c8947a88948fcb7f18901ce3fa3c1">
	<cim:SvVoltage.v>15.7500</cim:SvVoltage.v>
	<cim:SvVoltage.angle> 1.3716</cim:SvVoltage.angle>
	<cim:SvVoltage.TopologicalNode rdf:resource="#_9e9eeb66735c4532a6146e9ebc3e530e"/>
</cim:SvVoltage>
<cim:SvVoltage rdf:ID="_1e44111a6cad4bb7a8ccecc967809cd1">
	<cim:SvVoltage.v>15.7500</cim:SvVoltage.v>
	<cim:SvVoltage.angle> 1.3716</cim:SvVoltage.angle>
	<cim:SvVoltage.TopologicalNode rdf:resource="#_f2c37976a60f4f99bd7f29cff28364d9"/>
</cim:SvVoltage>
<cim:SvVoltage rdf:ID="_2717ae520769422ca2f785da5efab149">
	<cim:SvVoltage.v>406.4438</cim:SvVoltage.v>
	<cim:SvVoltage.angle>-4.7400</cim:SvVoltage.angle>
	<cim:SvVoltage.TopologicalNode rdf:resource="#_79e0360c0e5a411d96b745ed634ad667"/>
</cim:SvVoltage>
<cim:SvVoltage rdf:ID="_aca674b2e88d449d929911e6f83153a9">
	<cim:SvVoltage.v>393.7698</cim:SvVoltage.v>
	<cim:SvVoltage.angle>-6.3620</cim:SvVoltage.angle>
	<cim:SvVoltage.TopologicalNode rdf:resource="#_026adb81b2b646b783b2b870150b42f6"/>
</cim:SvVoltage>
<cim:SvVoltage rdf:ID="_a366f45e555b484c8c3dea19a2e39523">
	<cim:SvVoltage.v>110.1029</cim:SvVoltage.v>
	<cim:SvVoltage.angle>-8.4176</cim:SvVoltage.angle>
	<cim:SvVoltage.TopologicalNode rdf:resource="#_41978d7a55254f43890efbd3bcb14974"/>
</cim:SvVoltage>
<cim:SvVoltage rdf:ID="_117fa47ae69e4917ab54254da4e3a686">
	<cim:SvVoltage.v>112.2998</cim:SvVoltage.v>
	<cim:SvVoltage.angle>-3.8005</cim:SvVoltage.angle>
	<cim:SvVoltage.TopologicalNode rdf:resource="#_c033044b9f65453c98c2b639d2676fa4"/>
</cim:SvVoltage>
<cim:SvVoltage rdf:ID="_2e2666edf7ca4cc491355b0caf4dbad6">
	<cim:SvVoltage.v>10.7000</cim:SvVoltage.v>
	<cim:SvVoltage.angle> 0.6077</cim:SvVoltage.angle>
	<cim:SvVoltage.TopologicalNode rdf:resource="#_2dddcdf84fc042e4a7a6ab65643f1d8f"/>
</cim:SvVoltage>
<cim:SvVoltage rdf:ID="_e3481d129f78490999b1b03d56b3c484">
	<cim:SvVoltage.v>10.7186</cim:SvVoltage.v>
	<cim:SvVoltage.angle>-3.8574</cim:SvVoltage.angle>
	<cim:SvVoltage.TopologicalNode rdf:resource="#_07a8abf075734eb9bd080c85851d9d6b"/>
</cim:SvVoltage>
<cim:SvVoltage rdf:ID="_e89cd28a63da470a8fba2043d647e8ba">
	<cim:SvVoltage.v>403.3816</cim:SvVoltage.v>
	<cim:SvVoltage.angle>-4.7141</cim:SvVoltage.angle>
	<cim:SvVoltage.TopologicalNode rdf:resource="#_597383ff185a4661a29d916e23a0b99c"/>
</cim:SvVoltage>
<cim:SvVoltage rdf:ID="_77af9d1a063249e691a0f43e0e8a6625">
	<cim:SvVoltage.v>114.3636</cim:SvVoltage.v>
	<cim:SvVoltage.angle>-6.7497</cim:SvVoltage.angle>
	<cim:SvVoltage.TopologicalNode rdf:resource="#_5f529f37a988478288eaee08bd0b90db"/>
</cim:SvVoltage>
<cim:SvVoltage rdf:ID="_d8d16f1be241434e9246fee27dcd0d65">
	<cim:SvVoltage.v>109.3191</cim:SvVoltage.v>
	<cim:SvVoltage.angle>-7.8674</cim:SvVoltage.angle>
	<cim:SvVoltage.TopologicalNode rdf:resource="#_9a9e2c09bd2843b8ae9e365fb53f48fb"/>
</cim:SvVoltage>
<cim:SvVoltage rdf:ID="_b559fc072e784ba290920c61b7610683">
	<cim:SvVoltage.v>35.7270</cim:SvVoltage.v>
	<cim:SvVoltage.angle>-0.9410</cim:SvVoltage.angle>
	<cim:SvVoltage.TopologicalNode rdf:resource="#_396390400afc4694b0138d9e9b4fa606"/>
</cim:SvVoltage>
<cim:SvVoltage rdf:ID="_1b4971a66d824498a1bfc0436931d1f5">
	<cim:SvVoltage.v>112.2737</cim:SvVoltage.v>
	<cim:SvVoltage.angle>-3.6764</cim:SvVoltage.angle>
	<cim:SvVoltage.TopologicalNode rdf:resource="#_697fdaffdb754648861edcf7629cd384"/>
</cim:SvVoltage>
<cim:SvVoltage rdf:ID="_7ef1df55bc974f3e9147563c1e9aaf5e">
	<cim:SvVoltage.v>109.3384</cim:SvVoltage.v>
	<cim:SvVoltage.angle>-7.0396</cim:SvVoltage.angle>
	<cim:SvVoltage.TopologicalNode rdf:resource="#_dca9554a3aaa4454b563846861786637"/>
</cim:SvVoltage>
<cim:SvVoltage rdf:ID="_fb430339f97d4662ba8b763e6c7f2ad3">
	<cim:SvVoltage.v>10.7748</cim:SvVoltage.v>
	<cim:SvVoltage.angle>-4.8198</cim:SvVoltage.angle>
	<cim:SvVoltage.TopologicalNode rdf:resource="#_cb45de8b5d484d3fa4f512817bfdf3ba"/>
</cim:SvVoltage>
<cim:SvVoltage rdf:ID="_fdc4cad813c641c6b503a11e2a0c1b43">
	<cim:SvVoltage.v>10.6442</cim:SvVoltage.v>
	<cim:SvVoltage.angle>-5.8211</cim:SvVoltage.angle>
	<cim:SvVoltage.TopologicalNode rdf:resource="#_30dc1e43532b4429a14950059c22da0a"/>
</cim:SvVoltage>
<cim:SvVoltage rdf:ID="_eefa28d85d0248b8b64c53c73e7bdc26">
	<cim:SvVoltage.v>10.5165</cim:SvVoltage.v>
	<cim:SvVoltage.angle>-6.8442</cim:SvVoltage.angle>
	<cim:SvVoltage.TopologicalNode rdf:resource="#_17a47ed16c664b38b5b54bbcd5d9f27d"/>
</cim:SvVoltage>
<cim:SvVoltage rdf:ID="_08c577cd483c4608b284ec68af416dee">
	<cim:SvVoltage.v>108.9808</cim:SvVoltage.v>
	<cim:SvVoltage.angle>-7.2978</cim:SvVoltage.angle>
	<cim:SvVoltage.TopologicalNode rdf:resource="#_5f27e08d803546b8aa3c3d3abbea204b"/>
</cim:SvVoltage>
<cim:SvVoltage rdf:ID="_4d653a3787054dca8169197a8c464b78">
	<cim:SvVoltage.v>10.9193</cim:SvVoltage.v>
	<cim:SvVoltage.angle>-8.1667</cim:SvVoltage.angle>
	<cim:SvVoltage.TopologicalNode rdf:resource="#_93723620d88a41f08d0c579b1ab4b336"/>
</cim:SvVoltage>
<cim:SvVoltage rdf:ID="_0cfe661713d74a31aea75e5315a996e8">
	<cim:SvVoltage.v>11.6210</cim:SvVoltage.v>
	<cim:SvVoltage.angle>-5.6799</cim:SvVoltage.angle>
	<cim:SvVoltage.TopologicalNode rdf:resource="#_6e1f64250e0c46bdb096433195bdc920"/>
</cim:SvVoltage>
<cim:SvVoltage rdf:ID="_675ca2cac59e4562bfb15e6a6b383f23">
	<cim:SvVoltage.v> 0.8111</cim:SvVoltage.v>
	<cim:SvVoltage.angle>-2.9634</cim:SvVoltage.angle>
	<cim:SvVoltage.TopologicalNode rdf:resource="#_20fbe45075784bf38b1cfd404ae04a78"/>
</cim:SvVoltage>
<cim:SvVoltage rdf:ID="_576d3f1377d445c8a039870995115762">
	<cim:SvVoltage.v>11.6210</cim:SvVoltage.v>
	<cim:SvVoltage.angle>-5.6799</cim:SvVoltage.angle>
	<cim:SvVoltage.TopologicalNode rdf:resource="#_0fb820db4a344d899a85ea96c93826ac"/>
</cim:SvVoltage>
<cim:SvVoltage rdf:ID="_b822965624fe4f33ba41dd4d007ba3a6">
	<cim:SvVoltage.v> 0.8111</cim:SvVoltage.v>
	<cim:SvVoltage.angle>-2.9634</cim:SvVoltage.angle>
	<cim:SvVoltage.TopologicalNode rdf:resource="#_bb1da47ff05d4eacb3334a47db503084"/>
</cim:SvVoltage>
<cim:SvVoltage rdf:ID="_c16131daaddd47fc8e7a561aa0230e6e">
	<cim:SvVoltage.v>11.6216</cim:SvVoltage.v>
	<cim:SvVoltage.angle>-5.6755</cim:SvVoltage.angle>
	<cim:SvVoltage.TopologicalNode rdf:resource="#_3143403984044a3587bd6b52e9ee4ac5"/>
</cim:SvVoltage>
<cim:SvVoltage rdf:ID="_f60a682a461c4ab8bb6b2f3a2be69d0c">
	<cim:SvVoltage.v> 0.8101</cim:SvVoltage.v>
	<cim:SvVoltage.angle>-2.9373</cim:SvVoltage.angle>
	<cim:SvVoltage.TopologicalNode rdf:resource="#_3f776ad3e8504f428fb4b9a9799f3f45"/>
</cim:SvVoltage>
<cim:SvVoltage rdf:ID="_037ca7d732124b49b51b9add18f58f28">
	<cim:SvVoltage.v>108.7501</cim:SvVoltage.v>
	<cim:SvVoltage.angle>-7.9264</cim:SvVoltage.angle>
	<cim:SvVoltage.TopologicalNode rdf:resource="#_facb4255a2124bc8a5c173764492137c"/>
</cim:SvVoltage>
<cim:SvVoltage rdf:ID="_81dea32f4f6943c8b284c4f17dbffa0f">
	<cim:SvVoltage.v>108.3234</cim:SvVoltage.v>
	<cim:SvVoltage.angle>-7.8814</cim:SvVoltage.angle>
	<cim:SvVoltage.TopologicalNode rdf:resource="#_5767235b7c084fdc99ef0ca361f776e1"/>
</cim:SvVoltage>
<cim:SvVoltage rdf:ID="_3840691b746a4026ae0efc06d3be8b7c">
	<cim:SvVoltage.v>110.4945</cim:SvVoltage.v>
	<cim:SvVoltage.angle>-5.4668</cim:SvVoltage.angle>
	<cim:SvVoltage.TopologicalNode rdf:resource="#_3587a13a223e4208a5a14e541468436a"/>
</cim:SvVoltage>
<cim:SvVoltage rdf:ID="_fc1d12f6201b4164b0d279ccbda27823">
	<cim:SvVoltage.v>10.9140</cim:SvVoltage.v>
	<cim:SvVoltage.angle>-8.3651</cim:SvVoltage.angle>
	<cim:SvVoltage.TopologicalNode rdf:resource="#_018e351718464e5fb508fb36997af5f6"/>
</cim:SvVoltage>
<cim:SvVoltage rdf:ID="_b7b9e936dd6045368eb9033fff1dc746">
	<cim:SvVoltage.v> 0.7464</cim:SvVoltage.v>
	<cim:SvVoltage.angle>-3.8513</cim:SvVoltage.angle>
	<cim:SvVoltage.TopologicalNode rdf:resource="#_b9cdd3d9387c4e3dae4ea58ce287a09d"/>
</cim:SvVoltage>
<cim:SvVoltage rdf:ID="_109770fc14ac4d8bbb48112f6300a8a3">
	<cim:SvVoltage.v>11.0908</cim:SvVoltage.v>
	<cim:SvVoltage.angle>-6.8993</cim:SvVoltage.angle>
	<cim:SvVoltage.TopologicalNode rdf:resource="#_b2a306d06daa43f581f02b4ece40d349"/>
</cim:SvVoltage>
<cim:SvVoltage rdf:ID="_e1b05e3c8759475c97fdec5177897fc3">
	<cim:SvVoltage.v>113.0597</cim:SvVoltage.v>
	<cim:SvVoltage.angle>-3.5276</cim:SvVoltage.angle>
	<cim:SvVoltage.TopologicalNode rdf:resource="#_dcd47742b3d14436ba8e4bac0354a1a9"/>
</cim:SvVoltage>
<cim:SvVoltage rdf:ID="_3274f2519d534efba7cf851b2398aa54">
	<cim:SvVoltage.v>10.7000</cim:SvVoltage.v>
	<cim:SvVoltage.angle> 0.9340</cim:SvVoltage.angle>
	<cim:SvVoltage.TopologicalNode rdf:resource="#_e4a517116c1a42108797c1dc133b8886"/>
</cim:SvVoltage>
<cim:SvVoltage rdf:ID="_1d086f02800640fd9dd6eace777c6c1c">
	<cim:SvVoltage.v>10.7000</cim:SvVoltage.v>
	<cim:SvVoltage.angle> 0.9340</cim:SvVoltage.angle>
	<cim:SvVoltage.TopologicalNode rdf:resource="#_c27d8d9c28dd4ed880b644941129c5b4"/>
</cim:SvVoltage>
<cim:SvVoltage rdf:ID="_ece4f0b61a984c71b2b037973f8d10b5">
	<cim:SvVoltage.v>10.7000</cim:SvVoltage.v>
	<cim:SvVoltage.angle> 0.9340</cim:SvVoltage.angle>
	<cim:SvVoltage.TopologicalNode rdf:resource="#_3344d52d1d1c47eca5d1af6557321bb3"/>
</cim:SvVoltage>
<cim:SvVoltage rdf:ID="_e1df872465a64647a810010d1d27b634">
	<cim:SvVoltage.v>108.0100</cim:SvVoltage.v>
	<cim:SvVoltage.angle>-7.6608</cim:SvVoltage.angle>
	<cim:SvVoltage.TopologicalNode rdf:resource="#_b913900253184aedac5a7e867540d6f0"/>
</cim:SvVoltage>
<cim:SvVoltage rdf:ID="_1432c0a62c8a409d9203431aefc93efe">
	<cim:SvVoltage.v>108.0534</cim:SvVoltage.v>
	<cim:SvVoltage.angle>-7.1747</cim:SvVoltage.angle>
	<cim:SvVoltage.TopologicalNode rdf:resource="#_f1e5d0c9dd3e49099afac0ef2dc4bc66"/>
</cim:SvVoltage>
<cim:SvVoltage rdf:ID="_9ae6127e93964df0a7f74811fe50eca5">
	<cim:SvVoltage.v>110.0685</cim:SvVoltage.v>
	<cim:SvVoltage.angle>-5.5120</cim:SvVoltage.angle>
	<cim:SvVoltage.TopologicalNode rdf:resource="#_5785b18f10f545768bda15eeb2fb8b87"/>
</cim:SvVoltage>
<cim:SvPowerFlow rdf:ID="_b2f81bb858ca47bfb6480f2d89f6bf56">
	<cim:SvPowerFlow.p>300.0000</cim:SvPowerFlow.p>
	<cim:SvPowerFlow.q>100.0000</cim:SvPowerFlow.q>
	<cim:SvPowerFlow.Terminal rdf:resource="#_054b813c90cb466cab9ccc8903b859ca"/>
</cim:SvPowerFlow>
<cim:SvPowerFlow rdf:ID="_44eff6894ef446ef936d91b9e28495eb">
	<cim:SvPowerFlow.p>240.0000</cim:SvPowerFlow.p>
	<cim:SvPowerFlow.q>80.0000</cim:SvPowerFlow.q>
	<cim:SvPowerFlow.Terminal rdf:resource="#_b0cf726cc95246ff82fbd3bd109e36f3"/>
</cim:SvPowerFlow>
<cim:SvPowerFlow rdf:ID="_cdd3602f2c7f4892871c16167db6600f">
	<cim:SvPowerFlow.p>150.0000</cim:SvPowerFlow.p>
	<cim:SvPowerFlow.q>50.0000</cim:SvPowerFlow.q>
	<cim:SvPowerFlow.Terminal rdf:resource="#_436dc2139d7848798139e1aa37a8db7a"/>
</cim:SvPowerFlow>
<cim:SvPowerFlow rdf:ID="_4e0aca0421504eb6ab98ad893e0a8f55">
	<cim:SvPowerFlow.p>90.0000</cim:SvPowerFlow.p>
	<cim:SvPowerFlow.q>30.0000</cim:SvPowerFlow.q>
	<cim:SvPowerFlow.Terminal rdf:resource="#_fb144d4f763b4db6b30167e39fb09735"/>
</cim:SvPowerFlow>
<cim:SvPowerFlow rdf:ID="_7eff52eea31f4e23afe2b6c0310a380c">
	<cim:SvPowerFlow.p>60.0000</cim:SvPowerFlow.p>
	<cim:SvPowerFlow.q>20.0000</cim:SvPowerFlow.q>
	<cim:SvPowerFlow.Terminal rdf:resource="#_698620af023b41c69f799bc152c34733"/>
</cim:SvPowerFlow>
<cim:SvPowerFlow rdf:ID="_6abef3b960384550be1bdf119307b28c">
	<cim:SvPowerFlow.p> 1.5000</cim:SvPowerFlow.p>
	<cim:SvPowerFlow.q> 0.5000</cim:SvPowerFlow.q>
	<cim:SvPowerFlow.Terminal rdf:resource="#_e69ec12a97004ac787072def55968650"/>
</cim:SvPowerFlow>
<cim:SvPowerFlow rdf:ID="_d858f08ca1cf48e0aac615539ef25e8e">
	<cim:SvPowerFlow.p>30.0000</cim:SvPowerFlow.p>
	<cim:SvPowerFlow.q>10.0000</cim:SvPowerFlow.q>
	<cim:SvPowerFlow.Terminal rdf:resource="#_82ed8dba95a14ed5b1be748ac300455f"/>
</cim:SvPowerFlow>
<cim:SvPowerFlow rdf:ID="_d7bc0f730f9e448794e91144fa63eb09">
	<cim:SvPowerFlow.p>12.0000</cim:SvPowerFlow.p>
	<cim:SvPowerFlow.q> 4.0000</cim:SvPowerFlow.q>
	<cim:SvPowerFlow.Terminal rdf:resource="#_40d7463c7e4c45518414f686e16ce51d"/>
</cim:SvPowerFlow>
<cim:SvPowerFlow rdf:ID="_2c64e8239075470d8145e479f6111e8f">
	<cim:SvPowerFlow.p>15.0000</cim:SvPowerFlow.p>
	<cim:SvPowerFlow.q> 5.0000</cim:SvPowerFlow.q>
	<cim:SvPowerFlow.Terminal rdf:resource="#_377ef21adff74ebe9625514fea2e26b2"/>
</cim:SvPowerFlow>
<cim:SvPowerFlow rdf:ID="_915186b7177247dcb5c9748090850625">
	<cim:SvPowerFlow.p>15.0000</cim:SvPowerFlow.p>
	<cim:SvPowerFlow.q> 5.0000</cim:SvPowerFlow.q>
	<cim:SvPowerFlow.Terminal rdf:resource="#_ca219ba6696d4532b072a21f9d67ad63"/>
</cim:SvPowerFlow>
<cim:SvPowerFlow rdf:ID="_39dc8804d6f14a14a2b362764f00fa5a">
	<cim:SvPowerFlow.p> 1.0000</cim:SvPowerFlow.p>
	<cim:SvPowerFlow.q> 0.5000</cim:SvPowerFlow.q>
	<cim:SvPowerFlow.Terminal rdf:resource="#_79f50703af57461a89aaa2b74c314861"/>
</cim:SvPowerFlow>
<cim:SvPowerFlow rdf:ID="_0800d84bcf034da7afd74213e61c684b">
	<cim:SvPowerFlow.p>24.0000</cim:SvPowerFlow.p>
	<cim:SvPowerFlow.q> 8.0000</cim:SvPowerFlow.q>
	<cim:SvPowerFlow.Terminal rdf:resource="#_26276bb210eb40109b6e6ebf6b1a62a8"/>
</cim:SvPowerFlow>
<cim:SvPowerFlow rdf:ID="_3e8595ecf0524e64a71349f2bb308829">
	<cim:SvPowerFlow.p>33.0000</cim:SvPowerFlow.p>
	<cim:SvPowerFlow.q>11.0000</cim:SvPowerFlow.q>
	<cim:SvPowerFlow.Terminal rdf:resource="#_8848a03103c54fde85d065baf6aa2e59"/>
</cim:SvPowerFlow>
<cim:SvPowerFlow rdf:ID="_923fb26b3c2a4067b62cbabee7baa21c">
	<cim:SvPowerFlow.p>21.0000</cim:SvPowerFlow.p>
	<cim:SvPowerFlow.q> 7.0000</cim:SvPowerFlow.q>
	<cim:SvPowerFlow.Terminal rdf:resource="#_b124f86993e547808bf680e08b258133"/>
</cim:SvPowerFlow>
<cim:SvPowerFlow rdf:ID="_fc3155a98b8e432fb8b7b08355cff83b">
	<cim:SvPowerFlow.p>170.0000</cim:SvPowerFlow.p>
	<cim:SvPowerFlow.q>52.8055</cim:SvPowerFlow.q>
	<cim:SvPowerFlow.Terminal rdf:resource="#_6c5907d0832c455aabedea7eab705bfd"/>
</cim:SvPowerFlow>
<cim:SvPowerFlow rdf:ID="_f069c2a2ed7c4c74a7157297a2f3172b">
	<cim:SvPowerFlow.p>170.0000</cim:SvPowerFlow.p>
	<cim:SvPowerFlow.q>52.8053</cim:SvPowerFlow.q>
	<cim:SvPowerFlow.Terminal rdf:resource="#_d230053399d849d8858ad7b03d3b1370"/>
</cim:SvPowerFlow>
<cim:SvPowerFlow rdf:ID="_8b77e0be559e45d9a9ec40e43eec732f">
	<cim:SvPowerFlow.p>100.0000</cim:SvPowerFlow.p>
	<cim:SvPowerFlow.q>-1.0553</cim:SvPowerFlow.q>
	<cim:SvPowerFlow.Terminal rdf:resource="#_3fbcf586ded34666b913111d2463f4d7"/>
</cim:SvPowerFlow>
<cim:SvPowerFlow rdf:ID="_42964fe2cbb644ff963856de77458c0c">
	<cim:SvPowerFlow.p>-0.5000</cim:SvPowerFlow.p>
	<cim:SvPowerFlow.q>-0.3414</cim:SvPowerFlow.q>
	<cim:SvPowerFlow.Terminal rdf:resource="#_f381b10f24584f5486950ae991c088dd"/>
</cim:SvPowerFlow>
<cim:SvPowerFlow rdf:ID="_3cd264b7c5d54f82b8057628f992b9c9">
	<cim:SvPowerFlow.p> 6.0000</cim:SvPowerFlow.p>
	<cim:SvPowerFlow.q>-2.4126</cim:SvPowerFlow.q>
	<cim:SvPowerFlow.Terminal rdf:resource="#_c14e304d7f7f4ea5b1a8f05af41ac35f"/>
</cim:SvPowerFlow>
<cim:SvPowerFlow rdf:ID="_abb4f93efd80400dbba69bfcff393c8a">
	<cim:SvPowerFlow.p> 2.0000</cim:SvPowerFlow.p>
	<cim:SvPowerFlow.q> 0.2000</cim:SvPowerFlow.q>
	<cim:SvPowerFlow.Terminal rdf:resource="#_88ac47679e1741df9b92a3f619617b95"/>
</cim:SvPowerFlow>
<cim:SvPowerFlow rdf:ID="_bdf822108d204e999ea79d716e77fc90">
	<cim:SvPowerFlow.p> 2.0000</cim:SvPowerFlow.p>
	<cim:SvPowerFlow.q> 0.2000</cim:SvPowerFlow.q>
	<cim:SvPowerFlow.Terminal rdf:resource="#_e90c21d00004498484bb4aa64c4dbe91"/>
</cim:SvPowerFlow>
<cim:SvPowerFlow rdf:ID="_f958be0356a942db85954799667e95f4">
	<cim:SvPowerFlow.p> 2.0000</cim:SvPowerFlow.p>
	<cim:SvPowerFlow.q> 0.2000</cim:SvPowerFlow.q>
	<cim:SvPowerFlow.Terminal rdf:resource="#_28b9239824b1426caffa8877d24982b3"/>
</cim:SvPowerFlow>
<cim:SvPowerFlow rdf:ID="_e7e043f1fc59485986c5372bc6c73ba0">
	<cim:SvPowerFlow.p> 1.6000</cim:SvPowerFlow.p>
	<cim:SvPowerFlow.q>-0.6000</cim:SvPowerFlow.q>
	<cim:SvPowerFlow.Terminal rdf:resource="#_251fd6f3f59b4664acbcc5dca9db3288"/>
</cim:SvPowerFlow>
<cim:SvPowerFlow rdf:ID="_c25338a3e52d4eb9add548e200bc9980">
	<cim:SvPowerFlow.p> 0.6000</cim:SvPowerFlow.p>
	<cim:SvPowerFlow.q> 0.1000</cim:SvPowerFlow.q>
	<cim:SvPowerFlow.Terminal rdf:resource="#_bdd3219a100b4a698da9fe54c56eae3a"/>
</cim:SvPowerFlow>
<cim:SvPowerFlow rdf:ID="_745249110dc64fdfa733c77469c7c6c7">
	<cim:SvPowerFlow.p>100.0000</cim:SvPowerFlow.p>
	<cim:SvPowerFlow.q>22.1087</cim:SvPowerFlow.q>
	<cim:SvPowerFlow.Terminal rdf:resource="#_44ac00c37f314a2f8805267000a1dbf9"/>
</cim:SvPowerFlow>
<cim:SvPowerFlow rdf:ID="_1af7ffecf06d4a4d85b63a790edd7a31">
	<cim:SvPowerFlow.p>100.0000</cim:SvPowerFlow.p>
	<cim:SvPowerFlow.q>22.1087</cim:SvPowerFlow.q>
	<cim:SvPowerFlow.Terminal rdf:resource="#_eee52b62af14498dbc3d7935b8081645"/>
</cim:SvPowerFlow>
<cim:SvPowerFlow rdf:ID="_1d6c3b93bc5943059c8fb755f25f42de">
	<cim:SvPowerFlow.p>100.0000</cim:SvPowerFlow.p>
	<cim:SvPowerFlow.q>22.1087</cim:SvPowerFlow.q>
	<cim:SvPowerFlow.Terminal rdf:resource="#_bda5df4ed82f4e6b8a45e89e7998d513"/>
</cim:SvPowerFlow>
<cim:SvPowerFlow rdf:ID="_38be55d8a9a6433da774fbcc81fe9fcb">
	<cim:SvPowerFlow.p>258.5152</cim:SvPowerFlow.p>
	<cim:SvPowerFlow.q>24.7086</cim:SvPowerFlow.q>
	<cim:SvPowerFlow.Terminal rdf:resource="#_b2fb447c31664d3cbc5039db5b358ee4"/>
</cim:SvPowerFlow>
</rdf:RDF>