<?xml version="1.0" encoding="UTF-8"?>
<rdf:RDF xmlns:rdf="http://www.w3.org/1999/02/22-rdf-syntax-ns#" xmlns:cim="http://iec.ch/TC57/2009/CIM-schema-cim14#">
<md:FullModel xmlns:md="http://www.casepowersoftware.com/2020/40 node_TP/1">
	<md:Model.created>2025-12-2-13</md:Model.created>
	<md:Model.Version>
		<md:Description>
			<md:Description.name>40 node_TP</md:Description.name>
			<md:Description.version>1</md:Description.version>
		</md:Description>
	</md:Model.Version>
	<md:Model.ModelingAuthoritySet>
		<md:Description>
			<md:Description.name>40 node</md:Description.name>
		</md:Description>
	</md:Model.ModelingAuthoritySet>
	<md:Model.Profile>
		<md:Description>
			<md:Description.uri>http://iec.ch/TC57/61970-452/Topology/1</md:Description.uri>
			<md:Description.name>IEC61970-452-Topology_Model</md:Description.name>
			<md:Description.version>1</md:Description.version>
		</md:Description>
	</md:Model.Profile>
	<md:Model.Creator>
		<md:Description>
			<md:Description.name>CASE 1.0</md:Description.name>
		</md:Description>
	</md:Model.Creator>
</md:FullModel>
<cim:TopologicalNode rdf:ID="_ffc25356b15049d4a904e4021b2699bb">
	<cim:Node.UniqueNumber>0</cim:Node.UniqueNumber>
	<cim:IdentifiedObject.name>Node 1</cim:IdentifiedObject.name>
	<cim:IdentifiedObject.description>Node 1</cim:IdentifiedObject.description>
	<cim:TopologicalNode.equivalent>FALSE</cim:TopologicalNode.equivalent>
	<cim:TopologicalNodeSubstation.name></cim:TopologicalNodeSubstation.name>
	<cim:TopologicalNode.NodeCode>Node 1</cim:TopologicalNode.NodeCode>
	<cim:TopologicalNode.BaseVoltage rdf:resource="#_3349a2b76965497c94f91c745fea5cbf"/>
	<cim:TopologicalNode.ConnectivityNodeContainer rdf:resource="#_3b42019dd5cd440882bc0182b56750c0"/>
	<cim:TopologicalNode.ControlArea rdf:resource="#_325234806db64c0db14f947833b99b09"/>
	<cim:TopologicalNode.TopologicalIsland rdf:resource="#_38cc598651a94473af7c76e9217c1973"/>
</cim:TopologicalNode>
<cim:TopologicalNode rdf:ID="_40861d2a95db4582ae1dc386f5472e89">
	<cim:Node.UniqueNumber>1</cim:Node.UniqueNumber>
	<cim:IdentifiedObject.name>System Swing</cim:IdentifiedObject.name>
	<cim:IdentifiedObject.description>System Swing</cim:IdentifiedObject.description>
	<cim:TopologicalNode.equivalent>FALSE</cim:TopologicalNode.equivalent>
	<cim:TopologicalNodeSubstation.name></cim:TopologicalNodeSubstation.name>
	<cim:TopologicalNode.NodeCode>SystemSw</cim:TopologicalNode.NodeCode>
	<cim:TopologicalNode.BaseVoltage rdf:resource="#_3349a2b76965497c94f91c745fea5cbf"/>
	<cim:TopologicalNode.ConnectivityNodeContainer rdf:resource="#_d8e0f7cfa7994915a458d8a9b48be44c"/>
	<cim:TopologicalNode.ControlArea rdf:resource="#_325234806db64c0db14f947833b99b09"/>
	<cim:TopologicalNode.TopologicalIsland rdf:resource="#_38cc598651a94473af7c76e9217c1973"/>
</cim:TopologicalNode>
<cim:TopologicalNode rdf:ID="_9e9eeb66735c4532a6146e9ebc3e530e">
	<cim:Node.UniqueNumber>2</cim:Node.UniqueNumber>
	<cim:IdentifiedObject.name>G1</cim:IdentifiedObject.name>
	<cim:IdentifiedObject.description>G1</cim:IdentifiedObject.description>
	<cim:TopologicalNode.equivalent>FALSE</cim:TopologicalNode.equivalent>
	<cim:TopologicalNodeSubstation.name></cim:TopologicalNodeSubstation.name>
	<cim:TopologicalNode.NodeCode>Node_G1</cim:TopologicalNode.NodeCode>
	<cim:TopologicalNode.BaseVoltage rdf:resource="#_4a31affb1fde4e7d8e73b12afeaa8816"/>
	<cim:TopologicalNode.ConnectivityNodeContainer rdf:resource="#_454eec7a908640b2abc678155f6680cb"/>
	<cim:TopologicalNode.ControlArea rdf:resource="#_325234806db64c0db14f947833b99b09"/>
	<cim:TopologicalNode.TopologicalIsland rdf:resource="#_38cc598651a94473af7c76e9217c1973"/>
</cim:TopologicalNode>
<cim:TopologicalNode rdf:ID="_f2c37976a60f4f99bd7f29cff28364d9">
	<cim:Node.UniqueNumber>3</cim:Node.UniqueNumber>
	<cim:IdentifiedObject.name>G2</cim:IdentifiedObject.name>
	<cim:IdentifiedObject.description>G2</cim:IdentifiedObject.description>
	<cim:TopologicalNode.equivalent>FALSE</cim:TopologicalNode.equivalent>
	<cim:TopologicalNodeSubstation.name></cim:TopologicalNodeSubstation.name>
	<cim:TopologicalNode.NodeCode>Node_G2</cim:TopologicalNode.NodeCode>
	<cim:TopologicalNode.BaseVoltage rdf:resource="#_4a31affb1fde4e7d8e73b12afeaa8816"/>
	<cim:TopologicalNode.ConnectivityNodeContainer rdf:resource="#_1ded625479d4476da17a8500ce5cc29d"/>
	<cim:TopologicalNode.ControlArea rdf:resource="#_325234806db64c0db14f947833b99b09"/>
	<cim:TopologicalNode.TopologicalIsland rdf:resource="#_38cc598651a94473af7c76e9217c1973"/>
</cim:TopologicalNode>
<cim:TopologicalNode rdf:ID="_79e0360c0e5a411d96b745ed634ad667">
	<cim:Node.UniqueNumber>4</cim:Node.UniqueNumber>
	<cim:IdentifiedObject.name>Node 2</cim:IdentifiedObject.name>
	<cim:IdentifiedObject.description>Node 2</cim:IdentifiedObject.description>
	<cim:TopologicalNode.equivalent>FALSE</cim:TopologicalNode.equivalent>
	<cim:TopologicalNodeSubstation.name></cim:TopologicalNodeSubstation.name>
	<cim:TopologicalNode.NodeCode>Node 2</cim:TopologicalNode.NodeCode>
	<cim:TopologicalNode.BaseVoltage rdf:resource="#_3349a2b76965497c94f91c745fea5cbf"/>
	<cim:TopologicalNode.ConnectivityNodeContainer rdf:resource="#_3d9812f14f404bdb8ad60e651acc050d"/>
	<cim:TopologicalNode.ControlArea rdf:resource="#_325234806db64c0db14f947833b99b09"/>
	<cim:TopologicalNode.TopologicalIsland rdf:resource="#_38cc598651a94473af7c76e9217c1973"/>
</cim:TopologicalNode>
<cim:TopologicalNode rdf:ID="_026adb81b2b646b783b2b870150b42f6">
	<cim:Node.UniqueNumber>5</cim:Node.UniqueNumber>
	<cim:IdentifiedObject.name>Node 3</cim:IdentifiedObject.name>
	<cim:IdentifiedObject.description>Node 3</cim:IdentifiedObject.description>
	<cim:TopologicalNode.equivalent>FALSE</cim:TopologicalNode.equivalent>
	<cim:TopologicalNodeSubstation.name></cim:TopologicalNodeSubstation.name>
	<cim:TopologicalNode.NodeCode>Node 3</cim:TopologicalNode.NodeCode>
	<cim:TopologicalNode.BaseVoltage rdf:resource="#_3349a2b76965497c94f91c745fea5cbf"/>
	<cim:TopologicalNode.ConnectivityNodeContainer rdf:resource="#_75a7a69b3e80491b95e1b403f8b96727"/>
	<cim:TopologicalNode.ControlArea rdf:resource="#_325234806db64c0db14f947833b99b09"/>
	<cim:TopologicalNode.TopologicalIsland rdf:resource="#_38cc598651a94473af7c76e9217c1973"/>
</cim:TopologicalNode>
<cim:TopologicalNode rdf:ID="_41978d7a55254f43890efbd3bcb14974">
	<cim:Node.UniqueNumber>6</cim:Node.UniqueNumber>
	<cim:IdentifiedObject.name>Node 3 - 110 kV</cim:IdentifiedObject.name>
	<cim:IdentifiedObject.description>Node 3 - 110 kV</cim:IdentifiedObject.description>
	<cim:TopologicalNode.equivalent>FALSE</cim:TopologicalNode.equivalent>
	<cim:TopologicalNodeSubstation.name></cim:TopologicalNodeSubstation.name>
	<cim:TopologicalNode.NodeCode>Node3_11</cim:TopologicalNode.NodeCode>
	<cim:TopologicalNode.BaseVoltage rdf:resource="#_89ca00be093542a18cd1abdeaa114e6c"/>
	<cim:TopologicalNode.ConnectivityNodeContainer rdf:resource="#_8045b2ecc31d4d69aef3851e42646406"/>
	<cim:TopologicalNode.ControlArea rdf:resource="#_325234806db64c0db14f947833b99b09"/>
	<cim:TopologicalNode.TopologicalIsland rdf:resource="#_38cc598651a94473af7c76e9217c1973"/>
</cim:TopologicalNode>
<cim:TopologicalNode rdf:ID="_c033044b9f65453c98c2b639d2676fa4">
	<cim:Node.UniqueNumber>7</cim:Node.UniqueNumber>
	<cim:IdentifiedObject.name>Node 5</cim:IdentifiedObject.name>
	<cim:IdentifiedObject.description>Node 5</cim:IdentifiedObject.description>
	<cim:TopologicalNode.equivalent>FALSE</cim:TopologicalNode.equivalent>
	<cim:TopologicalNodeSubstation.name></cim:TopologicalNodeSubstation.name>
	<cim:TopologicalNode.NodeCode>Node 5</cim:TopologicalNode.NodeCode>
	<cim:TopologicalNode.BaseVoltage rdf:resource="#_89ca00be093542a18cd1abdeaa114e6c"/>
	<cim:TopologicalNode.ConnectivityNodeContainer rdf:resource="#_a3985bfe3b814afca1314f3895cf8651"/>
	<cim:TopologicalNode.ControlArea rdf:resource="#_325234806db64c0db14f947833b99b09"/>
	<cim:TopologicalNode.TopologicalIsland rdf:resource="#_38cc598651a94473af7c76e9217c1973"/>
</cim:TopologicalNode>
<cim:TopologicalNode rdf:ID="_2dddcdf84fc042e4a7a6ab65643f1d8f">
	<cim:Node.UniqueNumber>8</cim:Node.UniqueNumber>
	<cim:IdentifiedObject.name>G3</cim:IdentifiedObject.name>
	<cim:IdentifiedObject.description>G3</cim:IdentifiedObject.description>
	<cim:TopologicalNode.equivalent>FALSE</cim:TopologicalNode.equivalent>
	<cim:TopologicalNodeSubstation.name></cim:TopologicalNodeSubstation.name>
	<cim:TopologicalNode.NodeCode>G3</cim:TopologicalNode.NodeCode>
	<cim:TopologicalNode.BaseVoltage rdf:resource="#_d3dc1f6ebec24d138e5f47d6d5c60777"/>
	<cim:TopologicalNode.ConnectivityNodeContainer rdf:resource="#_64ef85caed734a3d85377425d9696d1f"/>
	<cim:TopologicalNode.ControlArea rdf:resource="#_325234806db64c0db14f947833b99b09"/>
	<cim:TopologicalNode.TopologicalIsland rdf:resource="#_38cc598651a94473af7c76e9217c1973"/>
</cim:TopologicalNode>
<cim:TopologicalNode rdf:ID="_07a8abf075734eb9bd080c85851d9d6b">
	<cim:Node.UniqueNumber>9</cim:Node.UniqueNumber>
	<cim:IdentifiedObject.name>Node 6</cim:IdentifiedObject.name>
	<cim:IdentifiedObject.description>Node 6</cim:IdentifiedObject.description>
	<cim:TopologicalNode.equivalent>FALSE</cim:TopologicalNode.equivalent>
	<cim:TopologicalNodeSubstation.name></cim:TopologicalNodeSubstation.name>
	<cim:TopologicalNode.NodeCode>Node 6</cim:TopologicalNode.NodeCode>
	<cim:TopologicalNode.BaseVoltage rdf:resource="#_fb425cbac1c944dd82155177c0e05237"/>
	<cim:TopologicalNode.ConnectivityNodeContainer rdf:resource="#_bc487876d10b481bb2e73b76d2f9d009"/>
	<cim:TopologicalNode.ControlArea rdf:resource="#_325234806db64c0db14f947833b99b09"/>
	<cim:TopologicalNode.TopologicalIsland rdf:resource="#_38cc598651a94473af7c76e9217c1973"/>
</cim:TopologicalNode>
<cim:TopologicalNode rdf:ID="_597383ff185a4661a29d916e23a0b99c">
	<cim:Node.UniqueNumber>10</cim:Node.UniqueNumber>
	<cim:IdentifiedObject.name>Node 7</cim:IdentifiedObject.name>
	<cim:IdentifiedObject.description>Node 7</cim:IdentifiedObject.description>
	<cim:TopologicalNode.equivalent>FALSE</cim:TopologicalNode.equivalent>
	<cim:TopologicalNodeSubstation.name></cim:TopologicalNodeSubstation.name>
	<cim:TopologicalNode.NodeCode>Node 7</cim:TopologicalNode.NodeCode>
	<cim:TopologicalNode.BaseVoltage rdf:resource="#_3349a2b76965497c94f91c745fea5cbf"/>
	<cim:TopologicalNode.ConnectivityNodeContainer rdf:resource="#_23abfbb7021849b383c6f6eb064b466f"/>
	<cim:TopologicalNode.ControlArea rdf:resource="#_325234806db64c0db14f947833b99b09"/>
	<cim:TopologicalNode.TopologicalIsland rdf:resource="#_38cc598651a94473af7c76e9217c1973"/>
</cim:TopologicalNode>
<cim:TopologicalNode rdf:ID="_5f529f37a988478288eaee08bd0b90db">
	<cim:Node.UniqueNumber>11</cim:Node.UniqueNumber>
	<cim:IdentifiedObject.name>Node 7 - 110 kV</cim:IdentifiedObject.name>
	<cim:IdentifiedObject.description>Node 7 - 110 kV</cim:IdentifiedObject.description>
	<cim:TopologicalNode.equivalent>FALSE</cim:TopologicalNode.equivalent>
	<cim:TopologicalNodeSubstation.name></cim:TopologicalNodeSubstation.name>
	<cim:TopologicalNode.NodeCode>Node7-11</cim:TopologicalNode.NodeCode>
	<cim:TopologicalNode.BaseVoltage rdf:resource="#_89ca00be093542a18cd1abdeaa114e6c"/>
	<cim:TopologicalNode.ConnectivityNodeContainer rdf:resource="#_01d1c945af8645549f2635830b152286"/>
	<cim:TopologicalNode.ControlArea rdf:resource="#_325234806db64c0db14f947833b99b09"/>
	<cim:TopologicalNode.TopologicalIsland rdf:resource="#_38cc598651a94473af7c76e9217c1973"/>
</cim:TopologicalNode>
<cim:TopologicalNode rdf:ID="_9a9e2c09bd2843b8ae9e365fb53f48fb">
	<cim:Node.UniqueNumber>12</cim:Node.UniqueNumber>
	<cim:IdentifiedObject.name>Node 8</cim:IdentifiedObject.name>
	<cim:IdentifiedObject.description>Node 8</cim:IdentifiedObject.description>
	<cim:TopologicalNode.equivalent>FALSE</cim:TopologicalNode.equivalent>
	<cim:TopologicalNodeSubstation.name></cim:TopologicalNodeSubstation.name>
	<cim:TopologicalNode.NodeCode>Node 8</cim:TopologicalNode.NodeCode>
	<cim:TopologicalNode.BaseVoltage rdf:resource="#_89ca00be093542a18cd1abdeaa114e6c"/>
	<cim:TopologicalNode.ConnectivityNodeContainer rdf:resource="#_66a968c7612c403aaf01b752a6770535"/>
	<cim:TopologicalNode.ControlArea rdf:resource="#_325234806db64c0db14f947833b99b09"/>
	<cim:TopologicalNode.TopologicalIsland rdf:resource="#_38cc598651a94473af7c76e9217c1973"/>
</cim:TopologicalNode>
<cim:TopologicalNode rdf:ID="_396390400afc4694b0138d9e9b4fa606">
	<cim:Node.UniqueNumber>13</cim:Node.UniqueNumber>
	<cim:IdentifiedObject.name>Node 9 - 35 kV</cim:IdentifiedObject.name>
	<cim:IdentifiedObject.description>Node 9 - 35 kV</cim:IdentifiedObject.description>
	<cim:TopologicalNode.equivalent>FALSE</cim:TopologicalNode.equivalent>
	<cim:TopologicalNodeSubstation.name></cim:TopologicalNodeSubstation.name>
	<cim:TopologicalNode.NodeCode>Node9_35</cim:TopologicalNode.NodeCode>
	<cim:TopologicalNode.BaseVoltage rdf:resource="#_c464bd889d654efeb4b066c413128d88"/>
	<cim:TopologicalNode.ConnectivityNodeContainer rdf:resource="#_2bcf2f6934154829ba28ee5009d448a3"/>
	<cim:TopologicalNode.ControlArea rdf:resource="#_325234806db64c0db14f947833b99b09"/>
	<cim:TopologicalNode.TopologicalIsland rdf:resource="#_38cc598651a94473af7c76e9217c1973"/>
</cim:TopologicalNode>
<cim:TopologicalNode rdf:ID="_697fdaffdb754648861edcf7629cd384">
	<cim:Node.UniqueNumber>14</cim:Node.UniqueNumber>
	<cim:IdentifiedObject.name>Node 9</cim:IdentifiedObject.name>
	<cim:IdentifiedObject.description>Node 9</cim:IdentifiedObject.description>
	<cim:TopologicalNode.equivalent>FALSE</cim:TopologicalNode.equivalent>
	<cim:TopologicalNodeSubstation.name></cim:TopologicalNodeSubstation.name>
	<cim:TopologicalNode.NodeCode>Node 9</cim:TopologicalNode.NodeCode>
	<cim:TopologicalNode.BaseVoltage rdf:resource="#_89ca00be093542a18cd1abdeaa114e6c"/>
	<cim:TopologicalNode.ConnectivityNodeContainer rdf:resource="#_df41802bb6e14497b83be511951df2ea"/>
	<cim:TopologicalNode.ControlArea rdf:resource="#_325234806db64c0db14f947833b99b09"/>
	<cim:TopologicalNode.TopologicalIsland rdf:resource="#_38cc598651a94473af7c76e9217c1973"/>
</cim:TopologicalNode>
<cim:TopologicalNode rdf:ID="_dca9554a3aaa4454b563846861786637">
	<cim:Node.UniqueNumber>15</cim:Node.UniqueNumber>
	<cim:IdentifiedObject.name>Node 10</cim:IdentifiedObject.name>
	<cim:IdentifiedObject.description>Node 10</cim:IdentifiedObject.description>
	<cim:TopologicalNode.equivalent>FALSE</cim:TopologicalNode.equivalent>
	<cim:TopologicalNodeSubstation.name></cim:TopologicalNodeSubstation.name>
	<cim:TopologicalNode.NodeCode>Node 10</cim:TopologicalNode.NodeCode>
	<cim:TopologicalNode.BaseVoltage rdf:resource="#_89ca00be093542a18cd1abdeaa114e6c"/>
	<cim:TopologicalNode.ConnectivityNodeContainer rdf:resource="#_ad01025de35a4a0588b606454b394d63"/>
	<cim:TopologicalNode.ControlArea rdf:resource="#_325234806db64c0db14f947833b99b09"/>
	<cim:TopologicalNode.TopologicalIsland rdf:resource="#_38cc598651a94473af7c76e9217c1973"/>
</cim:TopologicalNode>
<cim:TopologicalNode rdf:ID="_cb45de8b5d484d3fa4f512817bfdf3ba">
	<cim:Node.UniqueNumber>16</cim:Node.UniqueNumber>
	<cim:IdentifiedObject.name>Node 11</cim:IdentifiedObject.name>
	<cim:IdentifiedObject.description>Node 11</cim:IdentifiedObject.description>
	<cim:TopologicalNode.equivalent>FALSE</cim:TopologicalNode.equivalent>
	<cim:TopologicalNodeSubstation.name></cim:TopologicalNodeSubstation.name>
	<cim:TopologicalNode.NodeCode>Node 11</cim:TopologicalNode.NodeCode>
	<cim:TopologicalNode.BaseVoltage rdf:resource="#_fb425cbac1c944dd82155177c0e05237"/>
	<cim:TopologicalNode.ConnectivityNodeContainer rdf:resource="#_4f5d1bc9471b45bbb5a06deb769c321e"/>
	<cim:TopologicalNode.ControlArea rdf:resource="#_325234806db64c0db14f947833b99b09"/>
	<cim:TopologicalNode.TopologicalIsland rdf:resource="#_38cc598651a94473af7c76e9217c1973"/>
</cim:TopologicalNode>
<cim:TopologicalNode rdf:ID="_30dc1e43532b4429a14950059c22da0a">
	<cim:Node.UniqueNumber>17</cim:Node.UniqueNumber>
	<cim:IdentifiedObject.name>Node 12</cim:IdentifiedObject.name>
	<cim:IdentifiedObject.description>Node 12</cim:IdentifiedObject.description>
	<cim:TopologicalNode.equivalent>FALSE</cim:TopologicalNode.equivalent>
	<cim:TopologicalNodeSubstation.name></cim:TopologicalNodeSubstation.name>
	<cim:TopologicalNode.NodeCode>Node 12</cim:TopologicalNode.NodeCode>
	<cim:TopologicalNode.BaseVoltage rdf:resource="#_fb425cbac1c944dd82155177c0e05237"/>
	<cim:TopologicalNode.ConnectivityNodeContainer rdf:resource="#_ebae106ba6b349aeb62cbb5d00c8f553"/>
	<cim:TopologicalNode.ControlArea rdf:resource="#_325234806db64c0db14f947833b99b09"/>
	<cim:TopologicalNode.TopologicalIsland rdf:resource="#_38cc598651a94473af7c76e9217c1973"/>
</cim:TopologicalNode>
<cim:TopologicalNode rdf:ID="_17a47ed16c664b38b5b54bbcd5d9f27d">
	<cim:Node.UniqueNumber>18</cim:Node.UniqueNumber>
	<cim:IdentifiedObject.name>Node 13</cim:IdentifiedObject.name>
	<cim:IdentifiedObject.description>Node 13</cim:IdentifiedObject.description>
	<cim:TopologicalNode.equivalent>FALSE</cim:TopologicalNode.equivalent>
	<cim:TopologicalNodeSubstation.name></cim:TopologicalNodeSubstation.name>
	<cim:TopologicalNode.NodeCode>Node 13</cim:TopologicalNode.NodeCode>
	<cim:TopologicalNode.BaseVoltage rdf:resource="#_fb425cbac1c944dd82155177c0e05237"/>
	<cim:TopologicalNode.ConnectivityNodeContainer rdf:resource="#_23be27d8d4a2489095e0890757328d20"/>
	<cim:TopologicalNode.ControlArea rdf:resource="#_325234806db64c0db14f947833b99b09"/>
	<cim:TopologicalNode.TopologicalIsland rdf:resource="#_38cc598651a94473af7c76e9217c1973"/>
</cim:TopologicalNode>
<cim:TopologicalNode rdf:ID="_5f27e08d803546b8aa3c3d3abbea204b">
	<cim:Node.UniqueNumber>19</cim:Node.UniqueNumber>
	<cim:IdentifiedObject.name>Node 14</cim:IdentifiedObject.name>
	<cim:IdentifiedObject.description>Node 14</cim:IdentifiedObject.description>
	<cim:TopologicalNode.equivalent>FALSE</cim:TopologicalNode.equivalent>
	<cim:TopologicalNodeSubstation.name></cim:TopologicalNodeSubstation.name>
	<cim:TopologicalNode.NodeCode>Node 14</cim:TopologicalNode.NodeCode>
	<cim:TopologicalNode.BaseVoltage rdf:resource="#_89ca00be093542a18cd1abdeaa114e6c"/>
	<cim:TopologicalNode.ConnectivityNodeContainer rdf:resource="#_2f29326948cc42b9bb2d710769baeefe"/>
	<cim:TopologicalNode.ControlArea rdf:resource="#_325234806db64c0db14f947833b99b09"/>
	<cim:TopologicalNode.TopologicalIsland rdf:resource="#_38cc598651a94473af7c76e9217c1973"/>
</cim:TopologicalNode>
<cim:TopologicalNode rdf:ID="_93723620d88a41f08d0c579b1ab4b336">
	<cim:Node.UniqueNumber>20</cim:Node.UniqueNumber>
	<cim:IdentifiedObject.name>Node 15</cim:IdentifiedObject.name>
	<cim:IdentifiedObject.description>Node 15</cim:IdentifiedObject.description>
	<cim:TopologicalNode.equivalent>FALSE</cim:TopologicalNode.equivalent>
	<cim:TopologicalNodeSubstation.name></cim:TopologicalNodeSubstation.name>
	<cim:TopologicalNode.NodeCode>Node 15</cim:TopologicalNode.NodeCode>
	<cim:TopologicalNode.BaseVoltage rdf:resource="#_fb425cbac1c944dd82155177c0e05237"/>
	<cim:TopologicalNode.ConnectivityNodeContainer rdf:resource="#_656af7ad2efa4875974717cb69ee34e5"/>
	<cim:TopologicalNode.ControlArea rdf:resource="#_325234806db64c0db14f947833b99b09"/>
	<cim:TopologicalNode.TopologicalIsland rdf:resource="#_38cc598651a94473af7c76e9217c1973"/>
</cim:TopologicalNode>
<cim:TopologicalNode rdf:ID="_6e1f64250e0c46bdb096433195bdc920">
	<cim:Node.UniqueNumber>21</cim:Node.UniqueNumber>
	<cim:IdentifiedObject.name>G1</cim:IdentifiedObject.name>
	<cim:IdentifiedObject.description>WPP1 - G1</cim:IdentifiedObject.description>
	<cim:TopologicalNode.equivalent>FALSE</cim:TopologicalNode.equivalent>
	<cim:TopologicalNodeSubstation.name></cim:TopologicalNodeSubstation.name>
	<cim:TopologicalNode.NodeCode>WPP1_G1</cim:TopologicalNode.NodeCode>
	<cim:TopologicalNode.BaseVoltage rdf:resource="#_fb425cbac1c944dd82155177c0e05237"/>
	<cim:TopologicalNode.ConnectivityNodeContainer rdf:resource="#_b92fa79ee78a4144ac4dbf285c034ba8"/>
	<cim:TopologicalNode.ControlArea rdf:resource="#_325234806db64c0db14f947833b99b09"/>
	<cim:TopologicalNode.TopologicalIsland rdf:resource="#_38cc598651a94473af7c76e9217c1973"/>
</cim:TopologicalNode>
<cim:TopologicalNode rdf:ID="_20fbe45075784bf38b1cfd404ae04a78">
	<cim:Node.UniqueNumber>22</cim:Node.UniqueNumber>
	<cim:IdentifiedObject.name>G1 LV</cim:IdentifiedObject.name>
	<cim:IdentifiedObject.description>G1 LV</cim:IdentifiedObject.description>
	<cim:TopologicalNode.equivalent>FALSE</cim:TopologicalNode.equivalent>
	<cim:TopologicalNodeSubstation.name></cim:TopologicalNodeSubstation.name>
	<cim:TopologicalNode.NodeCode>WPP1_G11</cim:TopologicalNode.NodeCode>
	<cim:TopologicalNode.BaseVoltage rdf:resource="#_17ff8cc85c3b430e9074f5b0f2c6dc06"/>
	<cim:TopologicalNode.ConnectivityNodeContainer rdf:resource="#_c8d6499653ee4b6ab58830b54d6983be"/>
	<cim:TopologicalNode.ControlArea rdf:resource="#_325234806db64c0db14f947833b99b09"/>
	<cim:TopologicalNode.TopologicalIsland rdf:resource="#_38cc598651a94473af7c76e9217c1973"/>
</cim:TopologicalNode>
<cim:TopologicalNode rdf:ID="_0fb820db4a344d899a85ea96c93826ac">
	<cim:Node.UniqueNumber>23</cim:Node.UniqueNumber>
	<cim:IdentifiedObject.name>G2</cim:IdentifiedObject.name>
	<cim:IdentifiedObject.description>WPP1 - G2</cim:IdentifiedObject.description>
	<cim:TopologicalNode.equivalent>FALSE</cim:TopologicalNode.equivalent>
	<cim:TopologicalNodeSubstation.name></cim:TopologicalNodeSubstation.name>
	<cim:TopologicalNode.NodeCode>WPP1_G2</cim:TopologicalNode.NodeCode>
	<cim:TopologicalNode.BaseVoltage rdf:resource="#_fb425cbac1c944dd82155177c0e05237"/>
	<cim:TopologicalNode.ConnectivityNodeContainer rdf:resource="#_1c0a30066a3e4efa9c883e7b9d34aa99"/>
	<cim:TopologicalNode.ControlArea rdf:resource="#_325234806db64c0db14f947833b99b09"/>
	<cim:TopologicalNode.TopologicalIsland rdf:resource="#_38cc598651a94473af7c76e9217c1973"/>
</cim:TopologicalNode>
<cim:TopologicalNode rdf:ID="_bb1da47ff05d4eacb3334a47db503084">
	<cim:Node.UniqueNumber>24</cim:Node.UniqueNumber>
	<cim:IdentifiedObject.name>G2 LV</cim:IdentifiedObject.name>
	<cim:IdentifiedObject.description>G2 LV</cim:IdentifiedObject.description>
	<cim:TopologicalNode.equivalent>FALSE</cim:TopologicalNode.equivalent>
	<cim:TopologicalNodeSubstation.name></cim:TopologicalNodeSubstation.name>
	<cim:TopologicalNode.NodeCode>WPP1_G22</cim:TopologicalNode.NodeCode>
	<cim:TopologicalNode.BaseVoltage rdf:resource="#_17ff8cc85c3b430e9074f5b0f2c6dc06"/>
	<cim:TopologicalNode.ConnectivityNodeContainer rdf:resource="#_4ebd35e7e01d43cf960b778f58e19873"/>
	<cim:TopologicalNode.ControlArea rdf:resource="#_325234806db64c0db14f947833b99b09"/>
	<cim:TopologicalNode.TopologicalIsland rdf:resource="#_38cc598651a94473af7c76e9217c1973"/>
</cim:TopologicalNode>
<cim:TopologicalNode rdf:ID="_3143403984044a3587bd6b52e9ee4ac5">
	<cim:Node.UniqueNumber>25</cim:Node.UniqueNumber>
	<cim:IdentifiedObject.name>G3</cim:IdentifiedObject.name>
	<cim:IdentifiedObject.description>G3</cim:IdentifiedObject.description>
	<cim:TopologicalNode.equivalent>FALSE</cim:TopologicalNode.equivalent>
	<cim:TopologicalNodeSubstation.name></cim:TopologicalNodeSubstation.name>
	<cim:TopologicalNode.NodeCode>WPP1_G3</cim:TopologicalNode.NodeCode>
	<cim:TopologicalNode.BaseVoltage rdf:resource="#_fb425cbac1c944dd82155177c0e05237"/>
	<cim:TopologicalNode.ConnectivityNodeContainer rdf:resource="#_92cf01ec4b714b7cb9cf19d63c72770d"/>
	<cim:TopologicalNode.ControlArea rdf:resource="#_325234806db64c0db14f947833b99b09"/>
	<cim:TopologicalNode.TopologicalIsland rdf:resource="#_38cc598651a94473af7c76e9217c1973"/>
</cim:TopologicalNode>
<cim:TopologicalNode rdf:ID="_3f776ad3e8504f428fb4b9a9799f3f45">
	<cim:Node.UniqueNumber>26</cim:Node.UniqueNumber>
	<cim:IdentifiedObject.name>G3 LV</cim:IdentifiedObject.name>
	<cim:IdentifiedObject.description>G3 LV</cim:IdentifiedObject.description>
	<cim:TopologicalNode.equivalent>FALSE</cim:TopologicalNode.equivalent>
	<cim:TopologicalNodeSubstation.name></cim:TopologicalNodeSubstation.name>
	<cim:TopologicalNode.NodeCode>WPP1_G33</cim:TopologicalNode.NodeCode>
	<cim:TopologicalNode.BaseVoltage rdf:resource="#_17ff8cc85c3b430e9074f5b0f2c6dc06"/>
	<cim:TopologicalNode.ConnectivityNodeContainer rdf:resource="#_2983fde498464b33b62966a80bd40d40"/>
	<cim:TopologicalNode.ControlArea rdf:resource="#_325234806db64c0db14f947833b99b09"/>
	<cim:TopologicalNode.TopologicalIsland rdf:resource="#_38cc598651a94473af7c76e9217c1973"/>
</cim:TopologicalNode>
<cim:TopologicalNode rdf:ID="_facb4255a2124bc8a5c173764492137c">
	<cim:Node.UniqueNumber>27</cim:Node.UniqueNumber>
	<cim:IdentifiedObject.name>Node 16</cim:IdentifiedObject.name>
	<cim:IdentifiedObject.description>Node 16</cim:IdentifiedObject.description>
	<cim:TopologicalNode.equivalent>FALSE</cim:TopologicalNode.equivalent>
	<cim:TopologicalNodeSubstation.name></cim:TopologicalNodeSubstation.name>
	<cim:TopologicalNode.NodeCode>Node 16</cim:TopologicalNode.NodeCode>
	<cim:TopologicalNode.BaseVoltage rdf:resource="#_89ca00be093542a18cd1abdeaa114e6c"/>
	<cim:TopologicalNode.ConnectivityNodeContainer rdf:resource="#_b02ab372aa9f42b1aec369211ec9ec06"/>
	<cim:TopologicalNode.ControlArea rdf:resource="#_325234806db64c0db14f947833b99b09"/>
	<cim:TopologicalNode.TopologicalIsland rdf:resource="#_38cc598651a94473af7c76e9217c1973"/>
</cim:TopologicalNode>
<cim:TopologicalNode rdf:ID="_5767235b7c084fdc99ef0ca361f776e1">
	<cim:Node.UniqueNumber>28</cim:Node.UniqueNumber>
	<cim:IdentifiedObject.name>Node 17</cim:IdentifiedObject.name>
	<cim:IdentifiedObject.description>Node 17</cim:IdentifiedObject.description>
	<cim:TopologicalNode.equivalent>FALSE</cim:TopologicalNode.equivalent>
	<cim:TopologicalNodeSubstation.name></cim:TopologicalNodeSubstation.name>
	<cim:TopologicalNode.NodeCode>Node 17</cim:TopologicalNode.NodeCode>
	<cim:TopologicalNode.BaseVoltage rdf:resource="#_89ca00be093542a18cd1abdeaa114e6c"/>
	<cim:TopologicalNode.ConnectivityNodeContainer rdf:resource="#_321590727dad4ec3a7aef10484b94ed0"/>
	<cim:TopologicalNode.ControlArea rdf:resource="#_325234806db64c0db14f947833b99b09"/>
	<cim:TopologicalNode.TopologicalIsland rdf:resource="#_38cc598651a94473af7c76e9217c1973"/>
</cim:TopologicalNode>
<cim:TopologicalNode rdf:ID="_3587a13a223e4208a5a14e541468436a">
	<cim:Node.UniqueNumber>29</cim:Node.UniqueNumber>
	<cim:IdentifiedObject.name>Node 18</cim:IdentifiedObject.name>
	<cim:IdentifiedObject.description>Node 18</cim:IdentifiedObject.description>
	<cim:TopologicalNode.equivalent>FALSE</cim:TopologicalNode.equivalent>
	<cim:TopologicalNodeSubstation.name></cim:TopologicalNodeSubstation.name>
	<cim:TopologicalNode.NodeCode>Node 18</cim:TopologicalNode.NodeCode>
	<cim:TopologicalNode.BaseVoltage rdf:resource="#_89ca00be093542a18cd1abdeaa114e6c"/>
	<cim:TopologicalNode.ConnectivityNodeContainer rdf:resource="#_0e54c98a2a9c4254972b8bb5d8291cf3"/>
	<cim:TopologicalNode.ControlArea rdf:resource="#_325234806db64c0db14f947833b99b09"/>
	<cim:TopologicalNode.TopologicalIsland rdf:resource="#_38cc598651a94473af7c76e9217c1973"/>
</cim:TopologicalNode>
<cim:TopologicalNode rdf:ID="_018e351718464e5fb508fb36997af5f6">
	<cim:Node.UniqueNumber>30</cim:Node.UniqueNumber>
	<cim:IdentifiedObject.name>Node 19</cim:IdentifiedObject.name>
	<cim:IdentifiedObject.description>Node 19</cim:IdentifiedObject.description>
	<cim:TopologicalNode.equivalent>FALSE</cim:TopologicalNode.equivalent>
	<cim:TopologicalNodeSubstation.name></cim:TopologicalNodeSubstation.name>
	<cim:TopologicalNode.NodeCode>Node 19</cim:TopologicalNode.NodeCode>
	<cim:TopologicalNode.BaseVoltage rdf:resource="#_fb425cbac1c944dd82155177c0e05237"/>
	<cim:TopologicalNode.ConnectivityNodeContainer rdf:resource="#_1013a7f00f814960a94ec588ff31f651"/>
	<cim:TopologicalNode.ControlArea rdf:resource="#_325234806db64c0db14f947833b99b09"/>
	<cim:TopologicalNode.TopologicalIsland rdf:resource="#_38cc598651a94473af7c76e9217c1973"/>
</cim:TopologicalNode>
<cim:TopologicalNode rdf:ID="_b9cdd3d9387c4e3dae4ea58ce287a09d">
	<cim:Node.UniqueNumber>31</cim:Node.UniqueNumber>
	<cim:IdentifiedObject.name>Node 20</cim:IdentifiedObject.name>
	<cim:IdentifiedObject.description>Node 20</cim:IdentifiedObject.description>
	<cim:TopologicalNode.equivalent>FALSE</cim:TopologicalNode.equivalent>
	<cim:TopologicalNodeSubstation.name></cim:TopologicalNodeSubstation.name>
	<cim:TopologicalNode.NodeCode>Node 20</cim:TopologicalNode.NodeCode>
	<cim:TopologicalNode.BaseVoltage rdf:resource="#_17ff8cc85c3b430e9074f5b0f2c6dc06"/>
	<cim:TopologicalNode.ConnectivityNodeContainer rdf:resource="#_0b8cf448bdb64309b5d25744b1ede6a7"/>
	<cim:TopologicalNode.ControlArea rdf:resource="#_325234806db64c0db14f947833b99b09"/>
	<cim:TopologicalNode.TopologicalIsland rdf:resource="#_38cc598651a94473af7c76e9217c1973"/>
</cim:TopologicalNode>
<cim:TopologicalNode rdf:ID="_b2a306d06daa43f581f02b4ece40d349">
	<cim:Node.UniqueNumber>32</cim:Node.UniqueNumber>
	<cim:IdentifiedObject.name>Node 10 - 10 kV</cim:IdentifiedObject.name>
	<cim:IdentifiedObject.description>Node 10 - 10 kV</cim:IdentifiedObject.description>
	<cim:TopologicalNode.equivalent>FALSE</cim:TopologicalNode.equivalent>
	<cim:TopologicalNodeSubstation.name></cim:TopologicalNodeSubstation.name>
	<cim:TopologicalNode.NodeCode>Node10_1</cim:TopologicalNode.NodeCode>
	<cim:TopologicalNode.BaseVoltage rdf:resource="#_fb425cbac1c944dd82155177c0e05237"/>
	<cim:TopologicalNode.ConnectivityNodeContainer rdf:resource="#_b5fb5bb798034d37b6da989775e252ae"/>
	<cim:TopologicalNode.ControlArea rdf:resource="#_325234806db64c0db14f947833b99b09"/>
	<cim:TopologicalNode.TopologicalIsland rdf:resource="#_38cc598651a94473af7c76e9217c1973"/>
</cim:TopologicalNode>
<cim:TopologicalNode rdf:ID="_dcd47742b3d14436ba8e4bac0354a1a9">
	<cim:Node.UniqueNumber>33</cim:Node.UniqueNumber>
	<cim:IdentifiedObject.name>Node 21</cim:IdentifiedObject.name>
	<cim:IdentifiedObject.description>Node 21</cim:IdentifiedObject.description>
	<cim:TopologicalNode.equivalent>FALSE</cim:TopologicalNode.equivalent>
	<cim:TopologicalNodeSubstation.name></cim:TopologicalNodeSubstation.name>
	<cim:TopologicalNode.NodeCode>Node 21</cim:TopologicalNode.NodeCode>
	<cim:TopologicalNode.BaseVoltage rdf:resource="#_89ca00be093542a18cd1abdeaa114e6c"/>
	<cim:TopologicalNode.ConnectivityNodeContainer rdf:resource="#_f28bf2dfc53e4ba09fd30d581b4b6c2f"/>
	<cim:TopologicalNode.ControlArea rdf:resource="#_325234806db64c0db14f947833b99b09"/>
	<cim:TopologicalNode.TopologicalIsland rdf:resource="#_38cc598651a94473af7c76e9217c1973"/>
</cim:TopologicalNode>
<cim:TopologicalNode rdf:ID="_e4a517116c1a42108797c1dc133b8886">
	<cim:Node.UniqueNumber>34</cim:Node.UniqueNumber>
	<cim:IdentifiedObject.name>G1</cim:IdentifiedObject.name>
	<cim:IdentifiedObject.description>G1</cim:IdentifiedObject.description>
	<cim:TopologicalNode.equivalent>FALSE</cim:TopologicalNode.equivalent>
	<cim:TopologicalNodeSubstation.name></cim:TopologicalNodeSubstation.name>
	<cim:TopologicalNode.NodeCode>Node21G1</cim:TopologicalNode.NodeCode>
	<cim:TopologicalNode.BaseVoltage rdf:resource="#_d3dc1f6ebec24d138e5f47d6d5c60777"/>
	<cim:TopologicalNode.ConnectivityNodeContainer rdf:resource="#_08cb29b852aa4c3db45c17aedbade0ca"/>
	<cim:TopologicalNode.ControlArea rdf:resource="#_325234806db64c0db14f947833b99b09"/>
	<cim:TopologicalNode.TopologicalIsland rdf:resource="#_38cc598651a94473af7c76e9217c1973"/>
</cim:TopologicalNode>
<cim:TopologicalNode rdf:ID="_c27d8d9c28dd4ed880b644941129c5b4">
	<cim:Node.UniqueNumber>35</cim:Node.UniqueNumber>
	<cim:IdentifiedObject.name>G2</cim:IdentifiedObject.name>
	<cim:IdentifiedObject.description>G2</cim:IdentifiedObject.description>
	<cim:TopologicalNode.equivalent>FALSE</cim:TopologicalNode.equivalent>
	<cim:TopologicalNodeSubstation.name></cim:TopologicalNodeSubstation.name>
	<cim:TopologicalNode.NodeCode>Node21G2</cim:TopologicalNode.NodeCode>
	<cim:TopologicalNode.BaseVoltage rdf:resource="#_d3dc1f6ebec24d138e5f47d6d5c60777"/>
	<cim:TopologicalNode.ConnectivityNodeContainer rdf:resource="#_83b41233a6024ad8a4102114715bf1ac"/>
	<cim:TopologicalNode.ControlArea rdf:resource="#_325234806db64c0db14f947833b99b09"/>
	<cim:TopologicalNode.TopologicalIsland rdf:resource="#_38cc598651a94473af7c76e9217c1973"/>
</cim:TopologicalNode>
<cim:TopologicalNode rdf:ID="_3344d52d1d1c47eca5d1af6557321bb3">
	<cim:Node.UniqueNumber>36</cim:Node.UniqueNumber>
	<cim:IdentifiedObject.name>G3</cim:IdentifiedObject.name>
	<cim:IdentifiedObject.description>G3</cim:IdentifiedObject.description>
	<cim:TopologicalNode.equivalent>FALSE</cim:TopologicalNode.equivalent>
	<cim:TopologicalNodeSubstation.name></cim:TopologicalNodeSubstation.name>
	<cim:TopologicalNode.NodeCode>Node21G3</cim:TopologicalNode.NodeCode>
	<cim:TopologicalNode.BaseVoltage rdf:resource="#_d3dc1f6ebec24d138e5f47d6d5c60777"/>
	<cim:TopologicalNode.ConnectivityNodeContainer rdf:resource="#_c8380b2f7cfb426d92921cbc0e7d2ef4"/>
	<cim:TopologicalNode.ControlArea rdf:resource="#_325234806db64c0db14f947833b99b09"/>
	<cim:TopologicalNode.TopologicalIsland rdf:resource="#_38cc598651a94473af7c76e9217c1973"/>
</cim:TopologicalNode>
<cim:TopologicalNode rdf:ID="_b913900253184aedac5a7e867540d6f0">
	<cim:Node.UniqueNumber>37</cim:Node.UniqueNumber>
	<cim:IdentifiedObject.name>Node 22</cim:IdentifiedObject.name>
	<cim:IdentifiedObject.description>Node 22</cim:IdentifiedObject.description>
	<cim:TopologicalNode.equivalent>FALSE</cim:TopologicalNode.equivalent>
	<cim:TopologicalNodeSubstation.name></cim:TopologicalNodeSubstation.name>
	<cim:TopologicalNode.NodeCode>Node 22</cim:TopologicalNode.NodeCode>
	<cim:TopologicalNode.BaseVoltage rdf:resource="#_89ca00be093542a18cd1abdeaa114e6c"/>
	<cim:TopologicalNode.ConnectivityNodeContainer rdf:resource="#_1ad40029ccb240568a8592ed692f2063"/>
	<cim:TopologicalNode.ControlArea rdf:resource="#_325234806db64c0db14f947833b99b09"/>
	<cim:TopologicalNode.TopologicalIsland rdf:resource="#_38cc598651a94473af7c76e9217c1973"/>
</cim:TopologicalNode>
<cim:TopologicalNode rdf:ID="_f1e5d0c9dd3e49099afac0ef2dc4bc66">
	<cim:Node.UniqueNumber>38</cim:Node.UniqueNumber>
	<cim:IdentifiedObject.name>Node 23</cim:IdentifiedObject.name>
	<cim:IdentifiedObject.description>Node 23</cim:IdentifiedObject.description>
	<cim:TopologicalNode.equivalent>FALSE</cim:TopologicalNode.equivalent>
	<cim:TopologicalNodeSubstation.name></cim:TopologicalNodeSubstation.name>
	<cim:TopologicalNode.NodeCode>Node 23</cim:TopologicalNode.NodeCode>
	<cim:TopologicalNode.BaseVoltage rdf:resource="#_89ca00be093542a18cd1abdeaa114e6c"/>
	<cim:TopologicalNode.ConnectivityNodeContainer rdf:resource="#_e0192e447d834248b6153f0cb68b60b6"/>
	<cim:TopologicalNode.ControlArea rdf:resource="#_325234806db64c0db14f947833b99b09"/>
	<cim:TopologicalNode.TopologicalIsland rdf:resource="#_38cc598651a94473af7c76e9217c1973"/>
</cim:TopologicalNode>
<cim:TopologicalNode rdf:ID="_5785b18f10f545768bda15eeb2fb8b87">
	<cim:Node.UniqueNumber>39</cim:Node.UniqueNumber>
	<cim:IdentifiedObject.name>Node 24</cim:IdentifiedObject.name>
	<cim:IdentifiedObject.description>Node 24</cim:IdentifiedObject.description>
	<cim:TopologicalNode.equivalent>FALSE</cim:TopologicalNode.equivalent>
	<cim:TopologicalNodeSubstation.name></cim:TopologicalNodeSubstation.name>
	<cim:TopologicalNode.NodeCode>Node 24</cim:TopologicalNode.NodeCode>
	<cim:TopologicalNode.BaseVoltage rdf:resource="#_89ca00be093542a18cd1abdeaa114e6c"/>
	<cim:TopologicalNode.ConnectivityNodeContainer rdf:resource="#_afe18b7f3d9a4177a3909667abd20e9c"/>
	<cim:TopologicalNode.ControlArea rdf:resource="#_325234806db64c0db14f947833b99b09"/>
	<cim:TopologicalNode.TopologicalIsland rdf:resource="#_38cc598651a94473af7c76e9217c1973"/>
</cim:TopologicalNode>
<cim:Terminal rdf:about="#_ed7a3a7113da4564850c5b1a4d025c57">
	<cim:Terminal.TopologicalNode rdf:resource="#_40861d2a95db4582ae1dc386f5472e89"/>
	<cim:Terminal.connected>TRUE</cim:Terminal.connected>
</cim:Terminal>
<cim:Terminal rdf:about="#_1d240224a067452e99392b134da04d64">
	<cim:Terminal.TopologicalNode rdf:resource="#_ffc25356b15049d4a904e4021b2699bb"/>
	<cim:Terminal.connected>TRUE</cim:Terminal.connected>
</cim:Terminal>
<cim:Terminal rdf:about="#_745c24d766a54edaa99dbc2dfacfaf81">
	<cim:Terminal.TopologicalNode rdf:resource="#_ffc25356b15049d4a904e4021b2699bb"/>
	<cim:Terminal.connected>TRUE</cim:Terminal.connected>
</cim:Terminal>
<cim:Terminal rdf:about="#_9398380e672d4d2cb8ace57c915ec477">
	<cim:Terminal.TopologicalNode rdf:resource="#_79e0360c0e5a411d96b745ed634ad667"/>
	<cim:Terminal.connected>TRUE</cim:Terminal.connected>
</cim:Terminal>
<cim:Terminal rdf:about="#_c554a145a379453fa2bac2fdce6d9fd9">
	<cim:Terminal.TopologicalNode rdf:resource="#_ffc25356b15049d4a904e4021b2699bb"/>
	<cim:Terminal.connected>TRUE</cim:Terminal.connected>
</cim:Terminal>
<cim:Terminal rdf:about="#_8f9a777fc2b847d79a9115447cd8fa1d">
	<cim:Terminal.TopologicalNode rdf:resource="#_79e0360c0e5a411d96b745ed634ad667"/>
	<cim:Terminal.connected>TRUE</cim:Terminal.connected>
</cim:Terminal>
<cim:Terminal rdf:about="#_462a0d96415b42479e02ee4ddc13ef69">
	<cim:Terminal.TopologicalNode rdf:resource="#_79e0360c0e5a411d96b745ed634ad667"/>
	<cim:Terminal.connected>TRUE</cim:Terminal.connected>
</cim:Terminal>
<cim:Terminal rdf:about="#_7282fe3f14eb405c8b206a062bef1d97">
	<cim:Terminal.TopologicalNode rdf:resource="#_026adb81b2b646b783b2b870150b42f6"/>
	<cim:Terminal.connected>TRUE</cim:Terminal.connected>
</cim:Terminal>
<cim:Terminal rdf:about="#_6b7066b152a54a249ee5849183911c48">
	<cim:Terminal.TopologicalNode rdf:resource="#_41978d7a55254f43890efbd3bcb14974"/>
	<cim:Terminal.connected>TRUE</cim:Terminal.connected>
</cim:Terminal>
<cim:Terminal rdf:about="#_1e84152798b54681a8afa6ca7a5305e9">
	<cim:Terminal.TopologicalNode rdf:resource="#_c033044b9f65453c98c2b639d2676fa4"/>
	<cim:Terminal.connected>TRUE</cim:Terminal.connected>
</cim:Terminal>
<cim:Terminal rdf:about="#_9407b6267a75439191b87c4bc901afab">
	<cim:Terminal.TopologicalNode rdf:resource="#_ffc25356b15049d4a904e4021b2699bb"/>
	<cim:Terminal.connected>TRUE</cim:Terminal.connected>
</cim:Terminal>
<cim:Terminal rdf:about="#_0f7bbe75bc7d4a21ad3b1a2f1cd44b15">
	<cim:Terminal.TopologicalNode rdf:resource="#_597383ff185a4661a29d916e23a0b99c"/>
	<cim:Terminal.connected>TRUE</cim:Terminal.connected>
</cim:Terminal>
<cim:Terminal rdf:about="#_16b8377fd5e5445692ca5d898f4368e3">
	<cim:Terminal.TopologicalNode rdf:resource="#_5f529f37a988478288eaee08bd0b90db"/>
	<cim:Terminal.connected>TRUE</cim:Terminal.connected>
</cim:Terminal>
<cim:Terminal rdf:about="#_5fca01be639c438ca8223eafb104c608">
	<cim:Terminal.TopologicalNode rdf:resource="#_9a9e2c09bd2843b8ae9e365fb53f48fb"/>
	<cim:Terminal.connected>TRUE</cim:Terminal.connected>
</cim:Terminal>
<cim:Terminal rdf:about="#_9806c093cf7249ab87e50375bf306341">
	<cim:Terminal.TopologicalNode rdf:resource="#_9a9e2c09bd2843b8ae9e365fb53f48fb"/>
	<cim:Terminal.connected>TRUE</cim:Terminal.connected>
</cim:Terminal>
<cim:Terminal rdf:about="#_81dd387e5519482a96da87b4e87d53f1">
	<cim:Terminal.TopologicalNode rdf:resource="#_41978d7a55254f43890efbd3bcb14974"/>
	<cim:Terminal.connected>TRUE</cim:Terminal.connected>
</cim:Terminal>
<cim:Terminal rdf:about="#_4b7490350f2b4f2ca1a108e3d53531ed">
	<cim:Terminal.TopologicalNode rdf:resource="#_c033044b9f65453c98c2b639d2676fa4"/>
	<cim:Terminal.connected>TRUE</cim:Terminal.connected>
</cim:Terminal>
<cim:Terminal rdf:about="#_413d5b16adf247bb8813a25e3d7ec14b">
	<cim:Terminal.TopologicalNode rdf:resource="#_697fdaffdb754648861edcf7629cd384"/>
	<cim:Terminal.connected>TRUE</cim:Terminal.connected>
</cim:Terminal>
<cim:Terminal rdf:about="#_c123b2bc12874ee3b6ceb167f8593e5d">
	<cim:Terminal.TopologicalNode rdf:resource="#_9a9e2c09bd2843b8ae9e365fb53f48fb"/>
	<cim:Terminal.connected>TRUE</cim:Terminal.connected>
</cim:Terminal>
<cim:Terminal rdf:about="#_22e4310ac6d04dd791ab9db3dae33ec6">
	<cim:Terminal.TopologicalNode rdf:resource="#_dca9554a3aaa4454b563846861786637"/>
	<cim:Terminal.connected>TRUE</cim:Terminal.connected>
</cim:Terminal>
<cim:Terminal rdf:about="#_fa73eef6ee4c4644b365c174a830c229">
	<cim:Terminal.TopologicalNode rdf:resource="#_07a8abf075734eb9bd080c85851d9d6b"/>
	<cim:Terminal.connected>TRUE</cim:Terminal.connected>
</cim:Terminal>
<cim:Terminal rdf:about="#_ecdc924e13724a049648b0e5b45e1060">
	<cim:Terminal.TopologicalNode rdf:resource="#_cb45de8b5d484d3fa4f512817bfdf3ba"/>
	<cim:Terminal.connected>TRUE</cim:Terminal.connected>
</cim:Terminal>
<cim:Terminal rdf:about="#_6c61a9fabed549dd9aa52e7cd3ee01d3">
	<cim:Terminal.TopologicalNode rdf:resource="#_30dc1e43532b4429a14950059c22da0a"/>
	<cim:Terminal.connected>TRUE</cim:Terminal.connected>
</cim:Terminal>
<cim:Terminal rdf:about="#_83faeaa4a532463ea96807c8b90c07c9">
	<cim:Terminal.TopologicalNode rdf:resource="#_cb45de8b5d484d3fa4f512817bfdf3ba"/>
	<cim:Terminal.connected>TRUE</cim:Terminal.connected>
</cim:Terminal>
<cim:Terminal rdf:about="#_4b206455587f43999bdeefc74f7221a3">
	<cim:Terminal.TopologicalNode rdf:resource="#_30dc1e43532b4429a14950059c22da0a"/>
	<cim:Terminal.connected>TRUE</cim:Terminal.connected>
</cim:Terminal>
<cim:Terminal rdf:about="#_a8037dd28e8d4379a660e95581f84226">
	<cim:Terminal.TopologicalNode rdf:resource="#_17a47ed16c664b38b5b54bbcd5d9f27d"/>
	<cim:Terminal.connected>TRUE</cim:Terminal.connected>
</cim:Terminal>
<cim:Terminal rdf:about="#_8fe9a69ad3d0494abaa5a9a53b2930fa">
	<cim:Terminal.TopologicalNode rdf:resource="#_5f27e08d803546b8aa3c3d3abbea204b"/>
	<cim:Terminal.connected>TRUE</cim:Terminal.connected>
</cim:Terminal>
<cim:Terminal rdf:about="#_b2b755be0b1f4839b77279519e4150de">
	<cim:Terminal.TopologicalNode rdf:resource="#_dca9554a3aaa4454b563846861786637"/>
	<cim:Terminal.connected>TRUE</cim:Terminal.connected>
</cim:Terminal>
<cim:Terminal rdf:about="#_c35d6d8b8f094b88b2ccb85316fe6ac2">
	<cim:Terminal.TopologicalNode rdf:resource="#_93723620d88a41f08d0c579b1ab4b336"/>
	<cim:Terminal.connected>TRUE</cim:Terminal.connected>
</cim:Terminal>
<cim:Terminal rdf:about="#_fa5c7759c98b4f45a918cb1b24e6a5c6">
	<cim:Terminal.TopologicalNode rdf:resource="#_6e1f64250e0c46bdb096433195bdc920"/>
	<cim:Terminal.connected>TRUE</cim:Terminal.connected>
</cim:Terminal>
<cim:Terminal rdf:about="#_50ea33143f09447aa27b42e1c81ac429">
	<cim:Terminal.TopologicalNode rdf:resource="#_93723620d88a41f08d0c579b1ab4b336"/>
	<cim:Terminal.connected>TRUE</cim:Terminal.connected>
</cim:Terminal>
<cim:Terminal rdf:about="#_d1474604726c41b59a2519bc45539894">
	<cim:Terminal.TopologicalNode rdf:resource="#_0fb820db4a344d899a85ea96c93826ac"/>
	<cim:Terminal.connected>TRUE</cim:Terminal.connected>
</cim:Terminal>
<cim:Terminal rdf:about="#_0b54f0e8ce6a47b18f2a5bb6dbe69c55">
	<cim:Terminal.TopologicalNode rdf:resource="#_93723620d88a41f08d0c579b1ab4b336"/>
	<cim:Terminal.connected>TRUE</cim:Terminal.connected>
</cim:Terminal>
<cim:Terminal rdf:about="#_fb71ffdc001f4fa5a4fe9c05993916b5">
	<cim:Terminal.TopologicalNode rdf:resource="#_3143403984044a3587bd6b52e9ee4ac5"/>
	<cim:Terminal.connected>TRUE</cim:Terminal.connected>
</cim:Terminal>
<cim:Terminal rdf:about="#_e57c4b7589b94e5c9706e8a3dde9ee64">
	<cim:Terminal.TopologicalNode rdf:resource="#_9a9e2c09bd2843b8ae9e365fb53f48fb"/>
	<cim:Terminal.connected>TRUE</cim:Terminal.connected>
</cim:Terminal>
<cim:Terminal rdf:about="#_eb04abea975b4ab7a565e0ca8ed2f2dd">
	<cim:Terminal.TopologicalNode rdf:resource="#_facb4255a2124bc8a5c173764492137c"/>
	<cim:Terminal.connected>TRUE</cim:Terminal.connected>
</cim:Terminal>
<cim:Terminal rdf:about="#_e2b8c812b74d420eb4b7ba50640650fd">
	<cim:Terminal.TopologicalNode rdf:resource="#_5767235b7c084fdc99ef0ca361f776e1"/>
	<cim:Terminal.connected>TRUE</cim:Terminal.connected>
</cim:Terminal>
<cim:Terminal rdf:about="#_5ec544deace84652bda5865075ecaf7e">
	<cim:Terminal.TopologicalNode rdf:resource="#_facb4255a2124bc8a5c173764492137c"/>
	<cim:Terminal.connected>TRUE</cim:Terminal.connected>
</cim:Terminal>
<cim:Terminal rdf:about="#_6b0d5e885b154e3bb3f5f91302cc2a0d">
	<cim:Terminal.TopologicalNode rdf:resource="#_dca9554a3aaa4454b563846861786637"/>
	<cim:Terminal.connected>TRUE</cim:Terminal.connected>
</cim:Terminal>
<cim:Terminal rdf:about="#_1bd291b4665548b8b70e2e770e7ddf13">
	<cim:Terminal.TopologicalNode rdf:resource="#_3587a13a223e4208a5a14e541468436a"/>
	<cim:Terminal.connected>TRUE</cim:Terminal.connected>
</cim:Terminal>
<cim:Terminal rdf:about="#_e22bc16d5fdb42539426f60aad830abf">
	<cim:Terminal.TopologicalNode rdf:resource="#_b2a306d06daa43f581f02b4ece40d349"/>
	<cim:Terminal.connected>TRUE</cim:Terminal.connected>
</cim:Terminal>
<cim:Terminal rdf:about="#_ac727ee93d094fec81bf4d74e1e22240">
	<cim:Terminal.TopologicalNode rdf:resource="#_17a47ed16c664b38b5b54bbcd5d9f27d"/>
	<cim:Terminal.connected>TRUE</cim:Terminal.connected>
</cim:Terminal>
<cim:Terminal rdf:about="#_aea69513af3c4ff78a03b78ac1a3c899">
	<cim:Terminal.TopologicalNode rdf:resource="#_3587a13a223e4208a5a14e541468436a"/>
	<cim:Terminal.connected>TRUE</cim:Terminal.connected>
</cim:Terminal>
<cim:Terminal rdf:about="#_3cd37a4a4db748d2b05dcf1eb9e56d0f">
	<cim:Terminal.TopologicalNode rdf:resource="#_dcd47742b3d14436ba8e4bac0354a1a9"/>
	<cim:Terminal.connected>TRUE</cim:Terminal.connected>
</cim:Terminal>
<cim:Terminal rdf:about="#_79f1d8d410d846e3b1ad7ca755fcf035">
	<cim:Terminal.TopologicalNode rdf:resource="#_c033044b9f65453c98c2b639d2676fa4"/>
	<cim:Terminal.connected>TRUE</cim:Terminal.connected>
</cim:Terminal>
<cim:Terminal rdf:about="#_5dba37d06437430eb49cae4fbb59737c">
	<cim:Terminal.TopologicalNode rdf:resource="#_dcd47742b3d14436ba8e4bac0354a1a9"/>
	<cim:Terminal.connected>TRUE</cim:Terminal.connected>
</cim:Terminal>
<cim:Terminal rdf:about="#_e88c4febd40b41348ec254df4cb9a48d">
	<cim:Terminal.TopologicalNode rdf:resource="#_5767235b7c084fdc99ef0ca361f776e1"/>
	<cim:Terminal.connected>TRUE</cim:Terminal.connected>
</cim:Terminal>
<cim:Terminal rdf:about="#_21e70009c6cb427ca12bcbbd7b57c7a3">
	<cim:Terminal.TopologicalNode rdf:resource="#_b913900253184aedac5a7e867540d6f0"/>
	<cim:Terminal.connected>TRUE</cim:Terminal.connected>
</cim:Terminal>
<cim:Terminal rdf:about="#_faf2c162fa764bdc89f4a594b92e3803">
	<cim:Terminal.TopologicalNode rdf:resource="#_f1e5d0c9dd3e49099afac0ef2dc4bc66"/>
	<cim:Terminal.connected>TRUE</cim:Terminal.connected>
</cim:Terminal>
<cim:Terminal rdf:about="#_177f036ee49f4cc2af7c5194771915b8">
	<cim:Terminal.TopologicalNode rdf:resource="#_b913900253184aedac5a7e867540d6f0"/>
	<cim:Terminal.connected>TRUE</cim:Terminal.connected>
</cim:Terminal>
<cim:Terminal rdf:about="#_98e35514b3f54f3ebc8f092a3c4b9769">
	<cim:Terminal.TopologicalNode rdf:resource="#_f1e5d0c9dd3e49099afac0ef2dc4bc66"/>
	<cim:Terminal.connected>TRUE</cim:Terminal.connected>
</cim:Terminal>
<cim:Terminal rdf:about="#_3fa8506e6d254ea598daa8b554bbf65d">
	<cim:Terminal.TopologicalNode rdf:resource="#_5785b18f10f545768bda15eeb2fb8b87"/>
	<cim:Terminal.connected>TRUE</cim:Terminal.connected>
</cim:Terminal>
<cim:Terminal rdf:about="#_f45337e9bff649b1a0684bec58221d9d">
	<cim:Terminal.TopologicalNode rdf:resource="#_dcd47742b3d14436ba8e4bac0354a1a9"/>
	<cim:Terminal.connected>TRUE</cim:Terminal.connected>
</cim:Terminal>
<cim:Terminal rdf:about="#_a9d022fdb7c4496f831b4c9a49c9c52d">
	<cim:Terminal.TopologicalNode rdf:resource="#_5785b18f10f545768bda15eeb2fb8b87"/>
	<cim:Terminal.connected>TRUE</cim:Terminal.connected>
</cim:Terminal>
<cim:Terminal rdf:about="#_054b813c90cb466cab9ccc8903b859ca">
	<cim:Terminal.connected>TRUE</cim:Terminal.connected>
	<cim:Terminal.TopologicalNode rdf:resource="#_79e0360c0e5a411d96b745ed634ad667"/>
</cim:Terminal>
<cim:Terminal rdf:about="#_b0cf726cc95246ff82fbd3bd109e36f3">
	<cim:Terminal.connected>TRUE</cim:Terminal.connected>
	<cim:Terminal.TopologicalNode rdf:resource="#_41978d7a55254f43890efbd3bcb14974"/>
</cim:Terminal>
<cim:Terminal rdf:about="#_436dc2139d7848798139e1aa37a8db7a">
	<cim:Terminal.connected>TRUE</cim:Terminal.connected>
	<cim:Terminal.TopologicalNode rdf:resource="#_5f529f37a988478288eaee08bd0b90db"/>
</cim:Terminal>
<cim:Terminal rdf:about="#_fb144d4f763b4db6b30167e39fb09735">
	<cim:Terminal.connected>TRUE</cim:Terminal.connected>
	<cim:Terminal.TopologicalNode rdf:resource="#_9a9e2c09bd2843b8ae9e365fb53f48fb"/>
</cim:Terminal>
<cim:Terminal rdf:about="#_698620af023b41c69f799bc152c34733">
	<cim:Terminal.connected>TRUE</cim:Terminal.connected>
	<cim:Terminal.TopologicalNode rdf:resource="#_dca9554a3aaa4454b563846861786637"/>
</cim:Terminal>
<cim:Terminal rdf:about="#_e69ec12a97004ac787072def55968650">
	<cim:Terminal.connected>TRUE</cim:Terminal.connected>
	<cim:Terminal.TopologicalNode rdf:resource="#_17a47ed16c664b38b5b54bbcd5d9f27d"/>
</cim:Terminal>
<cim:Terminal rdf:about="#_82ed8dba95a14ed5b1be748ac300455f">
	<cim:Terminal.connected>TRUE</cim:Terminal.connected>
	<cim:Terminal.TopologicalNode rdf:resource="#_5f27e08d803546b8aa3c3d3abbea204b"/>
</cim:Terminal>
<cim:Terminal rdf:about="#_40d7463c7e4c45518414f686e16ce51d">
	<cim:Terminal.connected>TRUE</cim:Terminal.connected>
	<cim:Terminal.TopologicalNode rdf:resource="#_facb4255a2124bc8a5c173764492137c"/>
</cim:Terminal>
<cim:Terminal rdf:about="#_377ef21adff74ebe9625514fea2e26b2">
	<cim:Terminal.connected>TRUE</cim:Terminal.connected>
	<cim:Terminal.TopologicalNode rdf:resource="#_5767235b7c084fdc99ef0ca361f776e1"/>
</cim:Terminal>
<cim:Terminal rdf:about="#_ca219ba6696d4532b072a21f9d67ad63">
	<cim:Terminal.connected>TRUE</cim:Terminal.connected>
	<cim:Terminal.TopologicalNode rdf:resource="#_3587a13a223e4208a5a14e541468436a"/>
</cim:Terminal>
<cim:Terminal rdf:about="#_79f50703af57461a89aaa2b74c314861">
	<cim:Terminal.connected>TRUE</cim:Terminal.connected>
	<cim:Terminal.TopologicalNode rdf:resource="#_018e351718464e5fb508fb36997af5f6"/>
</cim:Terminal>
<cim:Terminal rdf:about="#_26276bb210eb40109b6e6ebf6b1a62a8">
	<cim:Terminal.connected>TRUE</cim:Terminal.connected>
	<cim:Terminal.TopologicalNode rdf:resource="#_b913900253184aedac5a7e867540d6f0"/>
</cim:Terminal>
<cim:Terminal rdf:about="#_8848a03103c54fde85d065baf6aa2e59">
	<cim:Terminal.connected>TRUE</cim:Terminal.connected>
	<cim:Terminal.TopologicalNode rdf:resource="#_f1e5d0c9dd3e49099afac0ef2dc4bc66"/>
</cim:Terminal>
<cim:Terminal rdf:about="#_b124f86993e547808bf680e08b258133">
	<cim:Terminal.connected>TRUE</cim:Terminal.connected>
	<cim:Terminal.TopologicalNode rdf:resource="#_5785b18f10f545768bda15eeb2fb8b87"/>
</cim:Terminal>
<cim:Terminal rdf:about="#_7ce235329c3c4cf79a09a57c3a1f852b">
	<cim:Terminal.connected>TRUE</cim:Terminal.connected>
	<cim:Terminal.TopologicalNode rdf:resource="#_ffc25356b15049d4a904e4021b2699bb"/>
</cim:Terminal>
<cim:Terminal rdf:about="#_40d8190f52c0441d8844d1d6abb05dd8">
	<cim:Terminal.connected>TRUE</cim:Terminal.connected>
	<cim:Terminal.TopologicalNode rdf:resource="#_9e9eeb66735c4532a6146e9ebc3e530e"/>
</cim:Terminal>
<cim:Terminal rdf:about="#_0153da6d670149d985e647aefc7b4919">
	<cim:Terminal.connected>TRUE</cim:Terminal.connected>
	<cim:Terminal.TopologicalNode rdf:resource="#_f2c37976a60f4f99bd7f29cff28364d9"/>
</cim:Terminal>
<cim:Terminal rdf:about="#_0941ae5de0674803999b39e328e3a1c3">
	<cim:Terminal.connected>TRUE</cim:Terminal.connected>
	<cim:Terminal.TopologicalNode rdf:resource="#_026adb81b2b646b783b2b870150b42f6"/>
</cim:Terminal>
<cim:Terminal rdf:about="#_0af34644f0b748b58e7776dcf93c179d">
	<cim:Terminal.connected>TRUE</cim:Terminal.connected>
	<cim:Terminal.TopologicalNode rdf:resource="#_41978d7a55254f43890efbd3bcb14974"/>
</cim:Terminal>
<cim:Terminal rdf:about="#_11ff01ac3c60412bb2be1eed5a36e350">
	<cim:Terminal.connected>TRUE</cim:Terminal.connected>
	<cim:Terminal.TopologicalNode rdf:resource="#_c033044b9f65453c98c2b639d2676fa4"/>
</cim:Terminal>
<cim:Terminal rdf:about="#_ab3b540efe614fd3b42028077b743f7f">
	<cim:Terminal.connected>TRUE</cim:Terminal.connected>
	<cim:Terminal.TopologicalNode rdf:resource="#_2dddcdf84fc042e4a7a6ab65643f1d8f"/>
</cim:Terminal>
<cim:Terminal rdf:about="#_37613fa923364a05aaa0ed25de69a8b8">
	<cim:Terminal.connected>TRUE</cim:Terminal.connected>
	<cim:Terminal.TopologicalNode rdf:resource="#_c033044b9f65453c98c2b639d2676fa4"/>
</cim:Terminal>
<cim:Terminal rdf:about="#_586eafa089674957a539d9505a320f02">
	<cim:Terminal.connected>TRUE</cim:Terminal.connected>
	<cim:Terminal.TopologicalNode rdf:resource="#_07a8abf075734eb9bd080c85851d9d6b"/>
</cim:Terminal>
<cim:Terminal rdf:about="#_f9c3c98f317c493cb9d9dc3a94526643">
	<cim:Terminal.connected>TRUE</cim:Terminal.connected>
	<cim:Terminal.TopologicalNode rdf:resource="#_c033044b9f65453c98c2b639d2676fa4"/>
</cim:Terminal>
<cim:Terminal rdf:about="#_ad7ae1e824724c369638d5644ed84bab">
	<cim:Terminal.connected>TRUE</cim:Terminal.connected>
	<cim:Terminal.TopologicalNode rdf:resource="#_07a8abf075734eb9bd080c85851d9d6b"/>
</cim:Terminal>
<cim:Terminal rdf:about="#_e0db83e4e7a843fc991dd7e5a125a295">
	<cim:Terminal.connected>TRUE</cim:Terminal.connected>
	<cim:Terminal.TopologicalNode rdf:resource="#_597383ff185a4661a29d916e23a0b99c"/>
</cim:Terminal>
<cim:Terminal rdf:about="#_848eb39a52874a9bacc6978fc0d69cdd">
	<cim:Terminal.connected>TRUE</cim:Terminal.connected>
	<cim:Terminal.TopologicalNode rdf:resource="#_5f529f37a988478288eaee08bd0b90db"/>
</cim:Terminal>
<cim:Terminal rdf:about="#_13d40bdcb7b947989e4aa2b169159c5d">
	<cim:Terminal.connected>TRUE</cim:Terminal.connected>
	<cim:Terminal.TopologicalNode rdf:resource="#_597383ff185a4661a29d916e23a0b99c"/>
</cim:Terminal>
<cim:Terminal rdf:about="#_662d7ff37d154ad9b0de1e934395ece0">
	<cim:Terminal.connected>TRUE</cim:Terminal.connected>
	<cim:Terminal.TopologicalNode rdf:resource="#_5f529f37a988478288eaee08bd0b90db"/>
</cim:Terminal>
<cim:Terminal rdf:about="#_830dfb0138034239a05afa6b67e96a4e">
	<cim:Terminal.connected>TRUE</cim:Terminal.connected>
	<cim:Terminal.TopologicalNode rdf:resource="#_697fdaffdb754648861edcf7629cd384"/>
</cim:Terminal>
<cim:Terminal rdf:about="#_21b8648b7e42438c8a7d4a4fbb7dde0e">
	<cim:Terminal.connected>TRUE</cim:Terminal.connected>
	<cim:Terminal.TopologicalNode rdf:resource="#_396390400afc4694b0138d9e9b4fa606"/>
</cim:Terminal>
<cim:Terminal rdf:about="#_f505ff2e5b0944f38e96e7e987180b59">
	<cim:Terminal.connected>TRUE</cim:Terminal.connected>
	<cim:Terminal.TopologicalNode rdf:resource="#_41978d7a55254f43890efbd3bcb14974"/>
</cim:Terminal>
<cim:Terminal rdf:about="#_f6a90f21d85947e9b68b9fa4895d9c39">
	<cim:Terminal.connected>TRUE</cim:Terminal.connected>
	<cim:Terminal.TopologicalNode rdf:resource="#_93723620d88a41f08d0c579b1ab4b336"/>
</cim:Terminal>
<cim:Terminal rdf:about="#_a4ea5aab01df4934a20b6b66f7d459cc">
	<cim:Terminal.connected>TRUE</cim:Terminal.connected>
	<cim:Terminal.TopologicalNode rdf:resource="#_6e1f64250e0c46bdb096433195bdc920"/>
</cim:Terminal>
<cim:Terminal rdf:about="#_03d5853805274741bce71c8c81a502d2">
	<cim:Terminal.connected>TRUE</cim:Terminal.connected>
	<cim:Terminal.TopologicalNode rdf:resource="#_20fbe45075784bf38b1cfd404ae04a78"/>
</cim:Terminal>
<cim:Terminal rdf:about="#_0c82112ea7354e41b78ea654f1a97b47">
	<cim:Terminal.connected>TRUE</cim:Terminal.connected>
	<cim:Terminal.TopologicalNode rdf:resource="#_0fb820db4a344d899a85ea96c93826ac"/>
</cim:Terminal>
<cim:Terminal rdf:about="#_2fc90e1128644bf191e599ea45376dfd">
	<cim:Terminal.connected>TRUE</cim:Terminal.connected>
	<cim:Terminal.TopologicalNode rdf:resource="#_bb1da47ff05d4eacb3334a47db503084"/>
</cim:Terminal>
<cim:Terminal rdf:about="#_f7a4873a282c49f1a987b28084fa6a1a">
	<cim:Terminal.connected>TRUE</cim:Terminal.connected>
	<cim:Terminal.TopologicalNode rdf:resource="#_3143403984044a3587bd6b52e9ee4ac5"/>
</cim:Terminal>
<cim:Terminal rdf:about="#_35ae253c4b7244ceb4be9b58e95d8993">
	<cim:Terminal.connected>TRUE</cim:Terminal.connected>
	<cim:Terminal.TopologicalNode rdf:resource="#_3f776ad3e8504f428fb4b9a9799f3f45"/>
</cim:Terminal>
<cim:Terminal rdf:about="#_81c7b5deba344a04b518faeba094d3c8">
	<cim:Terminal.connected>TRUE</cim:Terminal.connected>
	<cim:Terminal.TopologicalNode rdf:resource="#_41978d7a55254f43890efbd3bcb14974"/>
</cim:Terminal>
<cim:Terminal rdf:about="#_6ccb3872c60b492a8782b1fee2d7c4fd">
	<cim:Terminal.connected>TRUE</cim:Terminal.connected>
	<cim:Terminal.TopologicalNode rdf:resource="#_93723620d88a41f08d0c579b1ab4b336"/>
</cim:Terminal>
<cim:Terminal rdf:about="#_d0a888eb885d49cba86252a923f8d95f">
	<cim:Terminal.connected>TRUE</cim:Terminal.connected>
	<cim:Terminal.TopologicalNode rdf:resource="#_018e351718464e5fb508fb36997af5f6"/>
</cim:Terminal>
<cim:Terminal rdf:about="#_9f48feeed2f44b8893c3ff9399687d21">
	<cim:Terminal.connected>TRUE</cim:Terminal.connected>
	<cim:Terminal.TopologicalNode rdf:resource="#_cb45de8b5d484d3fa4f512817bfdf3ba"/>
</cim:Terminal>
<cim:Terminal rdf:about="#_ce2d06314ace46b98857e1732d163895">
	<cim:Terminal.connected>TRUE</cim:Terminal.connected>
	<cim:Terminal.TopologicalNode rdf:resource="#_b9cdd3d9387c4e3dae4ea58ce287a09d"/>
</cim:Terminal>
<cim:Terminal rdf:about="#_b7ac5ef653654fb98949af3ed05042c5">
	<cim:Terminal.connected>TRUE</cim:Terminal.connected>
	<cim:Terminal.TopologicalNode rdf:resource="#_dca9554a3aaa4454b563846861786637"/>
</cim:Terminal>
<cim:Terminal rdf:about="#_9e77ae1eae4d4175a9a70e90da642da2">
	<cim:Terminal.connected>TRUE</cim:Terminal.connected>
	<cim:Terminal.TopologicalNode rdf:resource="#_b2a306d06daa43f581f02b4ece40d349"/>
</cim:Terminal>
<cim:Terminal rdf:about="#_1b4f6670e66d427abaf759ce30eea316">
	<cim:Terminal.connected>TRUE</cim:Terminal.connected>
	<cim:Terminal.TopologicalNode rdf:resource="#_dcd47742b3d14436ba8e4bac0354a1a9"/>
</cim:Terminal>
<cim:Terminal rdf:about="#_e93e24f2ac05456891c1a3f5fd81fbc9">
	<cim:Terminal.connected>TRUE</cim:Terminal.connected>
	<cim:Terminal.TopologicalNode rdf:resource="#_e4a517116c1a42108797c1dc133b8886"/>
</cim:Terminal>
<cim:Terminal rdf:about="#_1b07af5bcf7c41adab0f17e943a78165">
	<cim:Terminal.connected>TRUE</cim:Terminal.connected>
	<cim:Terminal.TopologicalNode rdf:resource="#_dcd47742b3d14436ba8e4bac0354a1a9"/>
</cim:Terminal>
<cim:Terminal rdf:about="#_b68bc96f1a47423c8e9afca4a2f21ac0">
	<cim:Terminal.connected>TRUE</cim:Terminal.connected>
	<cim:Terminal.TopologicalNode rdf:resource="#_c27d8d9c28dd4ed880b644941129c5b4"/>
</cim:Terminal>
<cim:Terminal rdf:about="#_6cb7316361e4414487cb322e051f2d7a">
	<cim:Terminal.connected>TRUE</cim:Terminal.connected>
	<cim:Terminal.TopologicalNode rdf:resource="#_dcd47742b3d14436ba8e4bac0354a1a9"/>
</cim:Terminal>
<cim:Terminal rdf:about="#_2ffbcd6b83334cb98992a8c1545abbee">
	<cim:Terminal.connected>TRUE</cim:Terminal.connected>
	<cim:Terminal.TopologicalNode rdf:resource="#_3344d52d1d1c47eca5d1af6557321bb3"/>
</cim:Terminal>
<cim:Terminal rdf:about="#_6c5907d0832c455aabedea7eab705bfd">
	<cim:Terminal.TopologicalNode rdf:resource="#_9e9eeb66735c4532a6146e9ebc3e530e"/>
	<cim:Terminal.connected>TRUE</cim:Terminal.connected>
</cim:Terminal>
<cim:Terminal rdf:about="#_d230053399d849d8858ad7b03d3b1370">
	<cim:Terminal.TopologicalNode rdf:resource="#_f2c37976a60f4f99bd7f29cff28364d9"/>
	<cim:Terminal.connected>TRUE</cim:Terminal.connected>
</cim:Terminal>
<cim:Terminal rdf:about="#_3fbcf586ded34666b913111d2463f4d7">
	<cim:Terminal.TopologicalNode rdf:resource="#_2dddcdf84fc042e4a7a6ab65643f1d8f"/>
	<cim:Terminal.connected>TRUE</cim:Terminal.connected>
</cim:Terminal>
<cim:Terminal rdf:about="#_f381b10f24584f5486950ae991c088dd">
	<cim:Terminal.TopologicalNode rdf:resource="#_07a8abf075734eb9bd080c85851d9d6b"/>
	<cim:Terminal.connected>TRUE</cim:Terminal.connected>
</cim:Terminal>
<cim:Terminal rdf:about="#_c14e304d7f7f4ea5b1a8f05af41ac35f">
	<cim:Terminal.TopologicalNode rdf:resource="#_396390400afc4694b0138d9e9b4fa606"/>
	<cim:Terminal.connected>TRUE</cim:Terminal.connected>
</cim:Terminal>
<cim:Terminal rdf:about="#_88ac47679e1741df9b92a3f619617b95">
	<cim:Terminal.TopologicalNode rdf:resource="#_20fbe45075784bf38b1cfd404ae04a78"/>
	<cim:Terminal.connected>TRUE</cim:Terminal.connected>
</cim:Terminal>
<cim:Terminal rdf:about="#_e90c21d00004498484bb4aa64c4dbe91">
	<cim:Terminal.TopologicalNode rdf:resource="#_bb1da47ff05d4eacb3334a47db503084"/>
	<cim:Terminal.connected>TRUE</cim:Terminal.connected>
</cim:Terminal>
<cim:Terminal rdf:about="#_28b9239824b1426caffa8877d24982b3">
	<cim:Terminal.TopologicalNode rdf:resource="#_3f776ad3e8504f428fb4b9a9799f3f45"/>
	<cim:Terminal.connected>TRUE</cim:Terminal.connected>
</cim:Terminal>
<cim:Terminal rdf:about="#_251fd6f3f59b4664acbcc5dca9db3288">
	<cim:Terminal.TopologicalNode rdf:resource="#_b2a306d06daa43f581f02b4ece40d349"/>
	<cim:Terminal.connected>TRUE</cim:Terminal.connected>
</cim:Terminal>
<cim:Terminal rdf:about="#_bdd3219a100b4a698da9fe54c56eae3a">
	<cim:Terminal.TopologicalNode rdf:resource="#_b9cdd3d9387c4e3dae4ea58ce287a09d"/>
	<cim:Terminal.connected>TRUE</cim:Terminal.connected>
</cim:Terminal>
<cim:Terminal rdf:about="#_44ac00c37f314a2f8805267000a1dbf9">
	<cim:Terminal.TopologicalNode rdf:resource="#_e4a517116c1a42108797c1dc133b8886"/>
	<cim:Terminal.connected>TRUE</cim:Terminal.connected>
</cim:Terminal>
<cim:Terminal rdf:about="#_eee52b62af14498dbc3d7935b8081645">
	<cim:Terminal.TopologicalNode rdf:resource="#_c27d8d9c28dd4ed880b644941129c5b4"/>
	<cim:Terminal.connected>TRUE</cim:Terminal.connected>
</cim:Terminal>
<cim:Terminal rdf:about="#_bda5df4ed82f4e6b8a45e89e7998d513">
	<cim:Terminal.TopologicalNode rdf:resource="#_3344d52d1d1c47eca5d1af6557321bb3"/>
	<cim:Terminal.connected>TRUE</cim:Terminal.connected>
</cim:Terminal>
<cim:Terminal rdf:about="#_b2fb447c31664d3cbc5039db5b358ee4">
	<cim:Terminal.TopologicalNode rdf:resource="#_40861d2a95db4582ae1dc386f5472e89"/>
	<cim:Terminal.connected>TRUE</cim:Terminal.connected>
</cim:Terminal>
</rdf:RDF>