<?xml version="1.0" encoding="UTF-8"?>
<rdf:RDF xmlns:rdf="http://www.w3.org/1999/02/22-rdf-syntax-ns#" xmlns:cim="http://iec.ch/TC57/2009/CIM-schema-cim14#">
<md:FullModel xmlns:md="http://www.casepowersoftware.com/2020/School Example - single generator_SV/1">
	<md:Model.created>2025-11-7-17</md:Model.created>
	<md:Model.Version>
		<md:Description>
			<md:Description.name>School Example - single generator_SV</md:Description.name>
			<md:Description.version>1</md:Description.version>
			<md:Description.ModelComment>This is classic school example where single synchronous 
generator is connected to stiff grid.</md:Description.ModelComment>
		</md:Description>
	</md:Model.Version>
	<md:Model.ModelingAuthoritySet>
		<md:Description>
			<md:Description.name>School Example - single generator</md:Description.name>
		</md:Description>
	</md:Model.ModelingAuthoritySet>
	<md:Model.Profile>
		<md:Description>
			<md:Description.uri>http://iec.ch/TC57/61970-452/StateVariables/1</md:Description.uri>
			<md:Description.name>IEC61970-452-StateVariables_Model</md:Description.name>
			<md:Description.version>1</md:Description.version>
		</md:Description>
	</md:Model.Profile>
	<md:Model.Creator>
		<md:Description>
			<md:Description.name>CASE 1.0</md:Description.name>
		</md:Description>
	</md:Model.Creator>
</md:FullModel>
<cim:SvVoltage rdf:ID="_d39f682f06e14db985a308799fae02bd">
	<cim:SvVoltage.v>111.5000</cim:SvVoltage.v>
	<cim:SvVoltage.angle> 0.2998</cim:SvVoltage.angle>
	<cim:SvVoltage.TopologicalNode rdf:resource="#_d76a843ff939418d941eb596e8eb261b"/>
</cim:SvVoltage>
<cim:SvVoltage rdf:ID="_e779923ddc074f2ca0f905e37a0f5464">
	<cim:SvVoltage.v>111.0000</cim:SvVoltage.v>
	<cim:SvVoltage.angle> 0.0000</cim:SvVoltage.angle>
	<cim:SvVoltage.TopologicalNode rdf:resource="#_7f84c0237c144e35be1e3e1774da9367"/>
</cim:SvVoltage>
<cim:SvPowerFlow rdf:ID="_37ce33c566594be0b367b34120382a15">
	<cim:SvPowerFlow.p>100.0000</cim:SvPowerFlow.p>
	<cim:SvPowerFlow.q>40.8310</cim:SvPowerFlow.q>
	<cim:SvPowerFlow.Terminal rdf:resource="#_da58ae96e5fe4b808ffd8a4445b47203"/>
</cim:SvPowerFlow>
<cim:SvPowerFlow rdf:ID="_0feb246448924aed99334c022b2a29ed">
	<cim:SvPowerFlow.p>-99.8352</cim:SvPowerFlow.p>
	<cim:SvPowerFlow.q>-40.8661</cim:SvPowerFlow.q>
	<cim:SvPowerFlow.Terminal rdf:resource="#_f8d20339b75947a0bf7f7ec847d1f56c"/>
</cim:SvPowerFlow>
</rdf:RDF>