<?xml version="1.0" encoding="UTF-8"?>
<rdf:RDF xmlns:rdf="http://www.w3.org/1999/02/22-rdf-syntax-ns#" xmlns:cim="http://iec.ch/TC57/2009/CIM-schema-cim14#">
<md:FullModel xmlns:md="http://www.casepowersoftware.com/2020/School Example - single generator_SLD/1">
	<md:Model.created>2025-11-7-17</md:Model.created>
	<md:Model.Version>
		<md:Description>
			<md:Description.name>School Example - single generator_SLD</md:Description.name>
			<md:Description.version>1</md:Description.version>
		</md:Description>
	</md:Model.Version>
	<md:Model.ModelingAuthoritySet>
		<md:Description>
		</md:Description>
	</md:Model.ModelingAuthoritySet>
	<md:Model.Profile>
		<md:Description>
			<md:Description.version>1</md:Description.version>
		</md:Description>
	</md:Model.Profile>
	<md:Model.Creator>
		<md:Description>
			<md:Description.name>CASE 1.0</md:Description.name>
		</md:Description>
	</md:Model.Creator>
</md:FullModel>
<cim:SLD_Properties rdf:ID="_8ddca26a7e4b47cebd6520d9294d4898">
	<cim:SLD_Properties.NodeDisplayOption>1</cim:SLD_Properties.NodeDisplayOption>
	<cim:SLD_Properties.ShowElementsLoad>1</cim:SLD_Properties.ShowElementsLoad>
</cim:SLD_Properties>
<cim:Scrollbar rdf:ID="_5b26d7b8aa6646b19bac4872228ab1a7">
	<cim:Scrollbar.VerticalPosition>5</cim:Scrollbar.VerticalPosition>
	<cim:Scrollbar.HorizontalPosition>8</cim:Scrollbar.HorizontalPosition>
	<cim:Scrollbar.HorizontalMaxPosition>2000</cim:Scrollbar.HorizontalMaxPosition>
	<cim:Scrollbar.VerticalMaxPosition>10000</cim:Scrollbar.VerticalMaxPosition>
</cim:Scrollbar>
<cim:General rdf:ID="_e2ba03c965f849b6a33e80902d6718e3">
	<cim:General.nmb_of_drawn_nodes>2</cim:General.nmb_of_drawn_nodes>
	<cim:General.nmb_of_drawn_lines>2</cim:General.nmb_of_drawn_lines>
	<cim:General.nmb_of_drawn_transformers>0</cim:General.nmb_of_drawn_transformers>
	<cim:General.nmb_of_drawn_generators>1</cim:General.nmb_of_drawn_generators>
	<cim:General.nmb_of_drawn_loads>0</cim:General.nmb_of_drawn_loads>
	<cim:General.nmb_of_drawn_shunts>0</cim:General.nmb_of_drawn_shunts>
</cim:General>
<cim:SLD_Node rdf:ID="_0d222db397884f7680eddca166c209b2">
	<cim:SLD_Node.code>Node 1</cim:SLD_Node.code>
	<cim:SLD_Node.x_coordinate>277</cim:SLD_Node.x_coordinate>
	<cim:SLD_Node.y_coordinate>280</cim:SLD_Node.y_coordinate>
	<cim:SLD_Node.length>200</cim:SLD_Node.length>
	<cim:SLD_Node.width>4</cim:SLD_Node.width>
	<cim:SLD_Node.color>0</cim:SLD_Node.color>
	<cim:SLD_Node.number_of_element>0</cim:SLD_Node.number_of_element>
	<cim:SLD_Node.horizontal_or_vertical>0</cim:SLD_Node.horizontal_or_vertical>
	<cim:SLD_Node.ConnectionPoint>0</cim:SLD_Node.ConnectionPoint>
	<cim:SLD_Node.H_Offset>0</cim:SLD_Node.H_Offset>
	<cim:SLD_Node.V_Offset>0</cim:SLD_Node.V_Offset>
</cim:SLD_Node>
<cim:SLD_Node rdf:ID="_2e6e812d83e24d1abc3aafcd9bf94b0f">
	<cim:SLD_Node.code>ExtSys</cim:SLD_Node.code>
	<cim:SLD_Node.x_coordinate>904</cim:SLD_Node.x_coordinate>
	<cim:SLD_Node.y_coordinate>281</cim:SLD_Node.y_coordinate>
	<cim:SLD_Node.length>300</cim:SLD_Node.length>
	<cim:SLD_Node.width>4</cim:SLD_Node.width>
	<cim:SLD_Node.color>0</cim:SLD_Node.color>
	<cim:SLD_Node.number_of_element>1</cim:SLD_Node.number_of_element>
	<cim:SLD_Node.horizontal_or_vertical>0</cim:SLD_Node.horizontal_or_vertical>
	<cim:SLD_Node.ConnectionPoint>0</cim:SLD_Node.ConnectionPoint>
	<cim:SLD_Node.H_Offset>0</cim:SLD_Node.H_Offset>
	<cim:SLD_Node.V_Offset>0</cim:SLD_Node.V_Offset>
</cim:SLD_Node>
<cim:SLD_Line rdf:ID="_c2fef821fa56445ebd6c2b7919f3fdf9">
	<cim:SLD_Line.nmb_of_knees>6</cim:SLD_Line.nmb_of_knees>
	<cim:SLD_Line.knee_coordinate.x>390</cim:SLD_Line.knee_coordinate.x>
	<cim:SLD_Line.knee_coordinate.y>282</cim:SLD_Line.knee_coordinate.y>
	<cim:SLD_Line.knee_coordinate.x>390</cim:SLD_Line.knee_coordinate.x>
	<cim:SLD_Line.knee_coordinate.y>242</cim:SLD_Line.knee_coordinate.y>
	<cim:SLD_Line.knee_coordinate.x>392</cim:SLD_Line.knee_coordinate.x>
	<cim:SLD_Line.knee_coordinate.y>111</cim:SLD_Line.knee_coordinate.y>
	<cim:SLD_Line.knee_coordinate.x>970</cim:SLD_Line.knee_coordinate.x>
	<cim:SLD_Line.knee_coordinate.y>112</cim:SLD_Line.knee_coordinate.y>
	<cim:SLD_Line.knee_coordinate.x>968</cim:SLD_Line.knee_coordinate.x>
	<cim:SLD_Line.knee_coordinate.y>243</cim:SLD_Line.knee_coordinate.y>
	<cim:SLD_Line.knee_coordinate.x>968</cim:SLD_Line.knee_coordinate.x>
	<cim:SLD_Line.knee_coordinate.y>283</cim:SLD_Line.knee_coordinate.y>
	<cim:SLD_Line.type>0</cim:SLD_Line.type>
	<cim:SLD_Line.color>0</cim:SLD_Line.color>
	<cim:SLD_Line.width>4</cim:SLD_Line.width>
	<cim:SLD_Line.tertiary_wndg_connection>0</cim:SLD_Line.tertiary_wndg_connection>
	<cim:SLD_Line.tran_nmb>-1</cim:SLD_Line.tran_nmb>
	<cim:SLD_Line.First_CB>1</cim:SLD_Line.First_CB>
	<cim:SLD_Line.Second_CB>1</cim:SLD_Line.Second_CB>
	<cim:SLD_Line.H1_Offset>0</cim:SLD_Line.H1_Offset>
	<cim:SLD_Line.V1_Offset>0</cim:SLD_Line.V1_Offset>
	<cim:SLD_Line.H2_Offset>0</cim:SLD_Line.H2_Offset>
	<cim:SLD_Line.V2_Offset>0</cim:SLD_Line.V2_Offset>
	<cim:SLD_Line.NodeCode1>Node 1</cim:SLD_Line.NodeCode1>
	<cim:SLD_Line.NodeCode2>ExtSys</cim:SLD_Line.NodeCode2>
	<cim:SLD_Line.ParIndex>1</cim:SLD_Line.ParIndex>
	<cim:SLD_Line.number>0</cim:SLD_Line.number>
	<cim:SLD_Line.Node1 rdf:resource="#_0d222db397884f7680eddca166c209b2"/>
	<cim:SLD_Line.Node2 rdf:resource="#_2e6e812d83e24d1abc3aafcd9bf94b0f"/>
</cim:SLD_Line>
<cim:SLD_Line rdf:ID="_dec26c38eabe453dadb1712a9395d274">
	<cim:SLD_Line.nmb_of_knees>6</cim:SLD_Line.nmb_of_knees>
	<cim:SLD_Line.knee_coordinate.x>317</cim:SLD_Line.knee_coordinate.x>
	<cim:SLD_Line.knee_coordinate.y>282</cim:SLD_Line.knee_coordinate.y>
	<cim:SLD_Line.knee_coordinate.x>317</cim:SLD_Line.knee_coordinate.x>
	<cim:SLD_Line.knee_coordinate.y>242</cim:SLD_Line.knee_coordinate.y>
	<cim:SLD_Line.knee_coordinate.x>320</cim:SLD_Line.knee_coordinate.x>
	<cim:SLD_Line.knee_coordinate.y>33</cim:SLD_Line.knee_coordinate.y>
	<cim:SLD_Line.knee_coordinate.x>1112</cim:SLD_Line.knee_coordinate.x>
	<cim:SLD_Line.knee_coordinate.y>27</cim:SLD_Line.knee_coordinate.y>
	<cim:SLD_Line.knee_coordinate.x>1119</cim:SLD_Line.knee_coordinate.x>
	<cim:SLD_Line.knee_coordinate.y>243</cim:SLD_Line.knee_coordinate.y>
	<cim:SLD_Line.knee_coordinate.x>1119</cim:SLD_Line.knee_coordinate.x>
	<cim:SLD_Line.knee_coordinate.y>283</cim:SLD_Line.knee_coordinate.y>
	<cim:SLD_Line.type>0</cim:SLD_Line.type>
	<cim:SLD_Line.color>0</cim:SLD_Line.color>
	<cim:SLD_Line.width>4</cim:SLD_Line.width>
	<cim:SLD_Line.tertiary_wndg_connection>0</cim:SLD_Line.tertiary_wndg_connection>
	<cim:SLD_Line.tran_nmb>-1</cim:SLD_Line.tran_nmb>
	<cim:SLD_Line.First_CB>1</cim:SLD_Line.First_CB>
	<cim:SLD_Line.Second_CB>1</cim:SLD_Line.Second_CB>
	<cim:SLD_Line.H1_Offset>0</cim:SLD_Line.H1_Offset>
	<cim:SLD_Line.V1_Offset>0</cim:SLD_Line.V1_Offset>
	<cim:SLD_Line.H2_Offset>0</cim:SLD_Line.H2_Offset>
	<cim:SLD_Line.V2_Offset>0</cim:SLD_Line.V2_Offset>
	<cim:SLD_Line.NodeCode1>Node 1</cim:SLD_Line.NodeCode1>
	<cim:SLD_Line.NodeCode2>ExtSys</cim:SLD_Line.NodeCode2>
	<cim:SLD_Line.ParIndex>2</cim:SLD_Line.ParIndex>
	<cim:SLD_Line.number>1</cim:SLD_Line.number>
	<cim:SLD_Line.Node1 rdf:resource="#_0d222db397884f7680eddca166c209b2"/>
	<cim:SLD_Line.Node2 rdf:resource="#_2e6e812d83e24d1abc3aafcd9bf94b0f"/>
</cim:SLD_Line>
<cim:SLD_Generator rdf:ID="_4ff0aa82a6164600afee4adba6cab43b">
	<cim:SLD_Generator.x_coordinate>319</cim:SLD_Generator.x_coordinate>
	<cim:SLD_Generator.y_coordinate>320</cim:SLD_Generator.y_coordinate>
	<cim:SLD_Generator.radius>20</cim:SLD_Generator.radius>
	<cim:SLD_Generator.width>1</cim:SLD_Generator.width>
	<cim:SLD_Generator.color>16756398</cim:SLD_Generator.color>
	<cim:SLD_Generator.border_color>0</cim:SLD_Generator.border_color>
	<cim:SLD_Generator.number_of_element>0</cim:SLD_Generator.number_of_element>
	<cim:SLD_Generator.number_of_node>0</cim:SLD_Generator.number_of_node>
	<cim:SLD_Generator.already_drawn>1</cim:SLD_Generator.already_drawn>
	<cim:SLD_Generator.CB>1</cim:SLD_Generator.CB>
</cim:SLD_Generator>
<cim:SLD_ExternalSystem rdf:ID="_16f4a59d78b64b269dfaae96ce40ae60">
	<cim:SLD_ExternalSystem.x_coordinate>1013</cim:SLD_ExternalSystem.x_coordinate>
	<cim:SLD_ExternalSystem.y_coordinate>321</cim:SLD_ExternalSystem.y_coordinate>
	<cim:SLD_ExternalSystem.a_side>50</cim:SLD_ExternalSystem.a_side>
	<cim:SLD_ExternalSystem.b_side>50</cim:SLD_ExternalSystem.b_side>
	<cim:SLD_ExternalSystem.width>1</cim:SLD_ExternalSystem.width>
	<cim:SLD_ExternalSystem.color>65535</cim:SLD_ExternalSystem.color>
	<cim:SLD_ExternalSystem.border_color>0</cim:SLD_ExternalSystem.border_color>
	<cim:SLD_ExternalSystem.number_of_element>0</cim:SLD_ExternalSystem.number_of_element>
	<cim:SLD_ExternalSystem.number_of_node>1</cim:SLD_ExternalSystem.number_of_node>
	<cim:SLD_ExternalSystem.already_drawn>1</cim:SLD_ExternalSystem.already_drawn>
	<cim:SLD_ExternalSystem.CB>1</cim:SLD_ExternalSystem.CB>
</cim:SLD_ExternalSystem>
<cim:SystemFrequency rdf:ID="_ade3a8f9848741a482f224f7b6aae360">
	<cim:SystemFrequency.Color>0</cim:SystemFrequency.Color>
	<cim:SystemFrequency.Thickness>1</cim:SystemFrequency.Thickness>
	<cim:SystemFrequency.Range>2.000000</cim:SystemFrequency.Range>
</cim:SystemFrequency>
<cim:DrawGraph rdf:ID="_8c9fa9e82e0d4a76b58b0c14d96283e8">
	<cim:DrawGraph.window_title>Graphs-1</cim:DrawGraph.window_title>
	<cim:DrawGraph.nmb_of_graphs>1</cim:DrawGraph.nmb_of_graphs>
	<cim:DrawGraph.nmb_of_items>2404</cim:DrawGraph.nmb_of_items>
	<cim:DrawGraph.TimeGraph.nmb_of_quantities>2</cim:DrawGraph.TimeGraph.nmb_of_quantities>
	<cim:DrawGraph.TimeGraph.Y_scale_ratio>0.588235</cim:DrawGraph.TimeGraph.Y_scale_ratio>
	<cim:DrawGraph.TimeGraph.BasePower>100.000000</cim:DrawGraph.TimeGraph.BasePower>
	<cim:DrawGraph.TimeGraph.DisplayCurrentAbsoluteValue>0</cim:DrawGraph.TimeGraph.DisplayCurrentAbsoluteValue>
	<cim:DrawGraph.TimeGraph.Quantity>0</cim:DrawGraph.TimeGraph.Quantity>
	<cim:DrawGraph.TimeGraph.ElementType>0</cim:DrawGraph.TimeGraph.ElementType>
	<cim:DrawGraph.TimeGraph.ElementNumber>0</cim:DrawGraph.TimeGraph.ElementNumber>
	<cim:DrawGraph.TimeGraph.ElementUniqueNumber>0</cim:DrawGraph.TimeGraph.ElementUniqueNumber>
	<cim:DrawGraph.TimeGraph.Color>16711680</cim:DrawGraph.TimeGraph.Color>
	<cim:DrawGraph.TimeGraph.Thickness>2</cim:DrawGraph.TimeGraph.Thickness>
	<cim:DrawGraph.TimeGraph.FixNamePosition>0</cim:DrawGraph.TimeGraph.FixNamePosition>
	<cim:DrawGraph.TimeGraph.Quantity>4</cim:DrawGraph.TimeGraph.Quantity>
	<cim:DrawGraph.TimeGraph.ElementType>0</cim:DrawGraph.TimeGraph.ElementType>
	<cim:DrawGraph.TimeGraph.ElementNumber>0</cim:DrawGraph.TimeGraph.ElementNumber>
	<cim:DrawGraph.TimeGraph.ElementUniqueNumber>0</cim:DrawGraph.TimeGraph.ElementUniqueNumber>
	<cim:DrawGraph.TimeGraph.Color>0</cim:DrawGraph.TimeGraph.Color>
	<cim:DrawGraph.TimeGraph.Thickness>2</cim:DrawGraph.TimeGraph.Thickness>
	<cim:DrawGraph.TimeGraph.FixNamePosition>0</cim:DrawGraph.TimeGraph.FixNamePosition>
	<cim:DrawGraph.TimeGraph.nmb_of_quantities>1</cim:DrawGraph.TimeGraph.nmb_of_quantities>
	<cim:DrawGraph.TimeGraph.Y_scale_ratio>0.909091</cim:DrawGraph.TimeGraph.Y_scale_ratio>
	<cim:DrawGraph.TimeGraph.BasePower>100.000000</cim:DrawGraph.TimeGraph.BasePower>
	<cim:DrawGraph.TimeGraph.DisplayCurrentAbsoluteValue>0</cim:DrawGraph.TimeGraph.DisplayCurrentAbsoluteValue>
	<cim:DrawGraph.TimeGraph.Quantity>0</cim:DrawGraph.TimeGraph.Quantity>
	<cim:DrawGraph.TimeGraph.ElementType>1</cim:DrawGraph.TimeGraph.ElementType>
	<cim:DrawGraph.TimeGraph.ElementNumber>0</cim:DrawGraph.TimeGraph.ElementNumber>
	<cim:DrawGraph.TimeGraph.ElementUniqueNumber>0</cim:DrawGraph.TimeGraph.ElementUniqueNumber>
	<cim:DrawGraph.TimeGraph.Color>32896</cim:DrawGraph.TimeGraph.Color>
	<cim:DrawGraph.TimeGraph.Thickness>2</cim:DrawGraph.TimeGraph.Thickness>
	<cim:DrawGraph.TimeGraph.FixNamePosition>0</cim:DrawGraph.TimeGraph.FixNamePosition>
	<cim:DrawGraph.TimeGraph.QuantityPhase>0</cim:DrawGraph.TimeGraph.QuantityPhase>
</cim:DrawGraph>
<cim:DrawGraph rdf:ID="_51c08f426fd340f9a455c29aebe94bc5">
	<cim:DrawGraph.window_title>Graphs-2</cim:DrawGraph.window_title>
	<cim:DrawGraph.nmb_of_graphs>0</cim:DrawGraph.nmb_of_graphs>
	<cim:DrawGraph.nmb_of_items>0</cim:DrawGraph.nmb_of_items>
	<cim:DrawGraph.TimeGraph.nmb_of_quantities>0</cim:DrawGraph.TimeGraph.nmb_of_quantities>
	<cim:DrawGraph.TimeGraph.Y_scale_ratio>1.000000</cim:DrawGraph.TimeGraph.Y_scale_ratio>
	<cim:DrawGraph.TimeGraph.BasePower>100.000000</cim:DrawGraph.TimeGraph.BasePower>
	<cim:DrawGraph.TimeGraph.DisplayCurrentAbsoluteValue>0</cim:DrawGraph.TimeGraph.DisplayCurrentAbsoluteValue>
</cim:DrawGraph>
<cim:DrawGraph rdf:ID="_9ee9437f8c4c4ed2a3343087e15e753a">
	<cim:DrawGraph.window_title>Graphs-3</cim:DrawGraph.window_title>
	<cim:DrawGraph.nmb_of_graphs>0</cim:DrawGraph.nmb_of_graphs>
	<cim:DrawGraph.nmb_of_items>0</cim:DrawGraph.nmb_of_items>
	<cim:DrawGraph.TimeGraph.nmb_of_quantities>0</cim:DrawGraph.TimeGraph.nmb_of_quantities>
	<cim:DrawGraph.TimeGraph.Y_scale_ratio>1.000000</cim:DrawGraph.TimeGraph.Y_scale_ratio>
	<cim:DrawGraph.TimeGraph.BasePower>100.000000</cim:DrawGraph.TimeGraph.BasePower>
	<cim:DrawGraph.TimeGraph.DisplayCurrentAbsoluteValue>0</cim:DrawGraph.TimeGraph.DisplayCurrentAbsoluteValue>
</cim:DrawGraph>
<cim:TransientStability rdf:ID="_62ae86f68d684cc8a75e955e8dd0fa99">
	<cim:TransientStability.PowerSystemEventsNumber>2</cim:TransientStability.PowerSystemEventsNumber>
	<cim:TransientStability.Time_Step_RMS>0.005000</cim:TransientStability.Time_Step_RMS>
	<cim:TransientStability.Simulation_End_Time>12.000000</cim:TransientStability.Simulation_End_Time>
	<cim:TransientStability.KronMatrixItemThreshold>2.00e-06</cim:TransientStability.KronMatrixItemThreshold>
	<cim:TransientStability.UseKronReductionAlgorithm>0</cim:TransientStability.UseKronReductionAlgorithm>
	<cim:TransientStability.ConvertAllLoadsToConstantImpedanceLoads>0</cim:TransientStability.ConvertAllLoadsToConstantImpedanceLoads>
	<cim:TransientStability.Time_Integration_Method>3</cim:TransientStability.Time_Integration_Method>
	<cim:TransientStability.DrawingStep>20</cim:TransientStability.DrawingStep>
	<cim:TransientStability.SystemFrequencyThreshold>0.01</cim:TransientStability.SystemFrequencyThreshold>
	<cim:TransientStability.RotorSpeedThreshold>0.10</cim:TransientStability.RotorSpeedThreshold>
	<cim:TransientStability.Calculate_SF_Deviation>1</cim:TransientStability.Calculate_SF_Deviation>
</cim:TransientStability>
<cim:PowerSystemEvent rdf:ID="_c5483178676348dabeee945654119bbd">
	<cim:PowerSystemEvent.EventType>0</cim:PowerSystemEvent.EventType>
	<cim:PowerSystemEvent.ElementNumber>0</cim:PowerSystemEvent.ElementNumber>
	<cim:PowerSystemEvent.ElementType>1</cim:PowerSystemEvent.ElementType>
	<cim:PowerSystemEvent.Distance>10.000000</cim:PowerSystemEvent.Distance>
	<cim:PowerSystemEvent.Time>1.000000</cim:PowerSystemEvent.Time>
	<cim:PowerSystemEvent.InService>1</cim:PowerSystemEvent.InService>
	<cim:PowerSystemEvent.IsDrawn>1</cim:PowerSystemEvent.IsDrawn>
	<cim:PowerSystemEvent.x_coordinate>391</cim:PowerSystemEvent.x_coordinate>
	<cim:PowerSystemEvent.y_coordinate>159</cim:PowerSystemEvent.y_coordinate>
	<cim:PowerSystemEvent.SC_Impedance_Re>0.000000</cim:PowerSystemEvent.SC_Impedance_Re>
	<cim:PowerSystemEvent.SC_Impedance_Im>0.000000</cim:PowerSystemEvent.SC_Impedance_Im>
	<cim:PowerSystemEvent.AutoReclosingInService>0</cim:PowerSystemEvent.AutoReclosingInService>
	<cim:PowerSystemEvent.AutoReclosingTime>0.000000</cim:PowerSystemEvent.AutoReclosingTime>
	<cim:PowerSystemEvent.UnsuccessfulARC>0</cim:PowerSystemEvent.UnsuccessfulARC>
	<cim:PowerSystemEvent.AutoReopeningTime>0.000000</cim:PowerSystemEvent.AutoReopeningTime>
</cim:PowerSystemEvent>
<cim:PowerSystemEvent rdf:ID="_89925b8f732b4a6dadd8cf4b1881df7d">
	<cim:PowerSystemEvent.EventType>4</cim:PowerSystemEvent.EventType>
	<cim:PowerSystemEvent.ElementNumber>0</cim:PowerSystemEvent.ElementNumber>
	<cim:PowerSystemEvent.ElementType>1</cim:PowerSystemEvent.ElementType>
	<cim:PowerSystemEvent.Distance>0.000000</cim:PowerSystemEvent.Distance>
	<cim:PowerSystemEvent.Time>1.150000</cim:PowerSystemEvent.Time>
	<cim:PowerSystemEvent.InService>1</cim:PowerSystemEvent.InService>
	<cim:PowerSystemEvent.IsDrawn>1</cim:PowerSystemEvent.IsDrawn>
	<cim:PowerSystemEvent.x_coordinate>391</cim:PowerSystemEvent.x_coordinate>
	<cim:PowerSystemEvent.y_coordinate>179</cim:PowerSystemEvent.y_coordinate>
	<cim:PowerSystemEvent.SC_Impedance_Re>0.000000</cim:PowerSystemEvent.SC_Impedance_Re>
	<cim:PowerSystemEvent.SC_Impedance_Im>0.000000</cim:PowerSystemEvent.SC_Impedance_Im>
	<cim:PowerSystemEvent.AutoReclosingInService>0</cim:PowerSystemEvent.AutoReclosingInService>
	<cim:PowerSystemEvent.AutoReclosingTime>0.000000</cim:PowerSystemEvent.AutoReclosingTime>
	<cim:PowerSystemEvent.UnsuccessfulARC>0</cim:PowerSystemEvent.UnsuccessfulARC>
	<cim:PowerSystemEvent.AutoReopeningTime>0.000000</cim:PowerSystemEvent.AutoReopeningTime>
</cim:PowerSystemEvent>
</rdf:RDF>