<?xml version="1.0" encoding="UTF-8"?>
<rdf:RDF xmlns:rdf="http://www.w3.org/1999/02/22-rdf-syntax-ns#" xmlns:cim="http://iec.ch/TC57/2009/CIM-schema-cim14#">
<md:FullModel xmlns:md="http://www.casepowersoftware.com/2020/School Example - single generator_TP/1">
	<md:Model.created>2025-11-7-17</md:Model.created>
	<md:Model.Version>
		<md:Description>
			<md:Description.name>School Example - single generator_TP</md:Description.name>
			<md:Description.version>1</md:Description.version>
		</md:Description>
	</md:Model.Version>
	<md:Model.ModelingAuthoritySet>
		<md:Description>
			<md:Description.name>School Example - single generator</md:Description.name>
		</md:Description>
	</md:Model.ModelingAuthoritySet>
	<md:Model.Profile>
		<md:Description>
			<md:Description.uri>http://iec.ch/TC57/61970-452/Topology/1</md:Description.uri>
			<md:Description.name>IEC61970-452-Topology_Model</md:Description.name>
			<md:Description.version>1</md:Description.version>
		</md:Description>
	</md:Model.Profile>
	<md:Model.Creator>
		<md:Description>
			<md:Description.name>CASE 1.0</md:Description.name>
		</md:Description>
	</md:Model.Creator>
</md:FullModel>
<cim:TopologicalNode rdf:ID="_d76a843ff939418d941eb596e8eb261b">
	<cim:Node.UniqueNumber>0</cim:Node.UniqueNumber>
	<cim:IdentifiedObject.name>Node 1</cim:IdentifiedObject.name>
	<cim:IdentifiedObject.description>Node 1</cim:IdentifiedObject.description>
	<cim:TopologicalNode.equivalent>FALSE</cim:TopologicalNode.equivalent>
	<cim:TopologicalNodeSubstation.name></cim:TopologicalNodeSubstation.name>
	<cim:TopologicalNode.NodeCode>Node 1</cim:TopologicalNode.NodeCode>
	<cim:TopologicalNode.BaseVoltage rdf:resource="#_d7f896196a5042b0847a6e7ef2e2cded"/>
	<cim:TopologicalNode.ConnectivityNodeContainer rdf:resource="#_a4aa8b9bfb3f4b24bf564f07f0e7a08b"/>
	<cim:TopologicalNode.TopologicalIsland rdf:resource="#_7eb5939ea50c404286da1efc5ef7039e"/>
</cim:TopologicalNode>
<cim:TopologicalNode rdf:ID="_7f84c0237c144e35be1e3e1774da9367">
	<cim:Node.UniqueNumber>1</cim:Node.UniqueNumber>
	<cim:IdentifiedObject.name>External System</cim:IdentifiedObject.name>
	<cim:IdentifiedObject.description>External System</cim:IdentifiedObject.description>
	<cim:TopologicalNode.equivalent>FALSE</cim:TopologicalNode.equivalent>
	<cim:TopologicalNodeSubstation.name></cim:TopologicalNodeSubstation.name>
	<cim:TopologicalNode.NodeCode>ExtSys</cim:TopologicalNode.NodeCode>
	<cim:TopologicalNode.BaseVoltage rdf:resource="#_d7f896196a5042b0847a6e7ef2e2cded"/>
	<cim:TopologicalNode.ConnectivityNodeContainer rdf:resource="#_9a39e9d4ae054b9c867b9e0368075af0"/>
	<cim:TopologicalNode.TopologicalIsland rdf:resource="#_7eb5939ea50c404286da1efc5ef7039e"/>
</cim:TopologicalNode>
<cim:Terminal rdf:about="#_86de40e687094e8a9e1e333ccdcb5ab9">
	<cim:Terminal.TopologicalNode rdf:resource="#_d76a843ff939418d941eb596e8eb261b"/>
	<cim:Terminal.connected>TRUE</cim:Terminal.connected>
</cim:Terminal>
<cim:Terminal rdf:about="#_c35d5d920cb148beba42d5295297c3f5">
	<cim:Terminal.TopologicalNode rdf:resource="#_7f84c0237c144e35be1e3e1774da9367"/>
	<cim:Terminal.connected>TRUE</cim:Terminal.connected>
</cim:Terminal>
<cim:Terminal rdf:about="#_60c27225385f4edbaaa4f1fc731ed9d7">
	<cim:Terminal.TopologicalNode rdf:resource="#_d76a843ff939418d941eb596e8eb261b"/>
	<cim:Terminal.connected>TRUE</cim:Terminal.connected>
</cim:Terminal>
<cim:Terminal rdf:about="#_5e364e68073f4ecc9e07bb4b7165fced">
	<cim:Terminal.TopologicalNode rdf:resource="#_7f84c0237c144e35be1e3e1774da9367"/>
	<cim:Terminal.connected>TRUE</cim:Terminal.connected>
</cim:Terminal>
<cim:Terminal rdf:about="#_da58ae96e5fe4b808ffd8a4445b47203">
	<cim:Terminal.TopologicalNode rdf:resource="#_d76a843ff939418d941eb596e8eb261b"/>
	<cim:Terminal.connected>TRUE</cim:Terminal.connected>
</cim:Terminal>
<cim:Terminal rdf:about="#_f8d20339b75947a0bf7f7ec847d1f56c">
	<cim:Terminal.TopologicalNode rdf:resource="#_7f84c0237c144e35be1e3e1774da9367"/>
	<cim:Terminal.connected>TRUE</cim:Terminal.connected>
</cim:Terminal>
</rdf:RDF>