<?xml version="1.0" encoding="UTF-8"?>
<rdf:RDF xmlns:rdf="http://www.w3.org/1999/02/22-rdf-syntax-ns#" xmlns:cim="http://iec.ch/TC57/2009/CIM-schema-cim14#">
<md:FullModel xmlns:md="http://www.casepowersoftware.com/2020/School Example - single generator.xml_EQ/1">
	<md:Model.created>2025-11-7-17</md:Model.created>
	<md:Model.Version>
		<md:Description>
			<md:Description.name>School Example - single generator.xml_EQ</md:Description.name>
			<md:Description.version>1</md:Description.version>
		</md:Description>
	</md:Model.Version>
	<md:Model.ModelingAuthoritySet>
		<md:Description>
			<md:Description.name>School Example - single generator.xml</md:Description.name>
		</md:Description>
	</md:Model.ModelingAuthoritySet>
	<md:Model.Profile>
		<md:Description>
			<md:Description.uri>http://iec.ch/TC57/61970-452/Equipment/1</md:Description.uri>
			<md:Description.name>IEC61970-452-Equipment_Model</md:Description.name>
			<md:Description.version>1</md:Description.version>
		</md:Description>
	</md:Model.Profile>
	<md:Model.Creator>
		<md:Description>
			<md:Description.name>CASE 1.0</md:Description.name>
		</md:Description>
	</md:Model.Creator>
</md:FullModel>
<cim:IEC61970CIMVersion rdf:ID="_112d67142928411db58e93a1af6bd760">
	<cim:IEC61970CIMVersion.version>CASE XML Format 1.0</cim:IEC61970CIMVersion.version>
	<cim:IEC61970CIMVersion.date>2020-04-04</cim:IEC61970CIMVersion.date>
</cim:IEC61970CIMVersion>
<cim:TopologicalIsland rdf:ID="_7eb5939ea50c404286da1efc5ef7039e">
	<cim:IdentifiedObject.name>System</cim:IdentifiedObject.name>
	<cim:IdentifiedObject.description>Main system topological island</cim:IdentifiedObject.description>
	<cim:TopologicalIsland.AngleRef_TopologicalNode rdf:resource="#_7f84c0237c144e35be1e3e1774da9367"/>
</cim:TopologicalIsland>
<cim:BaseVoltage rdf:ID="_d7f896196a5042b0847a6e7ef2e2cded">
	<cim:BaseVoltage.nominalVoltage>110.000000</cim:BaseVoltage.nominalVoltage>
	<cim:BaseVoltage.isDC>"FALSE"</cim:BaseVoltage.isDC>
</cim:BaseVoltage>
<cim:VoltageLevel rdf:ID="_a4aa8b9bfb3f4b24bf564f07f0e7a08b">
	<cim:IdentifiedObject.name>110.0</cim:IdentifiedObject.name>
	<cim:VoltageLevel.highVoltageLimit>121.00</cim:VoltageLevel.highVoltageLimit>
	<cim:VoltageLevel.lowVoltageLimit>99.00</cim:VoltageLevel.lowVoltageLimit>
	<cim:VoltageLevel.BaseVoltage rdf:resource="#_d7f896196a5042b0847a6e7ef2e2cded"/>
</cim:VoltageLevel>
<cim:VoltageLevel rdf:ID="_9a39e9d4ae054b9c867b9e0368075af0">
	<cim:IdentifiedObject.name>110.0</cim:IdentifiedObject.name>
	<cim:VoltageLevel.highVoltageLimit>121.00</cim:VoltageLevel.highVoltageLimit>
	<cim:VoltageLevel.lowVoltageLimit>99.00</cim:VoltageLevel.lowVoltageLimit>
	<cim:VoltageLevel.BaseVoltage rdf:resource="#_d7f896196a5042b0847a6e7ef2e2cded"/>
</cim:VoltageLevel>
<cim:GeneratingUnit rdf:ID="_ead1a0f5ce364da0a4c4973c9f723e03">
	<cim:IdentifiedObject.name>Gen1</cim:IdentifiedObject.name>
	<cim:IdentifiedObject.description>Gen1</cim:IdentifiedObject.description>
	<cim:GeneratingUnit.nominalP>96.800</cim:GeneratingUnit.nominalP>
	<cim:GeneratingUnit.normalPF>0.800</cim:GeneratingUnit.normalPF>
	<cim:GeneratingUnit.maxOperatingP>0.000</cim:GeneratingUnit.maxOperatingP>
	<cim:GeneratingUnit.minOperatingP>0.000</cim:GeneratingUnit.minOperatingP>
	<cim:Equipment.equivalent>FALSE</cim:Equipment.equivalent>
	<cim:Equipment.externalsystem>0</cim:Equipment.externalsystem>
	<cim:Equipment.MemberOf_EquipmentContainer rdf:resource="#_a4aa8b9bfb3f4b24bf564f07f0e7a08b"/>
</cim:GeneratingUnit>
<cim:GeneratingUnit rdf:ID="_c5571e582427496585df0e195eb7ae74">
	<cim:IdentifiedObject.name>Swing</cim:IdentifiedObject.name>
	<cim:IdentifiedObject.description>Swing</cim:IdentifiedObject.description>
	<cim:GeneratingUnit.nominalP>80.000</cim:GeneratingUnit.nominalP>
	<cim:GeneratingUnit.normalPF>0.800</cim:GeneratingUnit.normalPF>
	<cim:GeneratingUnit.maxOperatingP>0.000</cim:GeneratingUnit.maxOperatingP>
	<cim:GeneratingUnit.minOperatingP>0.000</cim:GeneratingUnit.minOperatingP>
	<cim:Equipment.equivalent>FALSE</cim:Equipment.equivalent>
	<cim:Equipment.externalsystem>1</cim:Equipment.externalsystem>
	<cim:Equipment.MemberOf_EquipmentContainer rdf:resource="#_9a39e9d4ae054b9c867b9e0368075af0"/>
</cim:GeneratingUnit>
<cim:SynchronousMachine rdf:ID="_908cf8bac72c487aafb700b6d8da69b2">
	<cim:IdentifiedObject.name>Gen1</cim:IdentifiedObject.name>
	<cim:IdentifiedObject.description>Gen1</cim:IdentifiedObject.description>
	<cim:GeneratingUnit.UniqueNumber>0</cim:GeneratingUnit.UniqueNumber>
	<cim:GeneratingUnit.Voltage>111.500</cim:GeneratingUnit.Voltage>
	<cim:SynchronousMachine.qPercent>0.0</cim:SynchronousMachine.qPercent>
	<cim:SynchronousMachine.maxQ>72.600</cim:SynchronousMachine.maxQ>
	<cim:SynchronousMachine.minQ>-72.600</cim:SynchronousMachine.minQ>
	<cim:SynchronousMachine.ratedS>121.000000</cim:SynchronousMachine.ratedS>
	<cim:SynchronousMachine.Nmb_of_RVC_Node>-1</cim:SynchronousMachine.Nmb_of_RVC_Node>
	<cim:SynchronousMachine.RVC_Node_Voltage>0.000000</cim:SynchronousMachine.RVC_Node_Voltage>
	<cim:SynchronousMachine.RVC_Node_Voltage_Lower>0.000000</cim:SynchronousMachine.RVC_Node_Voltage_Lower>
	<cim:SynchronousMachine.RVC_Node_Voltage_Upper>0.000000</cim:SynchronousMachine.RVC_Node_Voltage_Upper>
	<cim:SynchronousMachine.r>1.000000</cim:SynchronousMachine.r>
	<cim:SynchronousMachine.x>55.999996</cim:SynchronousMachine.x>
	<cim:SynchronousMachine.r0>1.000000</cim:SynchronousMachine.r0>
	<cim:SynchronousMachine.x0>40.000000</cim:SynchronousMachine.x0>
	<cim:SynchronousMachine.r2>1.000000</cim:SynchronousMachine.r2>
	<cim:SynchronousMachine.x2>56.000000</cim:SynchronousMachine.x2>
	<cim:SynchronousMachine.xground>0.000000</cim:SynchronousMachine.xground>
	<cim:SynchronousMachine.rground>0.000000</cim:SynchronousMachine.rground>
	<cim:Equipment.equivalent>FALSE</cim:Equipment.equivalent>
	<cim:SynchronousMachine.SystemSwing>0</cim:SynchronousMachine.SystemSwing>
	<cim:Machine.Type>0</cim:Machine.Type>
	<cim:SynchronousMachine.SalientPole>TRUE</cim:SynchronousMachine.SalientPole>
	<cim:SynchronousMachine.InertiaConstant>4.0000</cim:SynchronousMachine.InertiaConstant>
	<cim:SynchronousMachine.Tdo_subtransient>0.0500</cim:SynchronousMachine.Tdo_subtransient>
	<cim:SynchronousMachine.Tqo_subtransient>0.0800</cim:SynchronousMachine.Tqo_subtransient>
	<cim:SynchronousMachine.Tdo_transient>5.0000</cim:SynchronousMachine.Tdo_transient>
	<cim:SynchronousMachine.Tqo_transient>1.0000</cim:SynchronousMachine.Tqo_transient>
	<cim:SynchronousMachine.Xl>10.000000</cim:SynchronousMachine.Xl>
	<cim:SynchronousMachine.Xd_subtransient>56.000000</cim:SynchronousMachine.Xd_subtransient>
	<cim:SynchronousMachine.Xq_subtransient>56.000000</cim:SynchronousMachine.Xq_subtransient>
	<cim:SynchronousMachine.Xd_transient>65.000000</cim:SynchronousMachine.Xd_transient>
	<cim:SynchronousMachine.Xq_transient>175.000000</cim:SynchronousMachine.Xq_transient>
	<cim:SynchronousMachine.Xd_steady_state>200.000000</cim:SynchronousMachine.Xd_steady_state>
	<cim:SynchronousMachine.Xq_steady_state>175.000000</cim:SynchronousMachine.Xq_steady_state>
	<cim:SynchronousMachine.considerSaturation>1</cim:SynchronousMachine.considerSaturation>
	<cim:SynchronousMachine.SG10>0.30100</cim:SynchronousMachine.SG10>
	<cim:SynchronousMachine.SG12>0.91740</cim:SynchronousMachine.SG12>
	<cim:SynchronousMachine.Statism>10000.0000</cim:SynchronousMachine.Statism>
	<cim:SynchronousMachine.minOperVolt>0.100</cim:SynchronousMachine.minOperVolt>
	<cim:SynchronousMachine.minVoltForRet>0.105</cim:SynchronousMachine.minVoltForRet>
	<cim:StaticGenerator.maxOperVolt>1.2000</cim:StaticGenerator.maxOperVolt>
	<cim:StaticGenerator.lowOperVolt>0.5000</cim:StaticGenerator.lowOperVolt>
	<cim:StaticGenerator.Kp_APR>1.0000</cim:StaticGenerator.Kp_APR>
	<cim:StaticGenerator.Ki_APR>1.0000</cim:StaticGenerator.Ki_APR>
	<cim:StaticGenerator.minLimit_APR>0.0000</cim:StaticGenerator.minLimit_APR>
	<cim:StaticGenerator.maxLimit_APR>1.0000</cim:StaticGenerator.maxLimit_APR>
	<cim:StaticGenerator.Kp_AVR>1.0000</cim:StaticGenerator.Kp_AVR>
	<cim:StaticGenerator.Ki_AVR>1.0000</cim:StaticGenerator.Ki_AVR>
	<cim:StaticGenerator.minLimit_AVR>-1.0000</cim:StaticGenerator.minLimit_AVR>
	<cim:StaticGenerator.maxLimit_AVR>1.0000</cim:StaticGenerator.maxLimit_AVR>
	<cim:SynchronousMachine.DFIM>-1</cim:SynchronousMachine.DFIM>
	<cim:AsynchronousMachine.DoubleCage>FALSE</cim:AsynchronousMachine.DoubleCage>
	<cim:AsynchronousMachine.Xm>0.000000</cim:AsynchronousMachine.Xm>
	<cim:AsynchronousMachine.Rs>0.000000</cim:AsynchronousMachine.Rs>
	<cim:AsynchronousMachine.Xs>0.000000</cim:AsynchronousMachine.Xs>
	<cim:AsynchronousMachine.Rr1>0.000000</cim:AsynchronousMachine.Rr1>
	<cim:AsynchronousMachine.Xr1>0.000000</cim:AsynchronousMachine.Xr1>
	<cim:AsynchronousMachine.Rr2>0.000000</cim:AsynchronousMachine.Rr2>
	<cim:AsynchronousMachine.Xr2>0.000000</cim:AsynchronousMachine.Xr2>
	<cim:SynchronousMachine.operatingMode rdf:resource="http://iec.ch/TC57/2009/CIM-schema-cim14#SynchronousMachineOperatingMode.generator"/>
	<cim:SynchronousMachine.type rdf:resource="http://iec.ch/TC57/2009/CIM-schema-cim14#SynchronousMachineType.generator"/>
	<cim:Equipment.MemberOf_EquipmentContainer rdf:resource="#_a4aa8b9bfb3f4b24bf564f07f0e7a08b"/>
	<cim:RegulatingCondEq.RegulatingControl rdf:resource="#_a8fa18b5610d47bcb34196203a7006f5"/>
	<cim:RegulatingCondEq.ExcitationSystem rdf:resource="#_09c2cf93c4c94651811b47f86546059c"/>
	<cim:RegulatingCondEq.PSS rdf:resource="#_556328276e184926b810c597e9787979"/>
	<cim:RegulatingCondEq.TurbineSystem rdf:resource="#_86e1791d20054be492df7166e028cc7c"/>
	<cim:SynchronousMachine.MemberOf_GeneratingUnit rdf:resource="#_ead1a0f5ce364da0a4c4973c9f723e03"/>
	<cim:SynchronousMachine.connectionType rdf:resource="http://iec.ch/TC57/2009/CIM-schema-cim14#WindingConnection.YG"/>
</cim:SynchronousMachine>
<cim:SynchronousMachine rdf:ID="_9af7204e7f00479bb0429fb54b5900ce">
	<cim:IdentifiedObject.name>Swing</cim:IdentifiedObject.name>
	<cim:IdentifiedObject.description>Swing</cim:IdentifiedObject.description>
	<cim:GeneratingUnit.UniqueNumber>0</cim:GeneratingUnit.UniqueNumber>
	<cim:GeneratingUnit.Voltage>111.000</cim:GeneratingUnit.Voltage>
	<cim:SynchronousMachine.qPercent>0.0</cim:SynchronousMachine.qPercent>
	<cim:SynchronousMachine.maxQ>0.000</cim:SynchronousMachine.maxQ>
	<cim:SynchronousMachine.minQ>0.000</cim:SynchronousMachine.minQ>
	<cim:SynchronousMachine.ratedS>100.000000</cim:SynchronousMachine.ratedS>
	<cim:SynchronousMachine.Nmb_of_RVC_Node>-1</cim:SynchronousMachine.Nmb_of_RVC_Node>
	<cim:SynchronousMachine.RVC_Node_Voltage>0.000000</cim:SynchronousMachine.RVC_Node_Voltage>
	<cim:SynchronousMachine.RVC_Node_Voltage_Lower>0.000000</cim:SynchronousMachine.RVC_Node_Voltage_Lower>
	<cim:SynchronousMachine.RVC_Node_Voltage_Upper>0.000000</cim:SynchronousMachine.RVC_Node_Voltage_Upper>
	<cim:SynchronousMachine.r>1.210000</cim:SynchronousMachine.r>
	<cim:SynchronousMachine.x>24.199999</cim:SynchronousMachine.x>
	<cim:SynchronousMachine.r0>1.210000</cim:SynchronousMachine.r0>
	<cim:SynchronousMachine.x0>24.199999</cim:SynchronousMachine.x0>
	<cim:SynchronousMachine.r2>1.210000</cim:SynchronousMachine.r2>
	<cim:SynchronousMachine.x2>24.199999</cim:SynchronousMachine.x2>
	<cim:SynchronousMachine.xground>0.000000</cim:SynchronousMachine.xground>
	<cim:SynchronousMachine.rground>0.000000</cim:SynchronousMachine.rground>
	<cim:Equipment.equivalent>FALSE</cim:Equipment.equivalent>
	<cim:SynchronousMachine.SystemSwing>1</cim:SynchronousMachine.SystemSwing>
	<cim:Machine.Type>0</cim:Machine.Type>
	<cim:SynchronousMachine.SalientPole>TRUE</cim:SynchronousMachine.SalientPole>
	<cim:SynchronousMachine.InertiaConstant>100.0000</cim:SynchronousMachine.InertiaConstant>
	<cim:SynchronousMachine.Tdo_subtransient>0.0500</cim:SynchronousMachine.Tdo_subtransient>
	<cim:SynchronousMachine.Tqo_subtransient>0.0500</cim:SynchronousMachine.Tqo_subtransient>
	<cim:SynchronousMachine.Tdo_transient>0.0500</cim:SynchronousMachine.Tdo_transient>
	<cim:SynchronousMachine.Tqo_transient>0.0500</cim:SynchronousMachine.Tqo_transient>
	<cim:SynchronousMachine.Xl>0.000000</cim:SynchronousMachine.Xl>
	<cim:SynchronousMachine.Xd_subtransient>24.199999</cim:SynchronousMachine.Xd_subtransient>
	<cim:SynchronousMachine.Xq_subtransient>24.199999</cim:SynchronousMachine.Xq_subtransient>
	<cim:SynchronousMachine.Xd_transient>24.199999</cim:SynchronousMachine.Xd_transient>
	<cim:SynchronousMachine.Xq_transient>24.199999</cim:SynchronousMachine.Xq_transient>
	<cim:SynchronousMachine.Xd_steady_state>24.199999</cim:SynchronousMachine.Xd_steady_state>
	<cim:SynchronousMachine.Xq_steady_state>24.199999</cim:SynchronousMachine.Xq_steady_state>
	<cim:SynchronousMachine.considerSaturation>0</cim:SynchronousMachine.considerSaturation>
	<cim:SynchronousMachine.SG10>0.30100</cim:SynchronousMachine.SG10>
	<cim:SynchronousMachine.SG12>0.91738</cim:SynchronousMachine.SG12>
	<cim:SynchronousMachine.Statism>10000.0000</cim:SynchronousMachine.Statism>
	<cim:SynchronousMachine.minOperVolt>0.100</cim:SynchronousMachine.minOperVolt>
	<cim:SynchronousMachine.minVoltForRet>0.105</cim:SynchronousMachine.minVoltForRet>
	<cim:StaticGenerator.maxOperVolt>1.2000</cim:StaticGenerator.maxOperVolt>
	<cim:StaticGenerator.lowOperVolt>0.5000</cim:StaticGenerator.lowOperVolt>
	<cim:StaticGenerator.Kp_APR>1.0000</cim:StaticGenerator.Kp_APR>
	<cim:StaticGenerator.Ki_APR>1.0000</cim:StaticGenerator.Ki_APR>
	<cim:StaticGenerator.minLimit_APR>0.0000</cim:StaticGenerator.minLimit_APR>
	<cim:StaticGenerator.maxLimit_APR>1.0000</cim:StaticGenerator.maxLimit_APR>
	<cim:StaticGenerator.Kp_AVR>1.0000</cim:StaticGenerator.Kp_AVR>
	<cim:StaticGenerator.Ki_AVR>1.0000</cim:StaticGenerator.Ki_AVR>
	<cim:StaticGenerator.minLimit_AVR>-1.0000</cim:StaticGenerator.minLimit_AVR>
	<cim:StaticGenerator.maxLimit_AVR>1.0000</cim:StaticGenerator.maxLimit_AVR>
	<cim:SynchronousMachine.DFIM>-1</cim:SynchronousMachine.DFIM>
	<cim:AsynchronousMachine.DoubleCage>FALSE</cim:AsynchronousMachine.DoubleCage>
	<cim:AsynchronousMachine.Xm>0.000000</cim:AsynchronousMachine.Xm>
	<cim:AsynchronousMachine.Rs>0.000000</cim:AsynchronousMachine.Rs>
	<cim:AsynchronousMachine.Xs>0.000000</cim:AsynchronousMachine.Xs>
	<cim:AsynchronousMachine.Rr1>0.000000</cim:AsynchronousMachine.Rr1>
	<cim:AsynchronousMachine.Xr1>0.000000</cim:AsynchronousMachine.Xr1>
	<cim:AsynchronousMachine.Rr2>0.000000</cim:AsynchronousMachine.Rr2>
	<cim:AsynchronousMachine.Xr2>0.000000</cim:AsynchronousMachine.Xr2>
	<cim:SynchronousMachine.operatingMode rdf:resource="http://iec.ch/TC57/2009/CIM-schema-cim14#SynchronousMachineOperatingMode.generator"/>
	<cim:SynchronousMachine.type rdf:resource="http://iec.ch/TC57/2009/CIM-schema-cim14#SynchronousMachineType.generator"/>
	<cim:Equipment.MemberOf_EquipmentContainer rdf:resource="#_9a39e9d4ae054b9c867b9e0368075af0"/>
	<cim:RegulatingCondEq.RegulatingControl rdf:resource="#_995f3e904342412f9da6ab5a3fd09e3a"/>
	<cim:RegulatingCondEq.ExcitationSystem rdf:resource="#_27e624082233461f8f363c877bfa5d18"/>
	<cim:RegulatingCondEq.PSS rdf:resource="#_981f404ede8843cab4885d35609c0d22"/>
	<cim:RegulatingCondEq.TurbineSystem rdf:resource="#_ce65bcd1125b4bca8bda83a0e544e66d"/>
	<cim:SynchronousMachine.MemberOf_GeneratingUnit rdf:resource="#_c5571e582427496585df0e195eb7ae74"/>
	<cim:SynchronousMachine.connectionType rdf:resource="http://iec.ch/TC57/2009/CIM-schema-cim14#WindingConnection.YG"/>
</cim:SynchronousMachine>
<cim:ACLineSegment rdf:ID="_d28f2f01005142e8b5465265ed6076cb">
	<cim:Line.UniqueNumber>0</cim:Line.UniqueNumber>
	<cim:IdentifiedObject.name>1</cim:IdentifiedObject.name>
	<cim:IdentifiedObject.description>Node 1 External System '1'</cim:IdentifiedObject.description>
	<cim:ACLineSegment.r>0.500000</cim:ACLineSegment.r>
	<cim:ACLineSegment.x>1.500000</cim:ACLineSegment.x>
	<cim:ACLineSegment.bch>3.000000e-05</cim:ACLineSegment.bch>
	<cim:ACLineSegment.gch>0.000000e+00</cim:ACLineSegment.gch>
	<cim:ACLineSegment.r0>1.500000</cim:ACLineSegment.r0>
	<cim:ACLineSegment.x0>4.500000</cim:ACLineSegment.x0>
	<cim:ACLineSegment.b0ch>2.000000e-05</cim:ACLineSegment.b0ch>
	<cim:ACLineSegment.g0ch>0.000000e+00</cim:ACLineSegment.g0ch>
	<cim:ACLineSegment.length>0.000000</cim:ACLineSegment.length>
	<cim:ConductingEquipment.BaseVoltage rdf:resource="#"/>
</cim:ACLineSegment>
<cim:ACLineSegment rdf:ID="_41b7f150c6cd4aafa6123d3e16754050">
	<cim:Line.UniqueNumber>1</cim:Line.UniqueNumber>
	<cim:IdentifiedObject.name>2</cim:IdentifiedObject.name>
	<cim:IdentifiedObject.description>Node 1 External System '2'</cim:IdentifiedObject.description>
	<cim:ACLineSegment.r>0.500000</cim:ACLineSegment.r>
	<cim:ACLineSegment.x>1.500000</cim:ACLineSegment.x>
	<cim:ACLineSegment.bch>3.000000e-05</cim:ACLineSegment.bch>
	<cim:ACLineSegment.gch>0.000000e+00</cim:ACLineSegment.gch>
	<cim:ACLineSegment.r0>1.500000</cim:ACLineSegment.r0>
	<cim:ACLineSegment.x0>4.500000</cim:ACLineSegment.x0>
	<cim:ACLineSegment.b0ch>2.000000e-05</cim:ACLineSegment.b0ch>
	<cim:ACLineSegment.g0ch>0.000000e+00</cim:ACLineSegment.g0ch>
	<cim:ACLineSegment.length>0.000000</cim:ACLineSegment.length>
	<cim:ConductingEquipment.BaseVoltage rdf:resource="#"/>
</cim:ACLineSegment>
<cim:Terminal rdf:ID="_86de40e687094e8a9e1e333ccdcb5ab9">
	<cim:Line.UniqueNumber>0</cim:Line.UniqueNumber>
	<cim:IdentifiedObject.name>1</cim:IdentifiedObject.name>
	<cim:IdentifiedObject.name>1</cim:IdentifiedObject.name>
	<cim:Terminal.ConductingEquipment rdf:resource="#_d28f2f01005142e8b5465265ed6076cb"/>
</cim:Terminal>
<cim:Terminal rdf:ID="_c35d5d920cb148beba42d5295297c3f5">
	<cim:IdentifiedObject.name>1</cim:IdentifiedObject.name>
	<cim:Terminal.ConductingEquipment rdf:resource="#_d28f2f01005142e8b5465265ed6076cb"/>
</cim:Terminal>
<cim:Terminal rdf:ID="_60c27225385f4edbaaa4f1fc731ed9d7">
	<cim:Line.UniqueNumber>1</cim:Line.UniqueNumber>
	<cim:IdentifiedObject.name>1</cim:IdentifiedObject.name>
	<cim:IdentifiedObject.name>1</cim:IdentifiedObject.name>
	<cim:Terminal.ConductingEquipment rdf:resource="#_41b7f150c6cd4aafa6123d3e16754050"/>
</cim:Terminal>
<cim:Terminal rdf:ID="_5e364e68073f4ecc9e07bb4b7165fced">
	<cim:IdentifiedObject.name>1</cim:IdentifiedObject.name>
	<cim:Terminal.ConductingEquipment rdf:resource="#_41b7f150c6cd4aafa6123d3e16754050"/>
</cim:Terminal>
<cim:Terminal rdf:ID="_da58ae96e5fe4b808ffd8a4445b47203">
	<cim:IdentifiedObject.name>Gen1</cim:IdentifiedObject.name>
	<cim:Terminal.ConductingEquipment rdf:resource="#_908cf8bac72c487aafb700b6d8da69b2"/>
</cim:Terminal>
<cim:Terminal rdf:ID="_f8d20339b75947a0bf7f7ec847d1f56c">
	<cim:IdentifiedObject.name>Swing</cim:IdentifiedObject.name>
	<cim:Terminal.ConductingEquipment rdf:resource="#_9af7204e7f00479bb0429fb54b5900ce"/>
</cim:Terminal>
<cim:OperationalLimitSet rdf:ID="_78651bf474b74ce1b8e3e8e96ddab292">
	<cim:IdentifiedObject.name>Voltage limits for node Node 1</cim:IdentifiedObject.name>
</cim:OperationalLimitSet>
<cim:OperationalLimitSet rdf:ID="_ea4e33603a8b4b53923c32681f4a8c58">
	<cim:IdentifiedObject.name>Voltage limits for node External System</cim:IdentifiedObject.name>
</cim:OperationalLimitSet>
<cim:OperationalLimitSet rdf:ID="_e1076fbf40c44766826feef204f0a36c">
	<cim:IdentifiedObject.name>Ratings</cim:IdentifiedObject.name>
	<cim:IdentifiedObject.description>Ratings for BranchNode 1External System1</cim:IdentifiedObject.description>
	<cim:OperationalLimitSet.Terminal rdf:resource="#_86de40e687094e8a9e1e333ccdcb5ab9"/>
</cim:OperationalLimitSet>
<cim:OperationalLimitSet rdf:ID="_1769f6d6e0db444ca245de17feb53529">
	<cim:IdentifiedObject.name>Ratings</cim:IdentifiedObject.name>
	<cim:IdentifiedObject.description>Ratings for BranchNode 1External System2</cim:IdentifiedObject.description>
	<cim:OperationalLimitSet.Terminal rdf:resource="#_60c27225385f4edbaaa4f1fc731ed9d7"/>
</cim:OperationalLimitSet>
<cim:OperationalLimitType rdf:ID="_470f74c71e9f44bf85e1c2cc5021ae90">
	<cim:IdentifiedObject.name>Alarm</cim:IdentifiedObject.name>
	<cim:OperationalLimitType.direction rdf:resource="http://iec.ch/TC57/2009/CIM-schema-cim14#OperationalLimitDirectionKind.absoluteValue"/>
	<cim:OperationalLimitType.acceptableDuration>0</cim:OperationalLimitType.acceptableDuration>
</cim:OperationalLimitType>
<cim:OperationalLimitType rdf:ID="_e408f7cd709644a182c6d7c1bbbdcaeb">
	<cim:IdentifiedObject.name>TrippingCurrent</cim:IdentifiedObject.name>
	<cim:OperationalLimitType.direction rdf:resource="http://iec.ch/TC57/2009/CIM-schema-cim14#OperationalLimitDirectionKind.absoluteValue"/>
	<cim:OperationalLimitType.acceptableDuration>0</cim:OperationalLimitType.acceptableDuration>
</cim:OperationalLimitType>
<cim:OperationalLimitType rdf:ID="_074d0e6b0b8143209a556b9527e1212f">
	<cim:IdentifiedObject.name>WarningTrippingCurrent</cim:IdentifiedObject.name>
	<cim:OperationalLimitType.direction rdf:resource="http://iec.ch/TC57/2009/CIM-schema-cim14#OperationalLimitDirectionKind.absoluteValue"/>
	<cim:OperationalLimitType.acceptableDuration>0</cim:OperationalLimitType.acceptableDuration>
</cim:OperationalLimitType>
<cim:OperationalLimitType rdf:ID="_cb2f4293ccd64a2ea5161a4b0d5cc434">
	<cim:IdentifiedObject.name>LowVoltage</cim:IdentifiedObject.name>
	<cim:OperationalLimitType.direction rdf:resource="http://iec.ch/TC57/2009/CIM-schema-cim14#OperationalLimitDirectionKind.low"/>
	<cim:OperationalLimitType.acceptableDuration>0</cim:OperationalLimitType.acceptableDuration>
</cim:OperationalLimitType>
<cim:OperationalLimitType rdf:ID="_e59b0df8ace94dd0ab5b682ffef18bc3">
	<cim:IdentifiedObject.name>HighVoltage</cim:IdentifiedObject.name>
	<cim:OperationalLimitType.direction rdf:resource="http://iec.ch/TC57/2009/CIM-schema-cim14#OperationalLimitDirectionKind.high"/>
	<cim:OperationalLimitType.acceptableDuration>0</cim:OperationalLimitType.acceptableDuration>
</cim:OperationalLimitType>
<cim:CurrentLimit rdf:ID="_c23f10af404147ea8f11e32edb2f31c5">
	<cim:IdentifiedObject.name>Normal</cim:IdentifiedObject.name>
	<cim:IdentifiedObject.description>Ratings for Branch Node 1_External System_1 - Normal</cim:IdentifiedObject.description>
	<cim:CurrentLimit.value>1000.000</cim:CurrentLimit.value>
	<cim:OperationalLimit.OperationalLimitSet rdf:resource="#_e1076fbf40c44766826feef204f0a36c"/>
	<cim:OperationalLimit.OperationalLimitType rdf:resource="#_470f74c71e9f44bf85e1c2cc5021ae90"/>
</cim:CurrentLimit>
<cim:CurrentLimit rdf:ID="_c23f10af404147ea8f11e32edb2f31c5">
	<cim:IdentifiedObject.name>Emergency</cim:IdentifiedObject.name>
	<cim:IdentifiedObject.description>Ratings for Branch Node 1_External System_1 - Emergency</cim:IdentifiedObject.description>
	<cim:CurrentLimit.value>0.000</cim:CurrentLimit.value>
	<cim:OperationalLimit.OperationalLimitSet rdf:resource="#_e1076fbf40c44766826feef204f0a36c"/>
	<cim:OperationalLimit.OperationalLimitType rdf:resource="#_e408f7cd709644a182c6d7c1bbbdcaeb"/>
</cim:CurrentLimit>
<cim:CurrentLimit rdf:ID="_c23f10af404147ea8f11e32edb2f31c5">
	<cim:IdentifiedObject.name>ShortTerm</cim:IdentifiedObject.name>
	<cim:IdentifiedObject.description>Ratings for Branch Node 1_External System_1 - ShortTerm</cim:IdentifiedObject.description>
	<cim:CurrentLimit.value>0.000</cim:CurrentLimit.value>
	<cim:OperationalLimit.OperationalLimitSet rdf:resource="#_e1076fbf40c44766826feef204f0a36c"/>
	<cim:OperationalLimit.OperationalLimitType rdf:resource="#_074d0e6b0b8143209a556b9527e1212f"/>
</cim:CurrentLimit>
<cim:CurrentLimit rdf:ID="_768fe5c1f4aa4ddda78169b7b2acbc7b">
	<cim:IdentifiedObject.name>Normal</cim:IdentifiedObject.name>
	<cim:IdentifiedObject.description>Ratings for Branch Node 1_External System_2 - Normal</cim:IdentifiedObject.description>
	<cim:CurrentLimit.value>1000.000</cim:CurrentLimit.value>
	<cim:OperationalLimit.OperationalLimitSet rdf:resource="#_1769f6d6e0db444ca245de17feb53529"/>
	<cim:OperationalLimit.OperationalLimitType rdf:resource="#_470f74c71e9f44bf85e1c2cc5021ae90"/>
</cim:CurrentLimit>
<cim:CurrentLimit rdf:ID="_768fe5c1f4aa4ddda78169b7b2acbc7b">
	<cim:IdentifiedObject.name>Emergency</cim:IdentifiedObject.name>
	<cim:IdentifiedObject.description>Ratings for Branch Node 1_External System_2 - Emergency</cim:IdentifiedObject.description>
	<cim:CurrentLimit.value>0.000</cim:CurrentLimit.value>
	<cim:OperationalLimit.OperationalLimitSet rdf:resource="#_1769f6d6e0db444ca245de17feb53529"/>
	<cim:OperationalLimit.OperationalLimitType rdf:resource="#_e408f7cd709644a182c6d7c1bbbdcaeb"/>
</cim:CurrentLimit>
<cim:CurrentLimit rdf:ID="_768fe5c1f4aa4ddda78169b7b2acbc7b">
	<cim:IdentifiedObject.name>ShortTerm</cim:IdentifiedObject.name>
	<cim:IdentifiedObject.description>Ratings for Branch Node 1_External System_2 - ShortTerm</cim:IdentifiedObject.description>
	<cim:CurrentLimit.value>0.000</cim:CurrentLimit.value>
	<cim:OperationalLimit.OperationalLimitSet rdf:resource="#_1769f6d6e0db444ca245de17feb53529"/>
	<cim:OperationalLimit.OperationalLimitType rdf:resource="#_074d0e6b0b8143209a556b9527e1212f"/>
</cim:CurrentLimit>
<cim:RegulatingControl rdf:ID="_a8fa18b5610d47bcb34196203a7006f5">
	<cim:IdentifiedObject.name>1</cim:IdentifiedObject.name>
	<cim:RegulatingControl.discrete>false</cim:RegulatingControl.discrete>
	<cim:RegulatingControl.mode rdf:resource="http://iec.ch/TC57/2009/CIM-schema-cim14#RegulatingControlModeKind.voltage"/>
	<cim:RegulatingControl.targetValue>111.500</cim:RegulatingControl.targetValue>
	<cim:RegulatingControl.targetRange>0.0</cim:RegulatingControl.targetRange>
	<cim:RegulatingControl.Terminal rdf:resource="#_da58ae96e5fe4b808ffd8a4445b47203"/>
</cim:RegulatingControl>
<cim:RegulatingControl rdf:ID="_995f3e904342412f9da6ab5a3fd09e3a">
	<cim:IdentifiedObject.name>1</cim:IdentifiedObject.name>
	<cim:RegulatingControl.discrete>false</cim:RegulatingControl.discrete>
	<cim:RegulatingControl.mode rdf:resource="http://iec.ch/TC57/2009/CIM-schema-cim14#RegulatingControlModeKind.voltage"/>
	<cim:RegulatingControl.targetValue>111.000</cim:RegulatingControl.targetValue>
	<cim:RegulatingControl.targetRange>0.0</cim:RegulatingControl.targetRange>
	<cim:RegulatingControl.Terminal rdf:resource="#_f8d20339b75947a0bf7f7ec847d1f56c"/>
</cim:RegulatingControl>
<cim:ExcitationSystem rdf:ID="_09c2cf93c4c94651811b47f86546059c">
	<cim:ExcitationSystem.name>ST1A</cim:ExcitationSystem.name>
	<cim:ExcitationSystem.TA>0.050000</cim:ExcitationSystem.TA>
	<cim:ExcitationSystem.TB>10.000000</cim:ExcitationSystem.TB>
	<cim:ExcitationSystem.TC>1.000000</cim:ExcitationSystem.TC>
	<cim:ExcitationSystem.TB1>10.000000</cim:ExcitationSystem.TB1>
	<cim:ExcitationSystem.TC1>1.000000</cim:ExcitationSystem.TC1>
	<cim:ExcitationSystem.TF>0.200000</cim:ExcitationSystem.TF>
	<cim:ExcitationSystem.TR>0.020000</cim:ExcitationSystem.TR>
	<cim:ExcitationSystem.VRMIN>-3.500000</cim:ExcitationSystem.VRMIN>
	<cim:ExcitationSystem.VRMAX>3.500000</cim:ExcitationSystem.VRMAX>
	<cim:ExcitationSystem.VAMIN>-6.000000</cim:ExcitationSystem.VAMIN>
	<cim:ExcitationSystem.VAMAX>6.000000</cim:ExcitationSystem.VAMAX>
	<cim:ExcitationSystem.VIMIN>-0.150000</cim:ExcitationSystem.VIMIN>
	<cim:ExcitationSystem.VIMAX>0.150000</cim:ExcitationSystem.VIMAX>
	<cim:ExcitationSystem.ILR>4.400000</cim:ExcitationSystem.ILR>
	<cim:ExcitationSystem.KA>10.000000</cim:ExcitationSystem.KA>
	<cim:ExcitationSystem.KC>0.038000</cim:ExcitationSystem.KC>
	<cim:ExcitationSystem.KF>5.000000</cim:ExcitationSystem.KF>
	<cim:ExcitationSystem.KLR>4.540000</cim:ExcitationSystem.KLR>
</cim:ExcitationSystem>
<cim:ExcitationSystem rdf:ID="_27e624082233461f8f363c877bfa5d18">
</cim:ExcitationSystem>
<cim:TurbineSystem rdf:ID="_86e1791d20054be492df7166e028cc7c">
	<cim:TurbineSystem.TypeOfTurbine>0</cim:TurbineSystem.TypeOfTurbine>
	<cim:TurbineSystem.TypeOfTurbineGovernor>0</cim:TurbineSystem.TypeOfTurbineGovernor>
	<cim:TurbineSystem.TurbineGovernor rdf:resource="_fc12e3414f2a48a689eb4656fb28e519">
	<cim:TurbineSystem.Prated>100.000000</cim:TurbineSystem.Prated>
	<cim:TurbineSystem.qnL>0.160000</cim:TurbineSystem.qnL>
	<cim:TurbineSystem.fp>0.000300</cim:TurbineSystem.fp>
	<cim:TurbineSystem.Zo>1.400000</cim:TurbineSystem.Zo>
	<cim:TurbineSystem.Te>2.000000</cim:TurbineSystem.Te>
	<cim:TurbineSystem.D>0.400000</cim:TurbineSystem.D>
</cim:TurbineSystem>
<cim:TurbineSystem rdf:ID="_ce65bcd1125b4bca8bda83a0e544e66d">
</cim:TurbineSystem>
<cim:TurbineGovernor rdf:ID="_fc12e3414f2a48a689eb4656fb28e519">
	<cim:TurbineGovernor.TypeOfTurbineGovernor>0</cim:ExcitationSystem.TurbineGovernor.TypeOfTurbineGovernor>
	<cim:TurbineGovernor.Tg>0.100000</cim:TurbineGovernor.Tg>
	<cim:TurbineGovernor.Tp>0.020000</cim:TurbineGovernor.Tp>
	<cim:TurbineGovernor.TR>2.000000</cim:TurbineGovernor.TR>
	<cim:TurbineGovernor.Q>100.000000</cim:TurbineGovernor.Q>
	<cim:TurbineGovernor.Rt>22.500000</cim:TurbineGovernor.Rt>
	<cim:TurbineGovernor.Rp>0.450000</cim:TurbineGovernor.Rp>
	<cim:TurbineGovernor.OPEN>0.100000</cim:TurbineGovernor.OPEN>
	<cim:TurbineGovernor.CLOSE>-0.100000</cim:TurbineGovernor.CLOSE>
	<cim:TurbineGovernor.GMIN>0.000000</cim:TurbineGovernor.GMIN>
	<cim:TurbineGovernor.GMAX>1.000000</cim:TurbineGovernor.GMAX>
</cim:TurbineGovernor>
<cim:TurbineGovernor rdf:ID="_895d90e11b1c4979a24e1aa16862da1f">
</cim:TurbineGovernor>
<cim:PSS rdf:ID="_556328276e184926b810c597e9787979">
</cim:PSS>
<cim:PSS rdf:ID="_981f404ede8843cab4885d35609c0d22">
</cim:PSS>
<cim:VoltageStabilitySettings rdf:ID="_a37aaa55e6b74daba9c20de790b633dd">
	<cim:VoltageStabilitySettings.nmbOfIterations>256</cim:VoltageStabilitySettings.nmbOfIterations>
	<cim:VoltageStabilitySettings.nmbOfDrawingNodes>0</cim:VoltageStabilitySettings.nmbOfDrawingNodes>
	<cim:VoltageStabilitySettings.loadShiftCoefficient>1.050000</cim:VoltageStabilitySettings.loadShiftCoefficient>
	<cim:VoltageStabilitySettings.xScaleRatio>1.000000</cim:VoltageStabilitySettings.xScaleRatio>
	<cim:VoltageStabilitySettings.yScaleRatio>1.000000</cim:VoltageStabilitySettings.yScaleRatio>
	<cim:VoltageStabilitySettings.nmbNodesTakingPartInVoltageStability>0</cim:VoltageStabilitySettings.nmbNodesTakingPartInVoltageStability>
	<cim:VoltageStabilitySettings.nmbGensTakingPartInVoltageStability>0</cim:VoltageStabilitySettings.nmbGensTakingPartInVoltageStability>
</cim:VoltageStabilitySettings>
</rdf:RDF>