<?xml version="1.0" encoding="UTF-8"?>
<rdf:RDF xmlns:rdf="http://www.w3.org/1999/02/22-rdf-syntax-ns#" xmlns:cim="http://iec.ch/TC57/2009/CIM-schema-cim14#">
<md:FullModel xmlns:md="http://www.casepowersoftware.com/2020/31 node_SV/1">
	<md:Model.created>2025-11-23-20</md:Model.created>
	<md:Model.Version>
		<md:Description>
			<md:Description.name>31 node_SV</md:Description.name>
			<md:Description.version>1</md:Description.version>
			<md:Description.ModelComment></md:Description.ModelComment>
		</md:Description>
	</md:Model.Version>
	<md:Model.ModelingAuthoritySet>
		<md:Description>
			<md:Description.name>31 node</md:Description.name>
		</md:Description>
	</md:Model.ModelingAuthoritySet>
	<md:Model.Profile>
		<md:Description>
			<md:Description.uri>http://iec.ch/TC57/61970-452/StateVariables/1</md:Description.uri>
			<md:Description.name>IEC61970-452-StateVariables_Model</md:Description.name>
			<md:Description.version>1</md:Description.version>
		</md:Description>
	</md:Model.Profile>
	<md:Model.Creator>
		<md:Description>
			<md:Description.name>CASE 1.0</md:Description.name>
		</md:Description>
	</md:Model.Creator>
</md:FullModel>
<cim:SvVoltage rdf:ID="_ec4e869ba6384f81ac51db47043f79ee">
	<cim:SvVoltage.v>406.6193</cim:SvVoltage.v>
	<cim:SvVoltage.angle>-5.4212</cim:SvVoltage.angle>
	<cim:SvVoltage.TopologicalNode rdf:resource="#_2cd97c07feef43fb980c94f8bdd35e6c"/>
</cim:SvVoltage>
<cim:SvVoltage rdf:ID="_4361e1c2a1d94e77a899a8d83963065d">
	<cim:SvVoltage.v>417.0000</cim:SvVoltage.v>
	<cim:SvVoltage.angle> 0.0000</cim:SvVoltage.angle>
	<cim:SvVoltage.TopologicalNode rdf:resource="#_1a4ddb2b9b834e19a9bb3b5e1496822d"/>
</cim:SvVoltage>
<cim:SvVoltage rdf:ID="_0c0e2ceaebce4bf5a0e274941b960f90">
	<cim:SvVoltage.v>15.7500</cim:SvVoltage.v>
	<cim:SvVoltage.angle>-1.1474</cim:SvVoltage.angle>
	<cim:SvVoltage.TopologicalNode rdf:resource="#_77db09f01ab54f26aac0e5896aff266a"/>
</cim:SvVoltage>
<cim:SvVoltage rdf:ID="_11a752d9e5a44ec3a007d6be91d8dc60">
	<cim:SvVoltage.v>15.7500</cim:SvVoltage.v>
	<cim:SvVoltage.angle>-1.1474</cim:SvVoltage.angle>
	<cim:SvVoltage.TopologicalNode rdf:resource="#_cb438241085a488e8e1d309b6dc87224"/>
</cim:SvVoltage>
<cim:SvVoltage rdf:ID="_2eaef942ee2f45078b19030afd3eb090">
	<cim:SvVoltage.v>399.0041</cim:SvVoltage.v>
	<cim:SvVoltage.angle>-8.0524</cim:SvVoltage.angle>
	<cim:SvVoltage.TopologicalNode rdf:resource="#_99a16769411a422891cfbd4fa1a49239"/>
</cim:SvVoltage>
<cim:SvVoltage rdf:ID="_7e4a3eefe4da4102b5ab88c389d0d768">
	<cim:SvVoltage.v>378.6719</cim:SvVoltage.v>
	<cim:SvVoltage.angle>-12.4699</cim:SvVoltage.angle>
	<cim:SvVoltage.TopologicalNode rdf:resource="#_e9c2b323924e400ab64d98f5182cb363"/>
</cim:SvVoltage>
<cim:SvVoltage rdf:ID="_026a6ba243954670aeb49f022fb20549">
	<cim:SvVoltage.v>104.5323</cim:SvVoltage.v>
	<cim:SvVoltage.angle>-18.0983</cim:SvVoltage.angle>
	<cim:SvVoltage.TopologicalNode rdf:resource="#_70d2442e774e457399e524fdd42b303f"/>
</cim:SvVoltage>
<cim:SvVoltage rdf:ID="_bf14e99cd78f437b8f594591f8246b51">
	<cim:SvVoltage.v>108.9125</cim:SvVoltage.v>
	<cim:SvVoltage.angle>-14.2593</cim:SvVoltage.angle>
	<cim:SvVoltage.TopologicalNode rdf:resource="#_11e26afd930e41f89034b571f0badfba"/>
</cim:SvVoltage>
<cim:SvVoltage rdf:ID="_22e4c6c2c16b4ab0964c1e401c4861b5">
	<cim:SvVoltage.v>10.7000</cim:SvVoltage.v>
	<cim:SvVoltage.angle>-9.7596</cim:SvVoltage.angle>
	<cim:SvVoltage.TopologicalNode rdf:resource="#_de01482eb789447dbf8473649d6bdaa2"/>
</cim:SvVoltage>
<cim:SvVoltage rdf:ID="_2fcec869631e48579bab9e7de81eca6c">
	<cim:SvVoltage.v>10.4894</cim:SvVoltage.v>
	<cim:SvVoltage.angle>-14.6535</cim:SvVoltage.angle>
	<cim:SvVoltage.TopologicalNode rdf:resource="#_85cc04d00e494ae980c0f677df5c6bf0"/>
</cim:SvVoltage>
<cim:SvVoltage rdf:ID="_09a3d8fb58b24872b5f4f291a9d3bb22">
	<cim:SvVoltage.v>398.2478</cim:SvVoltage.v>
	<cim:SvVoltage.angle>-8.1093</cim:SvVoltage.angle>
	<cim:SvVoltage.TopologicalNode rdf:resource="#_136807228fc543c996649857c83c544e"/>
</cim:SvVoltage>
<cim:SvVoltage rdf:ID="_cdbcbc59e7c248fd9975a7b0eca1e1f5">
	<cim:SvVoltage.v>105.1656</cim:SvVoltage.v>
	<cim:SvVoltage.angle>-14.7279</cim:SvVoltage.angle>
	<cim:SvVoltage.TopologicalNode rdf:resource="#_09a0a690de604ed4983dd79de6d6ee70"/>
</cim:SvVoltage>
<cim:SvVoltage rdf:ID="_0cb1f6966a6c402586e24d591104969c">
	<cim:SvVoltage.v>100.7230</cim:SvVoltage.v>
	<cim:SvVoltage.angle>-19.9043</cim:SvVoltage.angle>
	<cim:SvVoltage.TopologicalNode rdf:resource="#_ce4a53ed0c004d8ab7f589b895788b3b"/>
</cim:SvVoltage>
<cim:SvVoltage rdf:ID="_7f53733b88bc409bb21091304be61177">
	<cim:SvVoltage.v>35.7270</cim:SvVoltage.v>
	<cim:SvVoltage.angle>-11.5913</cim:SvVoltage.angle>
	<cim:SvVoltage.TopologicalNode rdf:resource="#_f3528350f2764e69bd196ba2659e8fad"/>
</cim:SvVoltage>
<cim:SvVoltage rdf:ID="_eac607c530e7437a94b7b13e0ef1a7ed">
	<cim:SvVoltage.v>109.0288</cim:SvVoltage.v>
	<cim:SvVoltage.angle>-14.1508</cim:SvVoltage.angle>
	<cim:SvVoltage.TopologicalNode rdf:resource="#_8deb8b87c44c472fa911f3d4ef389be2"/>
</cim:SvVoltage>
<cim:SvVoltage rdf:ID="_9bb4e90bb50f43fc875356b378b915dc">
	<cim:SvVoltage.v>99.3398</cim:SvVoltage.v>
	<cim:SvVoltage.angle>-20.9824</cim:SvVoltage.angle>
	<cim:SvVoltage.TopologicalNode rdf:resource="#_c1bc58614ab44418b4009ddba08b37df"/>
</cim:SvVoltage>
<cim:SvVoltage rdf:ID="_cca76e9dcfe04f82bdd0f7bde68cb0db">
	<cim:SvVoltage.v> 9.9543</cim:SvVoltage.v>
	<cim:SvVoltage.angle>-15.5377</cim:SvVoltage.angle>
	<cim:SvVoltage.TopologicalNode rdf:resource="#_b5e1a292801e433a9e7a0aca4b985745"/>
</cim:SvVoltage>
<cim:SvVoltage rdf:ID="_8b2cb85a40a84ea8a03b0472b0698219">
	<cim:SvVoltage.v> 9.4215</cim:SvVoltage.v>
	<cim:SvVoltage.angle>-16.5191</cim:SvVoltage.angle>
	<cim:SvVoltage.TopologicalNode rdf:resource="#_24b06157ab9340e7b980c2f76037427f"/>
</cim:SvVoltage>
<cim:SvVoltage rdf:ID="_6ffff2ddab1341a1afe55cf6a3419c4f">
	<cim:SvVoltage.v> 8.8913</cim:SvVoltage.v>
	<cim:SvVoltage.angle>-17.6148</cim:SvVoltage.angle>
	<cim:SvVoltage.TopologicalNode rdf:resource="#_1d6ae808f8c549b88b9123a4bb884a3a"/>
</cim:SvVoltage>
<cim:SvVoltage rdf:ID="_0236a22bde4f4744838f48e79fb297b2">
	<cim:SvVoltage.v>98.9445</cim:SvVoltage.v>
	<cim:SvVoltage.angle>-21.2952</cim:SvVoltage.angle>
	<cim:SvVoltage.TopologicalNode rdf:resource="#_bde965ad2ebf415b88c0cb6576049566"/>
</cim:SvVoltage>
<cim:SvVoltage rdf:ID="_e3f1c32450b84e0a920ba8d44f5ba88b">
	<cim:SvVoltage.v>10.3663</cim:SvVoltage.v>
	<cim:SvVoltage.angle>-17.8218</cim:SvVoltage.angle>
	<cim:SvVoltage.TopologicalNode rdf:resource="#_79175084cb504ec1959188507bb20da7"/>
</cim:SvVoltage>
<cim:SvVoltage rdf:ID="_9ea587278dc5465a8389b31c5e7ff30e">
	<cim:SvVoltage.v>11.0968</cim:SvVoltage.v>
	<cim:SvVoltage.angle>-15.0613</cim:SvVoltage.angle>
	<cim:SvVoltage.TopologicalNode rdf:resource="#_9bcc577551b64231bcd3392e443ba257"/>
</cim:SvVoltage>
<cim:SvVoltage rdf:ID="_22b137fcf032463687a69e8fb009e63f">
	<cim:SvVoltage.v> 0.7752</cim:SvVoltage.v>
	<cim:SvVoltage.angle>-12.0837</cim:SvVoltage.angle>
	<cim:SvVoltage.TopologicalNode rdf:resource="#_6fae9640a1794ffc9e88babfd1c44522"/>
</cim:SvVoltage>
<cim:SvVoltage rdf:ID="_0eaa4fd950444c2fb20f073c6239aeaf">
	<cim:SvVoltage.v>11.0968</cim:SvVoltage.v>
	<cim:SvVoltage.angle>-15.0613</cim:SvVoltage.angle>
	<cim:SvVoltage.TopologicalNode rdf:resource="#_bf7aa47f3a1f4e6882bda0fb0dd98ab7"/>
</cim:SvVoltage>
<cim:SvVoltage rdf:ID="_a56de2c475ca418ebb1320a97f89e15d">
	<cim:SvVoltage.v> 0.7752</cim:SvVoltage.v>
	<cim:SvVoltage.angle>-12.0837</cim:SvVoltage.angle>
	<cim:SvVoltage.TopologicalNode rdf:resource="#_e8d64c221a824082b502729d7aaae35f"/>
</cim:SvVoltage>
<cim:SvVoltage rdf:ID="_34939ccc85624b92993c5935a7772203">
	<cim:SvVoltage.v>11.0975</cim:SvVoltage.v>
	<cim:SvVoltage.angle>-15.0559</cim:SvVoltage.angle>
	<cim:SvVoltage.TopologicalNode rdf:resource="#_a0c8cee2fa2148c396494479daf0c348"/>
</cim:SvVoltage>
<cim:SvVoltage rdf:ID="_03c28481577c4e9893680b10866eff30">
	<cim:SvVoltage.v> 0.7742</cim:SvVoltage.v>
	<cim:SvVoltage.angle>-12.0543</cim:SvVoltage.angle>
	<cim:SvVoltage.TopologicalNode rdf:resource="#_7b09ec8ca3d242b9a9378b901f267f39"/>
</cim:SvVoltage>
<cim:SvVoltage rdf:ID="_9c80dab9fdf6459f84cebd81fae6f8e4">
	<cim:SvVoltage.v>100.3708</cim:SvVoltage.v>
	<cim:SvVoltage.angle>-20.1779</cim:SvVoltage.angle>
	<cim:SvVoltage.TopologicalNode rdf:resource="#_ede35a3f530d4afdacd909c832ed1f61"/>
</cim:SvVoltage>
<cim:SvVoltage rdf:ID="_9c2c33a922b64d70901ab729d09ceb2e">
	<cim:SvVoltage.v>100.1747</cim:SvVoltage.v>
	<cim:SvVoltage.angle>-20.3306</cim:SvVoltage.angle>
	<cim:SvVoltage.TopologicalNode rdf:resource="#_33d430a36242446b8565f2e3a857f22c"/>
</cim:SvVoltage>
<cim:SvVoltage rdf:ID="_05778e88597a43bf87c907d56480dae2">
	<cim:SvVoltage.v>99.1502</cim:SvVoltage.v>
	<cim:SvVoltage.angle>-21.1398</cim:SvVoltage.angle>
	<cim:SvVoltage.TopologicalNode rdf:resource="#_20398fe5e7064a8fbd0dc498dc8d14d1"/>
</cim:SvVoltage>
<cim:SvVoltage rdf:ID="_f83a8663e4f3407eb73ab2745c3ed219">
	<cim:SvVoltage.v>10.3611</cim:SvVoltage.v>
	<cim:SvVoltage.angle>-18.0409</cim:SvVoltage.angle>
	<cim:SvVoltage.TopologicalNode rdf:resource="#_9821a0d5cf05437595dcf95bb5195066"/>
</cim:SvVoltage>
<cim:SvPowerFlow rdf:ID="_bba3379ddb5241858ad24e001de5503e">
	<cim:SvPowerFlow.p>300.0000</cim:SvPowerFlow.p>
	<cim:SvPowerFlow.q>100.0000</cim:SvPowerFlow.q>
	<cim:SvPowerFlow.Terminal rdf:resource="#_5c845983c2b741d0af3cb62e6fe73dfa"/>
</cim:SvPowerFlow>
<cim:SvPowerFlow rdf:ID="_dd5f829d16664189a8cabdac0919a8fa">
	<cim:SvPowerFlow.p>240.0000</cim:SvPowerFlow.p>
	<cim:SvPowerFlow.q>80.0000</cim:SvPowerFlow.q>
	<cim:SvPowerFlow.Terminal rdf:resource="#_6d9d2c3bac134d2abc0193bfbd128dbd"/>
</cim:SvPowerFlow>
<cim:SvPowerFlow rdf:ID="_a4e5f315d58443c3a1e95f372c4e7297">
	<cim:SvPowerFlow.p>150.0000</cim:SvPowerFlow.p>
	<cim:SvPowerFlow.q>50.0000</cim:SvPowerFlow.q>
	<cim:SvPowerFlow.Terminal rdf:resource="#_1ad46d810f134f52b3a601d268419938"/>
</cim:SvPowerFlow>
<cim:SvPowerFlow rdf:ID="_0c45d5e801eb4b9f9d3f2a4444d65e63">
	<cim:SvPowerFlow.p>90.0000</cim:SvPowerFlow.p>
	<cim:SvPowerFlow.q>30.0000</cim:SvPowerFlow.q>
	<cim:SvPowerFlow.Terminal rdf:resource="#_734ed947a3d94a819e53e721feb1003b"/>
</cim:SvPowerFlow>
<cim:SvPowerFlow rdf:ID="_7aafa44cd78b455f8f76c2894fedc308">
	<cim:SvPowerFlow.p>60.0000</cim:SvPowerFlow.p>
	<cim:SvPowerFlow.q>20.0000</cim:SvPowerFlow.q>
	<cim:SvPowerFlow.Terminal rdf:resource="#_b3bb37bab9c64bfaa42ae1eb36caeb67"/>
</cim:SvPowerFlow>
<cim:SvPowerFlow rdf:ID="_919cac5ba135402899b8945ece2a7916">
	<cim:SvPowerFlow.p> 1.5000</cim:SvPowerFlow.p>
	<cim:SvPowerFlow.q> 0.5000</cim:SvPowerFlow.q>
	<cim:SvPowerFlow.Terminal rdf:resource="#_68f8fad548104fdfb1832c55e34852c4"/>
</cim:SvPowerFlow>
<cim:SvPowerFlow rdf:ID="_c132a355175344bbafc36bc5b9d11ee7">
	<cim:SvPowerFlow.p>30.0000</cim:SvPowerFlow.p>
	<cim:SvPowerFlow.q>10.0000</cim:SvPowerFlow.q>
	<cim:SvPowerFlow.Terminal rdf:resource="#_bccc46a85471487281858d63374d4cf0"/>
</cim:SvPowerFlow>
<cim:SvPowerFlow rdf:ID="_78a4c6daf45847908b0c35400ed7f57f">
	<cim:SvPowerFlow.p>12.0000</cim:SvPowerFlow.p>
	<cim:SvPowerFlow.q> 4.0000</cim:SvPowerFlow.q>
	<cim:SvPowerFlow.Terminal rdf:resource="#_18637a6cf4944f248de31169b2c5360e"/>
</cim:SvPowerFlow>
<cim:SvPowerFlow rdf:ID="_8f7756ee77514fe688684ea0e0aaeb82">
	<cim:SvPowerFlow.p>15.0000</cim:SvPowerFlow.p>
	<cim:SvPowerFlow.q> 5.0000</cim:SvPowerFlow.q>
	<cim:SvPowerFlow.Terminal rdf:resource="#_a1ee062ed3f34909819616ed172dd408"/>
</cim:SvPowerFlow>
<cim:SvPowerFlow rdf:ID="_4e4ca93c059741589f47c9247f7eaaf2">
	<cim:SvPowerFlow.p>15.0000</cim:SvPowerFlow.p>
	<cim:SvPowerFlow.q> 5.0000</cim:SvPowerFlow.q>
	<cim:SvPowerFlow.Terminal rdf:resource="#_d46fb6bee0664b01a2cd2d873338401d"/>
</cim:SvPowerFlow>
<cim:SvPowerFlow rdf:ID="_8828cdd7907a48c28a9703505eb22881">
	<cim:SvPowerFlow.p> 1.0000</cim:SvPowerFlow.p>
	<cim:SvPowerFlow.q> 0.5000</cim:SvPowerFlow.q>
	<cim:SvPowerFlow.Terminal rdf:resource="#_cfb391e99c2645a69de2be8ff0d31f98"/>
</cim:SvPowerFlow>
<cim:SvPowerFlow rdf:ID="_f1e114c7a14d4893ac048abf0a6ee4d9">
	<cim:SvPowerFlow.p>170.0000</cim:SvPowerFlow.p>
	<cim:SvPowerFlow.q>79.4357</cim:SvPowerFlow.q>
	<cim:SvPowerFlow.Terminal rdf:resource="#_4d858f59093a44dc9839eda4ed57dc88"/>
</cim:SvPowerFlow>
<cim:SvPowerFlow rdf:ID="_7f203d34c33046a682f3d461486d7f5a">
	<cim:SvPowerFlow.p>170.0000</cim:SvPowerFlow.p>
	<cim:SvPowerFlow.q>79.4353</cim:SvPowerFlow.q>
	<cim:SvPowerFlow.Terminal rdf:resource="#_83ac808ebcb0403881f24ad6c7341693"/>
</cim:SvPowerFlow>
<cim:SvPowerFlow rdf:ID="_dec425b22c02491eae0192572d118144">
	<cim:SvPowerFlow.p>100.0000</cim:SvPowerFlow.p>
	<cim:SvPowerFlow.q>38.2228</cim:SvPowerFlow.q>
	<cim:SvPowerFlow.Terminal rdf:resource="#_1901c2b8ebbc4ef5a55314290c87297c"/>
</cim:SvPowerFlow>
<cim:SvPowerFlow rdf:ID="_70561c23b2644d70a47e6086991757f6">
	<cim:SvPowerFlow.p>-0.5000</cim:SvPowerFlow.p>
	<cim:SvPowerFlow.q>-0.3283</cim:SvPowerFlow.q>
	<cim:SvPowerFlow.Terminal rdf:resource="#_9b3eab4a1f414cea9d771a15dd8a3f14"/>
</cim:SvPowerFlow>
<cim:SvPowerFlow rdf:ID="_8114befba83c4e62bdf334b32a3784f7">
	<cim:SvPowerFlow.p> 6.0000</cim:SvPowerFlow.p>
	<cim:SvPowerFlow.q> 1.4199</cim:SvPowerFlow.q>
	<cim:SvPowerFlow.Terminal rdf:resource="#_208c0303c7a74210bee5e79ce56770ab"/>
</cim:SvPowerFlow>
<cim:SvPowerFlow rdf:ID="_83b1ba9c351b441ca78d5b57f86dc49c">
	<cim:SvPowerFlow.p> 2.0000</cim:SvPowerFlow.p>
	<cim:SvPowerFlow.q> 0.2000</cim:SvPowerFlow.q>
	<cim:SvPowerFlow.Terminal rdf:resource="#_0e4e48cc250642419e8cc938cd3e038f"/>
</cim:SvPowerFlow>
<cim:SvPowerFlow rdf:ID="_16018094fcc94f58a22e16e9cc13b371">
	<cim:SvPowerFlow.p> 2.0000</cim:SvPowerFlow.p>
	<cim:SvPowerFlow.q> 0.2000</cim:SvPowerFlow.q>
	<cim:SvPowerFlow.Terminal rdf:resource="#_e9af955d9fff4d17bcef6efdb0743cf1"/>
</cim:SvPowerFlow>
<cim:SvPowerFlow rdf:ID="_aa5011b8c60f4ae2a867aea16c5f2e62">
	<cim:SvPowerFlow.p> 2.0000</cim:SvPowerFlow.p>
	<cim:SvPowerFlow.q> 0.2000</cim:SvPowerFlow.q>
	<cim:SvPowerFlow.Terminal rdf:resource="#_03ea682c39fb466b994032ddd595741e"/>
</cim:SvPowerFlow>
<cim:SvPowerFlow rdf:ID="_5bc2a8f7ffdf4ce9a1db2df2c2942fb4">
	<cim:SvPowerFlow.p>484.7560</cim:SvPowerFlow.p>
	<cim:SvPowerFlow.q>80.2879</cim:SvPowerFlow.q>
	<cim:SvPowerFlow.Terminal rdf:resource="#_0aece2dc87a045bcb5c56d1ca451c561"/>
</cim:SvPowerFlow>
</rdf:RDF>