<?xml version="1.0" encoding="UTF-8"?>
<rdf:RDF xmlns:rdf="http://www.w3.org/1999/02/22-rdf-syntax-ns#" xmlns:cim="http://iec.ch/TC57/2009/CIM-schema-cim14#">
<md:FullModel xmlns:md="http://www.casepowersoftware.com/2020/31 node_TP/1">
	<md:Model.created>2025-11-23-20</md:Model.created>
	<md:Model.Version>
		<md:Description>
			<md:Description.name>31 node_TP</md:Description.name>
			<md:Description.version>1</md:Description.version>
		</md:Description>
	</md:Model.Version>
	<md:Model.ModelingAuthoritySet>
		<md:Description>
			<md:Description.name>31 node</md:Description.name>
		</md:Description>
	</md:Model.ModelingAuthoritySet>
	<md:Model.Profile>
		<md:Description>
			<md:Description.uri>http://iec.ch/TC57/61970-452/Topology/1</md:Description.uri>
			<md:Description.name>IEC61970-452-Topology_Model</md:Description.name>
			<md:Description.version>1</md:Description.version>
		</md:Description>
	</md:Model.Profile>
	<md:Model.Creator>
		<md:Description>
			<md:Description.name>CASE 1.0</md:Description.name>
		</md:Description>
	</md:Model.Creator>
</md:FullModel>
<cim:TopologicalNode rdf:ID="_2cd97c07feef43fb980c94f8bdd35e6c">
	<cim:Node.UniqueNumber>0</cim:Node.UniqueNumber>
	<cim:IdentifiedObject.name>Node 1</cim:IdentifiedObject.name>
	<cim:IdentifiedObject.description>Node 1</cim:IdentifiedObject.description>
	<cim:TopologicalNode.equivalent>FALSE</cim:TopologicalNode.equivalent>
	<cim:TopologicalNodeSubstation.name></cim:TopologicalNodeSubstation.name>
	<cim:TopologicalNode.NodeCode>Node 1</cim:TopologicalNode.NodeCode>
	<cim:TopologicalNode.BaseVoltage rdf:resource="#_1e29e516c8cc44e9a5fd6abb24386d06"/>
	<cim:TopologicalNode.ConnectivityNodeContainer rdf:resource="#_009b8b89deac44798cba2de08af578e6"/>
	<cim:TopologicalNode.ControlArea rdf:resource="#_c77b49b5c79d4662904e1a3598d4b11f"/>
	<cim:TopologicalNode.TopologicalIsland rdf:resource="#_1cda51bbba1c409bbd4f69e3a8d71a8b"/>
</cim:TopologicalNode>
<cim:TopologicalNode rdf:ID="_1a4ddb2b9b834e19a9bb3b5e1496822d">
	<cim:Node.UniqueNumber>1</cim:Node.UniqueNumber>
	<cim:IdentifiedObject.name>System Swing</cim:IdentifiedObject.name>
	<cim:IdentifiedObject.description>System Swing</cim:IdentifiedObject.description>
	<cim:TopologicalNode.equivalent>FALSE</cim:TopologicalNode.equivalent>
	<cim:TopologicalNodeSubstation.name></cim:TopologicalNodeSubstation.name>
	<cim:TopologicalNode.NodeCode>SystemSw</cim:TopologicalNode.NodeCode>
	<cim:TopologicalNode.BaseVoltage rdf:resource="#_1e29e516c8cc44e9a5fd6abb24386d06"/>
	<cim:TopologicalNode.ConnectivityNodeContainer rdf:resource="#_9f80383435f747a1b29cfef1a1fb03d4"/>
	<cim:TopologicalNode.ControlArea rdf:resource="#_c77b49b5c79d4662904e1a3598d4b11f"/>
	<cim:TopologicalNode.TopologicalIsland rdf:resource="#_1cda51bbba1c409bbd4f69e3a8d71a8b"/>
</cim:TopologicalNode>
<cim:TopologicalNode rdf:ID="_77db09f01ab54f26aac0e5896aff266a">
	<cim:Node.UniqueNumber>2</cim:Node.UniqueNumber>
	<cim:IdentifiedObject.name>G1</cim:IdentifiedObject.name>
	<cim:IdentifiedObject.description>G1</cim:IdentifiedObject.description>
	<cim:TopologicalNode.equivalent>FALSE</cim:TopologicalNode.equivalent>
	<cim:TopologicalNodeSubstation.name></cim:TopologicalNodeSubstation.name>
	<cim:TopologicalNode.NodeCode>Node_G1</cim:TopologicalNode.NodeCode>
	<cim:TopologicalNode.BaseVoltage rdf:resource="#_0e4cfe0856c44b329f9d2a73274d194e"/>
	<cim:TopologicalNode.ConnectivityNodeContainer rdf:resource="#_5f73fa1fbf1143f390aea188e6784603"/>
	<cim:TopologicalNode.ControlArea rdf:resource="#_c77b49b5c79d4662904e1a3598d4b11f"/>
	<cim:TopologicalNode.TopologicalIsland rdf:resource="#_1cda51bbba1c409bbd4f69e3a8d71a8b"/>
</cim:TopologicalNode>
<cim:TopologicalNode rdf:ID="_cb438241085a488e8e1d309b6dc87224">
	<cim:Node.UniqueNumber>3</cim:Node.UniqueNumber>
	<cim:IdentifiedObject.name>G2</cim:IdentifiedObject.name>
	<cim:IdentifiedObject.description>G2</cim:IdentifiedObject.description>
	<cim:TopologicalNode.equivalent>FALSE</cim:TopologicalNode.equivalent>
	<cim:TopologicalNodeSubstation.name></cim:TopologicalNodeSubstation.name>
	<cim:TopologicalNode.NodeCode>Node_G2</cim:TopologicalNode.NodeCode>
	<cim:TopologicalNode.BaseVoltage rdf:resource="#_0e4cfe0856c44b329f9d2a73274d194e"/>
	<cim:TopologicalNode.ConnectivityNodeContainer rdf:resource="#_d84281559f0f4cb8beafd957d06a2311"/>
	<cim:TopologicalNode.ControlArea rdf:resource="#_c77b49b5c79d4662904e1a3598d4b11f"/>
	<cim:TopologicalNode.TopologicalIsland rdf:resource="#_1cda51bbba1c409bbd4f69e3a8d71a8b"/>
</cim:TopologicalNode>
<cim:TopologicalNode rdf:ID="_99a16769411a422891cfbd4fa1a49239">
	<cim:Node.UniqueNumber>4</cim:Node.UniqueNumber>
	<cim:IdentifiedObject.name>Node 2</cim:IdentifiedObject.name>
	<cim:IdentifiedObject.description>Node 2</cim:IdentifiedObject.description>
	<cim:TopologicalNode.equivalent>FALSE</cim:TopologicalNode.equivalent>
	<cim:TopologicalNodeSubstation.name></cim:TopologicalNodeSubstation.name>
	<cim:TopologicalNode.NodeCode>Node 2</cim:TopologicalNode.NodeCode>
	<cim:TopologicalNode.BaseVoltage rdf:resource="#_1e29e516c8cc44e9a5fd6abb24386d06"/>
	<cim:TopologicalNode.ConnectivityNodeContainer rdf:resource="#_e3485567987f43f1b41f2dc417460bb1"/>
	<cim:TopologicalNode.ControlArea rdf:resource="#_c77b49b5c79d4662904e1a3598d4b11f"/>
	<cim:TopologicalNode.TopologicalIsland rdf:resource="#_1cda51bbba1c409bbd4f69e3a8d71a8b"/>
</cim:TopologicalNode>
<cim:TopologicalNode rdf:ID="_e9c2b323924e400ab64d98f5182cb363">
	<cim:Node.UniqueNumber>5</cim:Node.UniqueNumber>
	<cim:IdentifiedObject.name>Node 3</cim:IdentifiedObject.name>
	<cim:IdentifiedObject.description>Node 3</cim:IdentifiedObject.description>
	<cim:TopologicalNode.equivalent>FALSE</cim:TopologicalNode.equivalent>
	<cim:TopologicalNodeSubstation.name></cim:TopologicalNodeSubstation.name>
	<cim:TopologicalNode.NodeCode>Node 3</cim:TopologicalNode.NodeCode>
	<cim:TopologicalNode.BaseVoltage rdf:resource="#_1e29e516c8cc44e9a5fd6abb24386d06"/>
	<cim:TopologicalNode.ConnectivityNodeContainer rdf:resource="#_b454b66aa8d343d2a489393417be2ab1"/>
	<cim:TopologicalNode.ControlArea rdf:resource="#_c77b49b5c79d4662904e1a3598d4b11f"/>
	<cim:TopologicalNode.TopologicalIsland rdf:resource="#_1cda51bbba1c409bbd4f69e3a8d71a8b"/>
</cim:TopologicalNode>
<cim:TopologicalNode rdf:ID="_70d2442e774e457399e524fdd42b303f">
	<cim:Node.UniqueNumber>6</cim:Node.UniqueNumber>
	<cim:IdentifiedObject.name>Node 3 - 110 kV</cim:IdentifiedObject.name>
	<cim:IdentifiedObject.description>Node 3 - 110 kV</cim:IdentifiedObject.description>
	<cim:TopologicalNode.equivalent>FALSE</cim:TopologicalNode.equivalent>
	<cim:TopologicalNodeSubstation.name></cim:TopologicalNodeSubstation.name>
	<cim:TopologicalNode.NodeCode>Node3_11</cim:TopologicalNode.NodeCode>
	<cim:TopologicalNode.BaseVoltage rdf:resource="#_d960780cdde948b68ecf88a8b9f6a958"/>
	<cim:TopologicalNode.ConnectivityNodeContainer rdf:resource="#_f13b9ba6d1dc4d39843bc8d10cbbc1d7"/>
	<cim:TopologicalNode.ControlArea rdf:resource="#_c77b49b5c79d4662904e1a3598d4b11f"/>
	<cim:TopologicalNode.TopologicalIsland rdf:resource="#_1cda51bbba1c409bbd4f69e3a8d71a8b"/>
</cim:TopologicalNode>
<cim:TopologicalNode rdf:ID="_11e26afd930e41f89034b571f0badfba">
	<cim:Node.UniqueNumber>7</cim:Node.UniqueNumber>
	<cim:IdentifiedObject.name>Node 5</cim:IdentifiedObject.name>
	<cim:IdentifiedObject.description>Node 5</cim:IdentifiedObject.description>
	<cim:TopologicalNode.equivalent>FALSE</cim:TopologicalNode.equivalent>
	<cim:TopologicalNodeSubstation.name></cim:TopologicalNodeSubstation.name>
	<cim:TopologicalNode.NodeCode>Node 5</cim:TopologicalNode.NodeCode>
	<cim:TopologicalNode.BaseVoltage rdf:resource="#_d960780cdde948b68ecf88a8b9f6a958"/>
	<cim:TopologicalNode.ConnectivityNodeContainer rdf:resource="#_265714ec019f462889f976c4229129f8"/>
	<cim:TopologicalNode.ControlArea rdf:resource="#_c77b49b5c79d4662904e1a3598d4b11f"/>
	<cim:TopologicalNode.TopologicalIsland rdf:resource="#_1cda51bbba1c409bbd4f69e3a8d71a8b"/>
</cim:TopologicalNode>
<cim:TopologicalNode rdf:ID="_de01482eb789447dbf8473649d6bdaa2">
	<cim:Node.UniqueNumber>8</cim:Node.UniqueNumber>
	<cim:IdentifiedObject.name>G3</cim:IdentifiedObject.name>
	<cim:IdentifiedObject.description>G3</cim:IdentifiedObject.description>
	<cim:TopologicalNode.equivalent>FALSE</cim:TopologicalNode.equivalent>
	<cim:TopologicalNodeSubstation.name></cim:TopologicalNodeSubstation.name>
	<cim:TopologicalNode.NodeCode>G3</cim:TopologicalNode.NodeCode>
	<cim:TopologicalNode.BaseVoltage rdf:resource="#_25dd5649e65a415fb5ace6e38c80adfa"/>
	<cim:TopologicalNode.ConnectivityNodeContainer rdf:resource="#_348e55b5fbed403eaba53f079c9b8726"/>
	<cim:TopologicalNode.ControlArea rdf:resource="#_c77b49b5c79d4662904e1a3598d4b11f"/>
	<cim:TopologicalNode.TopologicalIsland rdf:resource="#_1cda51bbba1c409bbd4f69e3a8d71a8b"/>
</cim:TopologicalNode>
<cim:TopologicalNode rdf:ID="_85cc04d00e494ae980c0f677df5c6bf0">
	<cim:Node.UniqueNumber>9</cim:Node.UniqueNumber>
	<cim:IdentifiedObject.name>Node 6</cim:IdentifiedObject.name>
	<cim:IdentifiedObject.description>Node 6</cim:IdentifiedObject.description>
	<cim:TopologicalNode.equivalent>FALSE</cim:TopologicalNode.equivalent>
	<cim:TopologicalNodeSubstation.name></cim:TopologicalNodeSubstation.name>
	<cim:TopologicalNode.NodeCode>Node 6</cim:TopologicalNode.NodeCode>
	<cim:TopologicalNode.BaseVoltage rdf:resource="#_d4752fcadab24ce483ea4b889f0d1732"/>
	<cim:TopologicalNode.ConnectivityNodeContainer rdf:resource="#_091688967058498caa774d25741387fb"/>
	<cim:TopologicalNode.ControlArea rdf:resource="#_c77b49b5c79d4662904e1a3598d4b11f"/>
	<cim:TopologicalNode.TopologicalIsland rdf:resource="#_1cda51bbba1c409bbd4f69e3a8d71a8b"/>
</cim:TopologicalNode>
<cim:TopologicalNode rdf:ID="_136807228fc543c996649857c83c544e">
	<cim:Node.UniqueNumber>10</cim:Node.UniqueNumber>
	<cim:IdentifiedObject.name>Node 7</cim:IdentifiedObject.name>
	<cim:IdentifiedObject.description>Node 7</cim:IdentifiedObject.description>
	<cim:TopologicalNode.equivalent>FALSE</cim:TopologicalNode.equivalent>
	<cim:TopologicalNodeSubstation.name></cim:TopologicalNodeSubstation.name>
	<cim:TopologicalNode.NodeCode>Node 7</cim:TopologicalNode.NodeCode>
	<cim:TopologicalNode.BaseVoltage rdf:resource="#_1e29e516c8cc44e9a5fd6abb24386d06"/>
	<cim:TopologicalNode.ConnectivityNodeContainer rdf:resource="#_940b1bc80f6f4022b64310fe2dcb76f3"/>
	<cim:TopologicalNode.ControlArea rdf:resource="#_c77b49b5c79d4662904e1a3598d4b11f"/>
	<cim:TopologicalNode.TopologicalIsland rdf:resource="#_1cda51bbba1c409bbd4f69e3a8d71a8b"/>
</cim:TopologicalNode>
<cim:TopologicalNode rdf:ID="_09a0a690de604ed4983dd79de6d6ee70">
	<cim:Node.UniqueNumber>11</cim:Node.UniqueNumber>
	<cim:IdentifiedObject.name>Node 7 - 110 kV</cim:IdentifiedObject.name>
	<cim:IdentifiedObject.description>Node 7 - 110 kV</cim:IdentifiedObject.description>
	<cim:TopologicalNode.equivalent>FALSE</cim:TopologicalNode.equivalent>
	<cim:TopologicalNodeSubstation.name></cim:TopologicalNodeSubstation.name>
	<cim:TopologicalNode.NodeCode>Node7-11</cim:TopologicalNode.NodeCode>
	<cim:TopologicalNode.BaseVoltage rdf:resource="#_d960780cdde948b68ecf88a8b9f6a958"/>
	<cim:TopologicalNode.ConnectivityNodeContainer rdf:resource="#_9724011ce9aa47afa397378bd12b1d04"/>
	<cim:TopologicalNode.ControlArea rdf:resource="#_c77b49b5c79d4662904e1a3598d4b11f"/>
	<cim:TopologicalNode.TopologicalIsland rdf:resource="#_1cda51bbba1c409bbd4f69e3a8d71a8b"/>
</cim:TopologicalNode>
<cim:TopologicalNode rdf:ID="_ce4a53ed0c004d8ab7f589b895788b3b">
	<cim:Node.UniqueNumber>12</cim:Node.UniqueNumber>
	<cim:IdentifiedObject.name>Node 8</cim:IdentifiedObject.name>
	<cim:IdentifiedObject.description>Node 8</cim:IdentifiedObject.description>
	<cim:TopologicalNode.equivalent>FALSE</cim:TopologicalNode.equivalent>
	<cim:TopologicalNodeSubstation.name></cim:TopologicalNodeSubstation.name>
	<cim:TopologicalNode.NodeCode>Node 8</cim:TopologicalNode.NodeCode>
	<cim:TopologicalNode.BaseVoltage rdf:resource="#_d960780cdde948b68ecf88a8b9f6a958"/>
	<cim:TopologicalNode.ConnectivityNodeContainer rdf:resource="#_4050013447bd440aaaebccaba5e370ff"/>
	<cim:TopologicalNode.ControlArea rdf:resource="#_c77b49b5c79d4662904e1a3598d4b11f"/>
	<cim:TopologicalNode.TopologicalIsland rdf:resource="#_1cda51bbba1c409bbd4f69e3a8d71a8b"/>
</cim:TopologicalNode>
<cim:TopologicalNode rdf:ID="_f3528350f2764e69bd196ba2659e8fad">
	<cim:Node.UniqueNumber>13</cim:Node.UniqueNumber>
	<cim:IdentifiedObject.name>Node 9 - 35 kV</cim:IdentifiedObject.name>
	<cim:IdentifiedObject.description>Node 9 - 35 kV</cim:IdentifiedObject.description>
	<cim:TopologicalNode.equivalent>FALSE</cim:TopologicalNode.equivalent>
	<cim:TopologicalNodeSubstation.name></cim:TopologicalNodeSubstation.name>
	<cim:TopologicalNode.NodeCode>Node9_35</cim:TopologicalNode.NodeCode>
	<cim:TopologicalNode.BaseVoltage rdf:resource="#_7591ccf103334e31a34e96162d2b3e0d"/>
	<cim:TopologicalNode.ConnectivityNodeContainer rdf:resource="#_45827750882e451ba659d0985219143b"/>
	<cim:TopologicalNode.ControlArea rdf:resource="#_c77b49b5c79d4662904e1a3598d4b11f"/>
	<cim:TopologicalNode.TopologicalIsland rdf:resource="#_1cda51bbba1c409bbd4f69e3a8d71a8b"/>
</cim:TopologicalNode>
<cim:TopologicalNode rdf:ID="_8deb8b87c44c472fa911f3d4ef389be2">
	<cim:Node.UniqueNumber>14</cim:Node.UniqueNumber>
	<cim:IdentifiedObject.name>Node 9</cim:IdentifiedObject.name>
	<cim:IdentifiedObject.description>Node 9</cim:IdentifiedObject.description>
	<cim:TopologicalNode.equivalent>FALSE</cim:TopologicalNode.equivalent>
	<cim:TopologicalNodeSubstation.name></cim:TopologicalNodeSubstation.name>
	<cim:TopologicalNode.NodeCode>Node 9</cim:TopologicalNode.NodeCode>
	<cim:TopologicalNode.BaseVoltage rdf:resource="#_d960780cdde948b68ecf88a8b9f6a958"/>
	<cim:TopologicalNode.ConnectivityNodeContainer rdf:resource="#_4cf0eca2894a4915bae7df97ddb1c8ac"/>
	<cim:TopologicalNode.ControlArea rdf:resource="#_c77b49b5c79d4662904e1a3598d4b11f"/>
	<cim:TopologicalNode.TopologicalIsland rdf:resource="#_1cda51bbba1c409bbd4f69e3a8d71a8b"/>
</cim:TopologicalNode>
<cim:TopologicalNode rdf:ID="_c1bc58614ab44418b4009ddba08b37df">
	<cim:Node.UniqueNumber>15</cim:Node.UniqueNumber>
	<cim:IdentifiedObject.name>Node 10</cim:IdentifiedObject.name>
	<cim:IdentifiedObject.description>Node 10</cim:IdentifiedObject.description>
	<cim:TopologicalNode.equivalent>FALSE</cim:TopologicalNode.equivalent>
	<cim:TopologicalNodeSubstation.name></cim:TopologicalNodeSubstation.name>
	<cim:TopologicalNode.NodeCode>Node 10</cim:TopologicalNode.NodeCode>
	<cim:TopologicalNode.BaseVoltage rdf:resource="#_d960780cdde948b68ecf88a8b9f6a958"/>
	<cim:TopologicalNode.ConnectivityNodeContainer rdf:resource="#_3d434a4c2341466780fb61680038e99a"/>
	<cim:TopologicalNode.ControlArea rdf:resource="#_c77b49b5c79d4662904e1a3598d4b11f"/>
	<cim:TopologicalNode.TopologicalIsland rdf:resource="#_1cda51bbba1c409bbd4f69e3a8d71a8b"/>
</cim:TopologicalNode>
<cim:TopologicalNode rdf:ID="_b5e1a292801e433a9e7a0aca4b985745">
	<cim:Node.UniqueNumber>16</cim:Node.UniqueNumber>
	<cim:IdentifiedObject.name>Node 11</cim:IdentifiedObject.name>
	<cim:IdentifiedObject.description>Node 11</cim:IdentifiedObject.description>
	<cim:TopologicalNode.equivalent>FALSE</cim:TopologicalNode.equivalent>
	<cim:TopologicalNodeSubstation.name></cim:TopologicalNodeSubstation.name>
	<cim:TopologicalNode.NodeCode>Node 11</cim:TopologicalNode.NodeCode>
	<cim:TopologicalNode.BaseVoltage rdf:resource="#_d4752fcadab24ce483ea4b889f0d1732"/>
	<cim:TopologicalNode.ConnectivityNodeContainer rdf:resource="#_5e11130e648941c5b668a8a57dc92d0f"/>
	<cim:TopologicalNode.ControlArea rdf:resource="#_c77b49b5c79d4662904e1a3598d4b11f"/>
	<cim:TopologicalNode.TopologicalIsland rdf:resource="#_1cda51bbba1c409bbd4f69e3a8d71a8b"/>
</cim:TopologicalNode>
<cim:TopologicalNode rdf:ID="_24b06157ab9340e7b980c2f76037427f">
	<cim:Node.UniqueNumber>17</cim:Node.UniqueNumber>
	<cim:IdentifiedObject.name>Node 12</cim:IdentifiedObject.name>
	<cim:IdentifiedObject.description>Node 12</cim:IdentifiedObject.description>
	<cim:TopologicalNode.equivalent>FALSE</cim:TopologicalNode.equivalent>
	<cim:TopologicalNodeSubstation.name></cim:TopologicalNodeSubstation.name>
	<cim:TopologicalNode.NodeCode>Node 12</cim:TopologicalNode.NodeCode>
	<cim:TopologicalNode.BaseVoltage rdf:resource="#_d4752fcadab24ce483ea4b889f0d1732"/>
	<cim:TopologicalNode.ConnectivityNodeContainer rdf:resource="#_0f479cd6e35e40fb8e25b10cf6d99009"/>
	<cim:TopologicalNode.ControlArea rdf:resource="#_c77b49b5c79d4662904e1a3598d4b11f"/>
	<cim:TopologicalNode.TopologicalIsland rdf:resource="#_1cda51bbba1c409bbd4f69e3a8d71a8b"/>
</cim:TopologicalNode>
<cim:TopologicalNode rdf:ID="_1d6ae808f8c549b88b9123a4bb884a3a">
	<cim:Node.UniqueNumber>18</cim:Node.UniqueNumber>
	<cim:IdentifiedObject.name>Node 13</cim:IdentifiedObject.name>
	<cim:IdentifiedObject.description>Node 13</cim:IdentifiedObject.description>
	<cim:TopologicalNode.equivalent>FALSE</cim:TopologicalNode.equivalent>
	<cim:TopologicalNodeSubstation.name></cim:TopologicalNodeSubstation.name>
	<cim:TopologicalNode.NodeCode>Node 13</cim:TopologicalNode.NodeCode>
	<cim:TopologicalNode.BaseVoltage rdf:resource="#_d4752fcadab24ce483ea4b889f0d1732"/>
	<cim:TopologicalNode.ConnectivityNodeContainer rdf:resource="#_876e2ddf58f94ad89624e8bc0771f4c7"/>
	<cim:TopologicalNode.ControlArea rdf:resource="#_c77b49b5c79d4662904e1a3598d4b11f"/>
	<cim:TopologicalNode.TopologicalIsland rdf:resource="#_1cda51bbba1c409bbd4f69e3a8d71a8b"/>
</cim:TopologicalNode>
<cim:TopologicalNode rdf:ID="_bde965ad2ebf415b88c0cb6576049566">
	<cim:Node.UniqueNumber>19</cim:Node.UniqueNumber>
	<cim:IdentifiedObject.name>Node 14</cim:IdentifiedObject.name>
	<cim:IdentifiedObject.description>Node 14</cim:IdentifiedObject.description>
	<cim:TopologicalNode.equivalent>FALSE</cim:TopologicalNode.equivalent>
	<cim:TopologicalNodeSubstation.name></cim:TopologicalNodeSubstation.name>
	<cim:TopologicalNode.NodeCode>Node 14</cim:TopologicalNode.NodeCode>
	<cim:TopologicalNode.BaseVoltage rdf:resource="#_d960780cdde948b68ecf88a8b9f6a958"/>
	<cim:TopologicalNode.ConnectivityNodeContainer rdf:resource="#_9b8ff380bf34451fac66e032352d315d"/>
	<cim:TopologicalNode.ControlArea rdf:resource="#_c77b49b5c79d4662904e1a3598d4b11f"/>
	<cim:TopologicalNode.TopologicalIsland rdf:resource="#_1cda51bbba1c409bbd4f69e3a8d71a8b"/>
</cim:TopologicalNode>
<cim:TopologicalNode rdf:ID="_79175084cb504ec1959188507bb20da7">
	<cim:Node.UniqueNumber>20</cim:Node.UniqueNumber>
	<cim:IdentifiedObject.name>Node 15</cim:IdentifiedObject.name>
	<cim:IdentifiedObject.description>Node 15</cim:IdentifiedObject.description>
	<cim:TopologicalNode.equivalent>FALSE</cim:TopologicalNode.equivalent>
	<cim:TopologicalNodeSubstation.name></cim:TopologicalNodeSubstation.name>
	<cim:TopologicalNode.NodeCode>Node 15</cim:TopologicalNode.NodeCode>
	<cim:TopologicalNode.BaseVoltage rdf:resource="#_d4752fcadab24ce483ea4b889f0d1732"/>
	<cim:TopologicalNode.ConnectivityNodeContainer rdf:resource="#_3649ba9289814df788970d1afb56c52d"/>
	<cim:TopologicalNode.ControlArea rdf:resource="#_c77b49b5c79d4662904e1a3598d4b11f"/>
	<cim:TopologicalNode.TopologicalIsland rdf:resource="#_1cda51bbba1c409bbd4f69e3a8d71a8b"/>
</cim:TopologicalNode>
<cim:TopologicalNode rdf:ID="_9bcc577551b64231bcd3392e443ba257">
	<cim:Node.UniqueNumber>21</cim:Node.UniqueNumber>
	<cim:IdentifiedObject.name>G1</cim:IdentifiedObject.name>
	<cim:IdentifiedObject.description>WPP1 - G1</cim:IdentifiedObject.description>
	<cim:TopologicalNode.equivalent>FALSE</cim:TopologicalNode.equivalent>
	<cim:TopologicalNodeSubstation.name></cim:TopologicalNodeSubstation.name>
	<cim:TopologicalNode.NodeCode>WPP1_G1</cim:TopologicalNode.NodeCode>
	<cim:TopologicalNode.BaseVoltage rdf:resource="#_d4752fcadab24ce483ea4b889f0d1732"/>
	<cim:TopologicalNode.ConnectivityNodeContainer rdf:resource="#_1263b497dd664c26afaa06ea2d3ef090"/>
	<cim:TopologicalNode.ControlArea rdf:resource="#_c77b49b5c79d4662904e1a3598d4b11f"/>
	<cim:TopologicalNode.TopologicalIsland rdf:resource="#_1cda51bbba1c409bbd4f69e3a8d71a8b"/>
</cim:TopologicalNode>
<cim:TopologicalNode rdf:ID="_6fae9640a1794ffc9e88babfd1c44522">
	<cim:Node.UniqueNumber>22</cim:Node.UniqueNumber>
	<cim:IdentifiedObject.name>G1 LV</cim:IdentifiedObject.name>
	<cim:IdentifiedObject.description>G1 LV</cim:IdentifiedObject.description>
	<cim:TopologicalNode.equivalent>FALSE</cim:TopologicalNode.equivalent>
	<cim:TopologicalNodeSubstation.name></cim:TopologicalNodeSubstation.name>
	<cim:TopologicalNode.NodeCode>WPP1_G11</cim:TopologicalNode.NodeCode>
	<cim:TopologicalNode.BaseVoltage rdf:resource="#_6011fb05fa894847b8182655078d6513"/>
	<cim:TopologicalNode.ConnectivityNodeContainer rdf:resource="#_97ff1b915bef45c2a9aa0e3f4179b0e0"/>
	<cim:TopologicalNode.ControlArea rdf:resource="#_c77b49b5c79d4662904e1a3598d4b11f"/>
	<cim:TopologicalNode.TopologicalIsland rdf:resource="#_1cda51bbba1c409bbd4f69e3a8d71a8b"/>
</cim:TopologicalNode>
<cim:TopologicalNode rdf:ID="_bf7aa47f3a1f4e6882bda0fb0dd98ab7">
	<cim:Node.UniqueNumber>23</cim:Node.UniqueNumber>
	<cim:IdentifiedObject.name>G2</cim:IdentifiedObject.name>
	<cim:IdentifiedObject.description>WPP1 - G2</cim:IdentifiedObject.description>
	<cim:TopologicalNode.equivalent>FALSE</cim:TopologicalNode.equivalent>
	<cim:TopologicalNodeSubstation.name></cim:TopologicalNodeSubstation.name>
	<cim:TopologicalNode.NodeCode>WPP1_G2</cim:TopologicalNode.NodeCode>
	<cim:TopologicalNode.BaseVoltage rdf:resource="#_d4752fcadab24ce483ea4b889f0d1732"/>
	<cim:TopologicalNode.ConnectivityNodeContainer rdf:resource="#_4e2dc24a5d8540fdafff3b7c34733421"/>
	<cim:TopologicalNode.ControlArea rdf:resource="#_c77b49b5c79d4662904e1a3598d4b11f"/>
	<cim:TopologicalNode.TopologicalIsland rdf:resource="#_1cda51bbba1c409bbd4f69e3a8d71a8b"/>
</cim:TopologicalNode>
<cim:TopologicalNode rdf:ID="_e8d64c221a824082b502729d7aaae35f">
	<cim:Node.UniqueNumber>24</cim:Node.UniqueNumber>
	<cim:IdentifiedObject.name>G2 LV</cim:IdentifiedObject.name>
	<cim:IdentifiedObject.description>G2 LV</cim:IdentifiedObject.description>
	<cim:TopologicalNode.equivalent>FALSE</cim:TopologicalNode.equivalent>
	<cim:TopologicalNodeSubstation.name></cim:TopologicalNodeSubstation.name>
	<cim:TopologicalNode.NodeCode>WPP1_G22</cim:TopologicalNode.NodeCode>
	<cim:TopologicalNode.BaseVoltage rdf:resource="#_6011fb05fa894847b8182655078d6513"/>
	<cim:TopologicalNode.ConnectivityNodeContainer rdf:resource="#_f37b0fc3e3a941bcbefbbd479196a050"/>
	<cim:TopologicalNode.ControlArea rdf:resource="#_c77b49b5c79d4662904e1a3598d4b11f"/>
	<cim:TopologicalNode.TopologicalIsland rdf:resource="#_1cda51bbba1c409bbd4f69e3a8d71a8b"/>
</cim:TopologicalNode>
<cim:TopologicalNode rdf:ID="_a0c8cee2fa2148c396494479daf0c348">
	<cim:Node.UniqueNumber>25</cim:Node.UniqueNumber>
	<cim:IdentifiedObject.name>G3</cim:IdentifiedObject.name>
	<cim:IdentifiedObject.description>G3</cim:IdentifiedObject.description>
	<cim:TopologicalNode.equivalent>FALSE</cim:TopologicalNode.equivalent>
	<cim:TopologicalNodeSubstation.name></cim:TopologicalNodeSubstation.name>
	<cim:TopologicalNode.NodeCode>WPP1_G3</cim:TopologicalNode.NodeCode>
	<cim:TopologicalNode.BaseVoltage rdf:resource="#_d4752fcadab24ce483ea4b889f0d1732"/>
	<cim:TopologicalNode.ConnectivityNodeContainer rdf:resource="#_4da7b72ee05346f7a4f2d7ae310965cb"/>
	<cim:TopologicalNode.ControlArea rdf:resource="#_c77b49b5c79d4662904e1a3598d4b11f"/>
	<cim:TopologicalNode.TopologicalIsland rdf:resource="#_1cda51bbba1c409bbd4f69e3a8d71a8b"/>
</cim:TopologicalNode>
<cim:TopologicalNode rdf:ID="_7b09ec8ca3d242b9a9378b901f267f39">
	<cim:Node.UniqueNumber>26</cim:Node.UniqueNumber>
	<cim:IdentifiedObject.name>G3 LV</cim:IdentifiedObject.name>
	<cim:IdentifiedObject.description>G3 LV</cim:IdentifiedObject.description>
	<cim:TopologicalNode.equivalent>FALSE</cim:TopologicalNode.equivalent>
	<cim:TopologicalNodeSubstation.name></cim:TopologicalNodeSubstation.name>
	<cim:TopologicalNode.NodeCode>WPP1_G33</cim:TopologicalNode.NodeCode>
	<cim:TopologicalNode.BaseVoltage rdf:resource="#_6011fb05fa894847b8182655078d6513"/>
	<cim:TopologicalNode.ConnectivityNodeContainer rdf:resource="#_68d1eebebdd74157a7ae5e6f7f2e8ac4"/>
	<cim:TopologicalNode.ControlArea rdf:resource="#_c77b49b5c79d4662904e1a3598d4b11f"/>
	<cim:TopologicalNode.TopologicalIsland rdf:resource="#_1cda51bbba1c409bbd4f69e3a8d71a8b"/>
</cim:TopologicalNode>
<cim:TopologicalNode rdf:ID="_ede35a3f530d4afdacd909c832ed1f61">
	<cim:Node.UniqueNumber>27</cim:Node.UniqueNumber>
	<cim:IdentifiedObject.name>Node 16</cim:IdentifiedObject.name>
	<cim:IdentifiedObject.description>Node 16</cim:IdentifiedObject.description>
	<cim:TopologicalNode.equivalent>FALSE</cim:TopologicalNode.equivalent>
	<cim:TopologicalNodeSubstation.name></cim:TopologicalNodeSubstation.name>
	<cim:TopologicalNode.NodeCode>Node 16</cim:TopologicalNode.NodeCode>
	<cim:TopologicalNode.BaseVoltage rdf:resource="#_d960780cdde948b68ecf88a8b9f6a958"/>
	<cim:TopologicalNode.ConnectivityNodeContainer rdf:resource="#_fa10e292243c41968a7956146aecea5a"/>
	<cim:TopologicalNode.ControlArea rdf:resource="#_c77b49b5c79d4662904e1a3598d4b11f"/>
	<cim:TopologicalNode.TopologicalIsland rdf:resource="#_1cda51bbba1c409bbd4f69e3a8d71a8b"/>
</cim:TopologicalNode>
<cim:TopologicalNode rdf:ID="_33d430a36242446b8565f2e3a857f22c">
	<cim:Node.UniqueNumber>28</cim:Node.UniqueNumber>
	<cim:IdentifiedObject.name>Node 17</cim:IdentifiedObject.name>
	<cim:IdentifiedObject.description>Node 17</cim:IdentifiedObject.description>
	<cim:TopologicalNode.equivalent>FALSE</cim:TopologicalNode.equivalent>
	<cim:TopologicalNodeSubstation.name></cim:TopologicalNodeSubstation.name>
	<cim:TopologicalNode.NodeCode>Node 17</cim:TopologicalNode.NodeCode>
	<cim:TopologicalNode.BaseVoltage rdf:resource="#_d960780cdde948b68ecf88a8b9f6a958"/>
	<cim:TopologicalNode.ConnectivityNodeContainer rdf:resource="#_9d75fae3456b4255bab8af35c452a541"/>
	<cim:TopologicalNode.ControlArea rdf:resource="#_c77b49b5c79d4662904e1a3598d4b11f"/>
	<cim:TopologicalNode.TopologicalIsland rdf:resource="#_1cda51bbba1c409bbd4f69e3a8d71a8b"/>
</cim:TopologicalNode>
<cim:TopologicalNode rdf:ID="_20398fe5e7064a8fbd0dc498dc8d14d1">
	<cim:Node.UniqueNumber>29</cim:Node.UniqueNumber>
	<cim:IdentifiedObject.name>Node 18</cim:IdentifiedObject.name>
	<cim:IdentifiedObject.description>Node 18</cim:IdentifiedObject.description>
	<cim:TopologicalNode.equivalent>FALSE</cim:TopologicalNode.equivalent>
	<cim:TopologicalNodeSubstation.name></cim:TopologicalNodeSubstation.name>
	<cim:TopologicalNode.NodeCode>Node 18</cim:TopologicalNode.NodeCode>
	<cim:TopologicalNode.BaseVoltage rdf:resource="#_d960780cdde948b68ecf88a8b9f6a958"/>
	<cim:TopologicalNode.ConnectivityNodeContainer rdf:resource="#_cdefa64ce9c349159cddc4e919639c24"/>
	<cim:TopologicalNode.ControlArea rdf:resource="#_c77b49b5c79d4662904e1a3598d4b11f"/>
	<cim:TopologicalNode.TopologicalIsland rdf:resource="#_1cda51bbba1c409bbd4f69e3a8d71a8b"/>
</cim:TopologicalNode>
<cim:TopologicalNode rdf:ID="_9821a0d5cf05437595dcf95bb5195066">
	<cim:Node.UniqueNumber>30</cim:Node.UniqueNumber>
	<cim:IdentifiedObject.name>Node 19</cim:IdentifiedObject.name>
	<cim:IdentifiedObject.description>Node 19</cim:IdentifiedObject.description>
	<cim:TopologicalNode.equivalent>FALSE</cim:TopologicalNode.equivalent>
	<cim:TopologicalNodeSubstation.name></cim:TopologicalNodeSubstation.name>
	<cim:TopologicalNode.NodeCode>Node 19</cim:TopologicalNode.NodeCode>
	<cim:TopologicalNode.BaseVoltage rdf:resource="#_d4752fcadab24ce483ea4b889f0d1732"/>
	<cim:TopologicalNode.ConnectivityNodeContainer rdf:resource="#_7f18f764a4f94b7ba2135e80f584695e"/>
	<cim:TopologicalNode.ControlArea rdf:resource="#_c77b49b5c79d4662904e1a3598d4b11f"/>
	<cim:TopologicalNode.TopologicalIsland rdf:resource="#_1cda51bbba1c409bbd4f69e3a8d71a8b"/>
</cim:TopologicalNode>
<cim:Terminal rdf:about="#_af43b3b9220f40e0a4fffc1ce65c8b6c">
	<cim:Terminal.TopologicalNode rdf:resource="#_1a4ddb2b9b834e19a9bb3b5e1496822d"/>
	<cim:Terminal.connected>TRUE</cim:Terminal.connected>
</cim:Terminal>
<cim:Terminal rdf:about="#_9d393276275e4dafac567d89402f0b72">
	<cim:Terminal.TopologicalNode rdf:resource="#_2cd97c07feef43fb980c94f8bdd35e6c"/>
	<cim:Terminal.connected>TRUE</cim:Terminal.connected>
</cim:Terminal>
<cim:Terminal rdf:about="#_f49fd2c9522a4a4aae956af4210d33f8">
	<cim:Terminal.TopologicalNode rdf:resource="#_2cd97c07feef43fb980c94f8bdd35e6c"/>
	<cim:Terminal.connected>TRUE</cim:Terminal.connected>
</cim:Terminal>
<cim:Terminal rdf:about="#_fab4a396a6b64caf84c90d45f4897485">
	<cim:Terminal.TopologicalNode rdf:resource="#_99a16769411a422891cfbd4fa1a49239"/>
	<cim:Terminal.connected>TRUE</cim:Terminal.connected>
</cim:Terminal>
<cim:Terminal rdf:about="#_f67744ef4005474da0d0103362dee2c3">
	<cim:Terminal.TopologicalNode rdf:resource="#_2cd97c07feef43fb980c94f8bdd35e6c"/>
	<cim:Terminal.connected>TRUE</cim:Terminal.connected>
</cim:Terminal>
<cim:Terminal rdf:about="#_a5f3a96e5e0b4dcca9fb6fb15f2e60df">
	<cim:Terminal.TopologicalNode rdf:resource="#_99a16769411a422891cfbd4fa1a49239"/>
	<cim:Terminal.connected>TRUE</cim:Terminal.connected>
</cim:Terminal>
<cim:Terminal rdf:about="#_667dadd53216478bbe4eb293eb13cafd">
	<cim:Terminal.TopologicalNode rdf:resource="#_99a16769411a422891cfbd4fa1a49239"/>
	<cim:Terminal.connected>TRUE</cim:Terminal.connected>
</cim:Terminal>
<cim:Terminal rdf:about="#_d4faf3fd692a4ffdb19843b6155cba5a">
	<cim:Terminal.TopologicalNode rdf:resource="#_e9c2b323924e400ab64d98f5182cb363"/>
	<cim:Terminal.connected>TRUE</cim:Terminal.connected>
</cim:Terminal>
<cim:Terminal rdf:about="#_87c5b3080115475387abda5a29e5b957">
	<cim:Terminal.TopologicalNode rdf:resource="#_70d2442e774e457399e524fdd42b303f"/>
	<cim:Terminal.connected>TRUE</cim:Terminal.connected>
</cim:Terminal>
<cim:Terminal rdf:about="#_eb09a71a8c4643f7a1a16b4845f8c7d1">
	<cim:Terminal.TopologicalNode rdf:resource="#_11e26afd930e41f89034b571f0badfba"/>
	<cim:Terminal.connected>TRUE</cim:Terminal.connected>
</cim:Terminal>
<cim:Terminal rdf:about="#_6a146a9cfed545e1ac7ba66371b288cb">
	<cim:Terminal.TopologicalNode rdf:resource="#_2cd97c07feef43fb980c94f8bdd35e6c"/>
	<cim:Terminal.connected>TRUE</cim:Terminal.connected>
</cim:Terminal>
<cim:Terminal rdf:about="#_b7e43503e6d44244b5a6b3d5331bcb69">
	<cim:Terminal.TopologicalNode rdf:resource="#_136807228fc543c996649857c83c544e"/>
	<cim:Terminal.connected>TRUE</cim:Terminal.connected>
</cim:Terminal>
<cim:Terminal rdf:about="#_e75b45e91aaf419f8032575cd8c64374">
	<cim:Terminal.TopologicalNode rdf:resource="#_09a0a690de604ed4983dd79de6d6ee70"/>
	<cim:Terminal.connected>TRUE</cim:Terminal.connected>
</cim:Terminal>
<cim:Terminal rdf:about="#_db7311d9a8e54a1ca573076af29a3cff">
	<cim:Terminal.TopologicalNode rdf:resource="#_ce4a53ed0c004d8ab7f589b895788b3b"/>
	<cim:Terminal.connected>TRUE</cim:Terminal.connected>
</cim:Terminal>
<cim:Terminal rdf:about="#_857104490f27429aad72218a181f0540">
	<cim:Terminal.TopologicalNode rdf:resource="#_ce4a53ed0c004d8ab7f589b895788b3b"/>
	<cim:Terminal.connected>TRUE</cim:Terminal.connected>
</cim:Terminal>
<cim:Terminal rdf:about="#_f954b6eb814f4d6589125683d64ab0ad">
	<cim:Terminal.TopologicalNode rdf:resource="#_70d2442e774e457399e524fdd42b303f"/>
	<cim:Terminal.connected>TRUE</cim:Terminal.connected>
</cim:Terminal>
<cim:Terminal rdf:about="#_7c9279471242460380eeedf95f417e40">
	<cim:Terminal.TopologicalNode rdf:resource="#_11e26afd930e41f89034b571f0badfba"/>
	<cim:Terminal.connected>TRUE</cim:Terminal.connected>
</cim:Terminal>
<cim:Terminal rdf:about="#_8e921059943147f7a20ab2a24824a6b2">
	<cim:Terminal.TopologicalNode rdf:resource="#_8deb8b87c44c472fa911f3d4ef389be2"/>
	<cim:Terminal.connected>TRUE</cim:Terminal.connected>
</cim:Terminal>
<cim:Terminal rdf:about="#_60cfd6cba2f74c518f49cf17e87aad6c">
	<cim:Terminal.TopologicalNode rdf:resource="#_ce4a53ed0c004d8ab7f589b895788b3b"/>
	<cim:Terminal.connected>TRUE</cim:Terminal.connected>
</cim:Terminal>
<cim:Terminal rdf:about="#_c5f8cc33ae344b70a94c87007aa75d6f">
	<cim:Terminal.TopologicalNode rdf:resource="#_c1bc58614ab44418b4009ddba08b37df"/>
	<cim:Terminal.connected>TRUE</cim:Terminal.connected>
</cim:Terminal>
<cim:Terminal rdf:about="#_3df7215df33745139a14ec4e515b65ef">
	<cim:Terminal.TopologicalNode rdf:resource="#_85cc04d00e494ae980c0f677df5c6bf0"/>
	<cim:Terminal.connected>TRUE</cim:Terminal.connected>
</cim:Terminal>
<cim:Terminal rdf:about="#_8305afca725f4e9290333c665daab8aa">
	<cim:Terminal.TopologicalNode rdf:resource="#_b5e1a292801e433a9e7a0aca4b985745"/>
	<cim:Terminal.connected>TRUE</cim:Terminal.connected>
</cim:Terminal>
<cim:Terminal rdf:about="#_93230c61c75243cc9d70a441463b9ec7">
	<cim:Terminal.TopologicalNode rdf:resource="#_24b06157ab9340e7b980c2f76037427f"/>
	<cim:Terminal.connected>TRUE</cim:Terminal.connected>
</cim:Terminal>
<cim:Terminal rdf:about="#_a7ccfd56d536497d8fcc5ee9e972c946">
	<cim:Terminal.TopologicalNode rdf:resource="#_b5e1a292801e433a9e7a0aca4b985745"/>
	<cim:Terminal.connected>TRUE</cim:Terminal.connected>
</cim:Terminal>
<cim:Terminal rdf:about="#_4ea6bdda2a2b4218b2657cecd6da173c">
	<cim:Terminal.TopologicalNode rdf:resource="#_24b06157ab9340e7b980c2f76037427f"/>
	<cim:Terminal.connected>TRUE</cim:Terminal.connected>
</cim:Terminal>
<cim:Terminal rdf:about="#_70bf8278bb644304aa6058996dd54883">
	<cim:Terminal.TopologicalNode rdf:resource="#_1d6ae808f8c549b88b9123a4bb884a3a"/>
	<cim:Terminal.connected>TRUE</cim:Terminal.connected>
</cim:Terminal>
<cim:Terminal rdf:about="#_8864978e71ff41aca6b4ad97564c3eeb">
	<cim:Terminal.TopologicalNode rdf:resource="#_bde965ad2ebf415b88c0cb6576049566"/>
	<cim:Terminal.connected>TRUE</cim:Terminal.connected>
</cim:Terminal>
<cim:Terminal rdf:about="#_49c2fffb882a4907b7bab663c00c59f8">
	<cim:Terminal.TopologicalNode rdf:resource="#_c1bc58614ab44418b4009ddba08b37df"/>
	<cim:Terminal.connected>TRUE</cim:Terminal.connected>
</cim:Terminal>
<cim:Terminal rdf:about="#_abbc2286de8b43e38c8af8df47166dd3">
	<cim:Terminal.TopologicalNode rdf:resource="#_79175084cb504ec1959188507bb20da7"/>
	<cim:Terminal.connected>TRUE</cim:Terminal.connected>
</cim:Terminal>
<cim:Terminal rdf:about="#_b8939c6572df431ebf6caab1a7c9fdf4">
	<cim:Terminal.TopologicalNode rdf:resource="#_9bcc577551b64231bcd3392e443ba257"/>
	<cim:Terminal.connected>TRUE</cim:Terminal.connected>
</cim:Terminal>
<cim:Terminal rdf:about="#_7200e71b62b54a1c967924328c8fd293">
	<cim:Terminal.TopologicalNode rdf:resource="#_79175084cb504ec1959188507bb20da7"/>
	<cim:Terminal.connected>TRUE</cim:Terminal.connected>
</cim:Terminal>
<cim:Terminal rdf:about="#_3dc07852374846b7bea0e6fb1411818c">
	<cim:Terminal.TopologicalNode rdf:resource="#_bf7aa47f3a1f4e6882bda0fb0dd98ab7"/>
	<cim:Terminal.connected>TRUE</cim:Terminal.connected>
</cim:Terminal>
<cim:Terminal rdf:about="#_dca30c178f6b463ebeeb3b45995cf6bb">
	<cim:Terminal.TopologicalNode rdf:resource="#_79175084cb504ec1959188507bb20da7"/>
	<cim:Terminal.connected>TRUE</cim:Terminal.connected>
</cim:Terminal>
<cim:Terminal rdf:about="#_8ebf1e5c323b482599fc1dab2d44c6ba">
	<cim:Terminal.TopologicalNode rdf:resource="#_a0c8cee2fa2148c396494479daf0c348"/>
	<cim:Terminal.connected>TRUE</cim:Terminal.connected>
</cim:Terminal>
<cim:Terminal rdf:about="#_c1a3a7e8d0974112ab780635793f2e29">
	<cim:Terminal.TopologicalNode rdf:resource="#_ce4a53ed0c004d8ab7f589b895788b3b"/>
	<cim:Terminal.connected>TRUE</cim:Terminal.connected>
</cim:Terminal>
<cim:Terminal rdf:about="#_dcac95bbc43b4a0284a6e312970fc4e2">
	<cim:Terminal.TopologicalNode rdf:resource="#_ede35a3f530d4afdacd909c832ed1f61"/>
	<cim:Terminal.connected>TRUE</cim:Terminal.connected>
</cim:Terminal>
<cim:Terminal rdf:about="#_58c0be8a5fec4d1fa2e75a79082d831a">
	<cim:Terminal.TopologicalNode rdf:resource="#_33d430a36242446b8565f2e3a857f22c"/>
	<cim:Terminal.connected>TRUE</cim:Terminal.connected>
</cim:Terminal>
<cim:Terminal rdf:about="#_a19e21810aac44979ffc8d858d8d2f28">
	<cim:Terminal.TopologicalNode rdf:resource="#_ede35a3f530d4afdacd909c832ed1f61"/>
	<cim:Terminal.connected>TRUE</cim:Terminal.connected>
</cim:Terminal>
<cim:Terminal rdf:about="#_956b242cbabf40ab983750c80927347c">
	<cim:Terminal.TopologicalNode rdf:resource="#_c1bc58614ab44418b4009ddba08b37df"/>
	<cim:Terminal.connected>TRUE</cim:Terminal.connected>
</cim:Terminal>
<cim:Terminal rdf:about="#_30700fe70195455ea336390ca698d041">
	<cim:Terminal.TopologicalNode rdf:resource="#_20398fe5e7064a8fbd0dc498dc8d14d1"/>
	<cim:Terminal.connected>TRUE</cim:Terminal.connected>
</cim:Terminal>
<cim:Terminal rdf:about="#_5c845983c2b741d0af3cb62e6fe73dfa">
	<cim:Terminal.connected>TRUE</cim:Terminal.connected>
	<cim:Terminal.TopologicalNode rdf:resource="#_99a16769411a422891cfbd4fa1a49239"/>
</cim:Terminal>
<cim:Terminal rdf:about="#_6d9d2c3bac134d2abc0193bfbd128dbd">
	<cim:Terminal.connected>TRUE</cim:Terminal.connected>
	<cim:Terminal.TopologicalNode rdf:resource="#_70d2442e774e457399e524fdd42b303f"/>
</cim:Terminal>
<cim:Terminal rdf:about="#_1ad46d810f134f52b3a601d268419938">
	<cim:Terminal.connected>TRUE</cim:Terminal.connected>
	<cim:Terminal.TopologicalNode rdf:resource="#_09a0a690de604ed4983dd79de6d6ee70"/>
</cim:Terminal>
<cim:Terminal rdf:about="#_734ed947a3d94a819e53e721feb1003b">
	<cim:Terminal.connected>TRUE</cim:Terminal.connected>
	<cim:Terminal.TopologicalNode rdf:resource="#_ce4a53ed0c004d8ab7f589b895788b3b"/>
</cim:Terminal>
<cim:Terminal rdf:about="#_b3bb37bab9c64bfaa42ae1eb36caeb67">
	<cim:Terminal.connected>TRUE</cim:Terminal.connected>
	<cim:Terminal.TopologicalNode rdf:resource="#_c1bc58614ab44418b4009ddba08b37df"/>
</cim:Terminal>
<cim:Terminal rdf:about="#_68f8fad548104fdfb1832c55e34852c4">
	<cim:Terminal.connected>TRUE</cim:Terminal.connected>
	<cim:Terminal.TopologicalNode rdf:resource="#_1d6ae808f8c549b88b9123a4bb884a3a"/>
</cim:Terminal>
<cim:Terminal rdf:about="#_bccc46a85471487281858d63374d4cf0">
	<cim:Terminal.connected>TRUE</cim:Terminal.connected>
	<cim:Terminal.TopologicalNode rdf:resource="#_bde965ad2ebf415b88c0cb6576049566"/>
</cim:Terminal>
<cim:Terminal rdf:about="#_18637a6cf4944f248de31169b2c5360e">
	<cim:Terminal.connected>TRUE</cim:Terminal.connected>
	<cim:Terminal.TopologicalNode rdf:resource="#_ede35a3f530d4afdacd909c832ed1f61"/>
</cim:Terminal>
<cim:Terminal rdf:about="#_a1ee062ed3f34909819616ed172dd408">
	<cim:Terminal.connected>TRUE</cim:Terminal.connected>
	<cim:Terminal.TopologicalNode rdf:resource="#_33d430a36242446b8565f2e3a857f22c"/>
</cim:Terminal>
<cim:Terminal rdf:about="#_d46fb6bee0664b01a2cd2d873338401d">
	<cim:Terminal.connected>TRUE</cim:Terminal.connected>
	<cim:Terminal.TopologicalNode rdf:resource="#_20398fe5e7064a8fbd0dc498dc8d14d1"/>
</cim:Terminal>
<cim:Terminal rdf:about="#_cfb391e99c2645a69de2be8ff0d31f98">
	<cim:Terminal.connected>TRUE</cim:Terminal.connected>
	<cim:Terminal.TopologicalNode rdf:resource="#_9821a0d5cf05437595dcf95bb5195066"/>
</cim:Terminal>
<cim:Terminal rdf:about="#_1105521e2b8d4cb5bb503c72125b1247">
	<cim:Terminal.connected>TRUE</cim:Terminal.connected>
	<cim:Terminal.TopologicalNode rdf:resource="#_2cd97c07feef43fb980c94f8bdd35e6c"/>
</cim:Terminal>
<cim:Terminal rdf:about="#_2b1f638dc33442079bfa4128f1975a9c">
	<cim:Terminal.connected>TRUE</cim:Terminal.connected>
	<cim:Terminal.TopologicalNode rdf:resource="#_77db09f01ab54f26aac0e5896aff266a"/>
</cim:Terminal>
<cim:Terminal rdf:about="#_f362e4b3bf514cc380fd149afc6543f0">
	<cim:Terminal.connected>TRUE</cim:Terminal.connected>
	<cim:Terminal.TopologicalNode rdf:resource="#_cb438241085a488e8e1d309b6dc87224"/>
</cim:Terminal>
<cim:Terminal rdf:about="#_b7c1cbe36bb3404a9d74e4c3bbab3cf4">
	<cim:Terminal.connected>TRUE</cim:Terminal.connected>
	<cim:Terminal.TopologicalNode rdf:resource="#_e9c2b323924e400ab64d98f5182cb363"/>
</cim:Terminal>
<cim:Terminal rdf:about="#_2c4a702d25974ddf989a8ee5cd13feb9">
	<cim:Terminal.connected>TRUE</cim:Terminal.connected>
	<cim:Terminal.TopologicalNode rdf:resource="#_70d2442e774e457399e524fdd42b303f"/>
</cim:Terminal>
<cim:Terminal rdf:about="#_35f942e2d8fe4fb18ccb20a7029e4547">
	<cim:Terminal.connected>TRUE</cim:Terminal.connected>
	<cim:Terminal.TopologicalNode rdf:resource="#_11e26afd930e41f89034b571f0badfba"/>
</cim:Terminal>
<cim:Terminal rdf:about="#_6cf194e4613b4b029aefb392b44ab1bd">
	<cim:Terminal.connected>TRUE</cim:Terminal.connected>
	<cim:Terminal.TopologicalNode rdf:resource="#_de01482eb789447dbf8473649d6bdaa2"/>
</cim:Terminal>
<cim:Terminal rdf:about="#_855611482c974c638b1609786e1c4212">
	<cim:Terminal.connected>TRUE</cim:Terminal.connected>
	<cim:Terminal.TopologicalNode rdf:resource="#_11e26afd930e41f89034b571f0badfba"/>
</cim:Terminal>
<cim:Terminal rdf:about="#_ce9b15d6e3e84c42b7188e094a6c3744">
	<cim:Terminal.connected>TRUE</cim:Terminal.connected>
	<cim:Terminal.TopologicalNode rdf:resource="#_85cc04d00e494ae980c0f677df5c6bf0"/>
</cim:Terminal>
<cim:Terminal rdf:about="#_4042780e7a6946fbb0bbb312346fc72f">
	<cim:Terminal.connected>TRUE</cim:Terminal.connected>
	<cim:Terminal.TopologicalNode rdf:resource="#_136807228fc543c996649857c83c544e"/>
</cim:Terminal>
<cim:Terminal rdf:about="#_3fc0c3922fc2420f86e69dbb0bf53ac8">
	<cim:Terminal.connected>TRUE</cim:Terminal.connected>
	<cim:Terminal.TopologicalNode rdf:resource="#_09a0a690de604ed4983dd79de6d6ee70"/>
</cim:Terminal>
<cim:Terminal rdf:about="#_c423a348eee44db6b2d0354dd9d27848">
	<cim:Terminal.connected>TRUE</cim:Terminal.connected>
	<cim:Terminal.TopologicalNode rdf:resource="#_8deb8b87c44c472fa911f3d4ef389be2"/>
</cim:Terminal>
<cim:Terminal rdf:about="#_9f12c99827434f9f95ab0a95ff860a9f">
	<cim:Terminal.connected>TRUE</cim:Terminal.connected>
	<cim:Terminal.TopologicalNode rdf:resource="#_f3528350f2764e69bd196ba2659e8fad"/>
</cim:Terminal>
<cim:Terminal rdf:about="#_c4293ff26d0247869812eaaae49c58d6">
	<cim:Terminal.connected>TRUE</cim:Terminal.connected>
	<cim:Terminal.TopologicalNode rdf:resource="#_70d2442e774e457399e524fdd42b303f"/>
</cim:Terminal>
<cim:Terminal rdf:about="#_efe747f1b79f4117a1bc4a5157b2bb87">
	<cim:Terminal.connected>TRUE</cim:Terminal.connected>
	<cim:Terminal.TopologicalNode rdf:resource="#_79175084cb504ec1959188507bb20da7"/>
</cim:Terminal>
<cim:Terminal rdf:about="#_70b0b14149614ee28cfb9b31bd7cda6c">
	<cim:Terminal.connected>TRUE</cim:Terminal.connected>
	<cim:Terminal.TopologicalNode rdf:resource="#_9bcc577551b64231bcd3392e443ba257"/>
</cim:Terminal>
<cim:Terminal rdf:about="#_4bb808f5062f4903b4cd5958f2a73d8b">
	<cim:Terminal.connected>TRUE</cim:Terminal.connected>
	<cim:Terminal.TopologicalNode rdf:resource="#_6fae9640a1794ffc9e88babfd1c44522"/>
</cim:Terminal>
<cim:Terminal rdf:about="#_dc3be492fbd84d55aa4fc317e057ac5f">
	<cim:Terminal.connected>TRUE</cim:Terminal.connected>
	<cim:Terminal.TopologicalNode rdf:resource="#_bf7aa47f3a1f4e6882bda0fb0dd98ab7"/>
</cim:Terminal>
<cim:Terminal rdf:about="#_d28637a205694e16be24a507a5e22f7d">
	<cim:Terminal.connected>TRUE</cim:Terminal.connected>
	<cim:Terminal.TopologicalNode rdf:resource="#_e8d64c221a824082b502729d7aaae35f"/>
</cim:Terminal>
<cim:Terminal rdf:about="#_1c0b110f95f847eaa0387664f4719588">
	<cim:Terminal.connected>TRUE</cim:Terminal.connected>
	<cim:Terminal.TopologicalNode rdf:resource="#_a0c8cee2fa2148c396494479daf0c348"/>
</cim:Terminal>
<cim:Terminal rdf:about="#_3f0838665a8e4438b90d87d6ee454f4a">
	<cim:Terminal.connected>TRUE</cim:Terminal.connected>
	<cim:Terminal.TopologicalNode rdf:resource="#_7b09ec8ca3d242b9a9378b901f267f39"/>
</cim:Terminal>
<cim:Terminal rdf:about="#_6b0495c69b084e5fa523e9b0442dd549">
	<cim:Terminal.connected>TRUE</cim:Terminal.connected>
	<cim:Terminal.TopologicalNode rdf:resource="#_70d2442e774e457399e524fdd42b303f"/>
</cim:Terminal>
<cim:Terminal rdf:about="#_c005d83e85a3457fbbba31e8406f9047">
	<cim:Terminal.connected>TRUE</cim:Terminal.connected>
	<cim:Terminal.TopologicalNode rdf:resource="#_79175084cb504ec1959188507bb20da7"/>
</cim:Terminal>
<cim:Terminal rdf:about="#_fc96a35f46a446138f5f720a0682d35d">
	<cim:Terminal.connected>TRUE</cim:Terminal.connected>
	<cim:Terminal.TopologicalNode rdf:resource="#_9821a0d5cf05437595dcf95bb5195066"/>
</cim:Terminal>
<cim:Terminal rdf:about="#_4d858f59093a44dc9839eda4ed57dc88">
	<cim:Terminal.TopologicalNode rdf:resource="#_77db09f01ab54f26aac0e5896aff266a"/>
	<cim:Terminal.connected>TRUE</cim:Terminal.connected>
</cim:Terminal>
<cim:Terminal rdf:about="#_83ac808ebcb0403881f24ad6c7341693">
	<cim:Terminal.TopologicalNode rdf:resource="#_cb438241085a488e8e1d309b6dc87224"/>
	<cim:Terminal.connected>TRUE</cim:Terminal.connected>
</cim:Terminal>
<cim:Terminal rdf:about="#_1901c2b8ebbc4ef5a55314290c87297c">
	<cim:Terminal.TopologicalNode rdf:resource="#_de01482eb789447dbf8473649d6bdaa2"/>
	<cim:Terminal.connected>TRUE</cim:Terminal.connected>
</cim:Terminal>
<cim:Terminal rdf:about="#_9b3eab4a1f414cea9d771a15dd8a3f14">
	<cim:Terminal.TopologicalNode rdf:resource="#_85cc04d00e494ae980c0f677df5c6bf0"/>
	<cim:Terminal.connected>TRUE</cim:Terminal.connected>
</cim:Terminal>
<cim:Terminal rdf:about="#_208c0303c7a74210bee5e79ce56770ab">
	<cim:Terminal.TopologicalNode rdf:resource="#_f3528350f2764e69bd196ba2659e8fad"/>
	<cim:Terminal.connected>TRUE</cim:Terminal.connected>
</cim:Terminal>
<cim:Terminal rdf:about="#_0e4e48cc250642419e8cc938cd3e038f">
	<cim:Terminal.TopologicalNode rdf:resource="#_6fae9640a1794ffc9e88babfd1c44522"/>
	<cim:Terminal.connected>TRUE</cim:Terminal.connected>
</cim:Terminal>
<cim:Terminal rdf:about="#_e9af955d9fff4d17bcef6efdb0743cf1">
	<cim:Terminal.TopologicalNode rdf:resource="#_e8d64c221a824082b502729d7aaae35f"/>
	<cim:Terminal.connected>TRUE</cim:Terminal.connected>
</cim:Terminal>
<cim:Terminal rdf:about="#_03ea682c39fb466b994032ddd595741e">
	<cim:Terminal.TopologicalNode rdf:resource="#_7b09ec8ca3d242b9a9378b901f267f39"/>
	<cim:Terminal.connected>TRUE</cim:Terminal.connected>
</cim:Terminal>
<cim:Terminal rdf:about="#_0aece2dc87a045bcb5c56d1ca451c561">
	<cim:Terminal.TopologicalNode rdf:resource="#_1a4ddb2b9b834e19a9bb3b5e1496822d"/>
	<cim:Terminal.connected>TRUE</cim:Terminal.connected>
</cim:Terminal>
</rdf:RDF>