<?xml version="1.0" encoding="UTF-8"?>
<rdf:RDF xmlns:rdf="http://www.w3.org/1999/02/22-rdf-syntax-ns#" xmlns:cim="http://iec.ch/TC57/2009/CIM-schema-cim14#">
<md:FullModel xmlns:md="http://www.casepowersoftware.com/2020/33node_TP/1">
	<md:Model.created>2025-11-28-12</md:Model.created>
	<md:Model.Version>
		<md:Description>
			<md:Description.name>33node_TP</md:Description.name>
			<md:Description.version>1</md:Description.version>
		</md:Description>
	</md:Model.Version>
	<md:Model.ModelingAuthoritySet>
		<md:Description>
			<md:Description.name>33node</md:Description.name>
		</md:Description>
	</md:Model.ModelingAuthoritySet>
	<md:Model.Profile>
		<md:Description>
			<md:Description.uri>http://iec.ch/TC57/61970-452/Topology/1</md:Description.uri>
			<md:Description.name>IEC61970-452-Topology_Model</md:Description.name>
			<md:Description.version>1</md:Description.version>
		</md:Description>
	</md:Model.Profile>
	<md:Model.Creator>
		<md:Description>
			<md:Description.name>CASE 1.0</md:Description.name>
		</md:Description>
	</md:Model.Creator>
</md:FullModel>
<cim:TopologicalNode rdf:ID="_f9c3988606394819bb70c4be8ce3e712">
	<cim:Node.UniqueNumber>0</cim:Node.UniqueNumber>
	<cim:IdentifiedObject.name>Node 1</cim:IdentifiedObject.name>
	<cim:IdentifiedObject.description>Node 1</cim:IdentifiedObject.description>
	<cim:TopologicalNode.equivalent>FALSE</cim:TopologicalNode.equivalent>
	<cim:TopologicalNodeSubstation.name></cim:TopologicalNodeSubstation.name>
	<cim:TopologicalNode.NodeCode>Node 1</cim:TopologicalNode.NodeCode>
	<cim:TopologicalNode.BaseVoltage rdf:resource="#_5c957df5f6bb417ab52f89dcfabd903f"/>
	<cim:TopologicalNode.ConnectivityNodeContainer rdf:resource="#_ac20dd5f36a548dd872075b5897e83c3"/>
	<cim:TopologicalNode.ControlArea rdf:resource="#_3d585c19d41346cbb73981cb4abb4545"/>
	<cim:TopologicalNode.TopologicalIsland rdf:resource="#_9ca9907fb6d645188e5386b65e90ada3"/>
</cim:TopologicalNode>
<cim:TopologicalNode rdf:ID="_1cdd023db7c24a5f89c00235db1cfd23">
	<cim:Node.UniqueNumber>1</cim:Node.UniqueNumber>
	<cim:IdentifiedObject.name>System Swing</cim:IdentifiedObject.name>
	<cim:IdentifiedObject.description>System Swing</cim:IdentifiedObject.description>
	<cim:TopologicalNode.equivalent>FALSE</cim:TopologicalNode.equivalent>
	<cim:TopologicalNodeSubstation.name></cim:TopologicalNodeSubstation.name>
	<cim:TopologicalNode.NodeCode>SystemSw</cim:TopologicalNode.NodeCode>
	<cim:TopologicalNode.BaseVoltage rdf:resource="#_5c957df5f6bb417ab52f89dcfabd903f"/>
	<cim:TopologicalNode.ConnectivityNodeContainer rdf:resource="#_c249eb6fe9354b55b359fa304a107b58"/>
	<cim:TopologicalNode.ControlArea rdf:resource="#_3d585c19d41346cbb73981cb4abb4545"/>
	<cim:TopologicalNode.TopologicalIsland rdf:resource="#_9ca9907fb6d645188e5386b65e90ada3"/>
</cim:TopologicalNode>
<cim:TopologicalNode rdf:ID="_bc27423413e949f3b740e1e38ccb93bc">
	<cim:Node.UniqueNumber>2</cim:Node.UniqueNumber>
	<cim:IdentifiedObject.name>G1</cim:IdentifiedObject.name>
	<cim:IdentifiedObject.description>G1</cim:IdentifiedObject.description>
	<cim:TopologicalNode.equivalent>FALSE</cim:TopologicalNode.equivalent>
	<cim:TopologicalNodeSubstation.name></cim:TopologicalNodeSubstation.name>
	<cim:TopologicalNode.NodeCode>Node_G1</cim:TopologicalNode.NodeCode>
	<cim:TopologicalNode.BaseVoltage rdf:resource="#_81648d6e8f4f4353b939863d9c73bf93"/>
	<cim:TopologicalNode.ConnectivityNodeContainer rdf:resource="#_f891badf33ed4d45a964de0f643e7f78"/>
	<cim:TopologicalNode.ControlArea rdf:resource="#_3d585c19d41346cbb73981cb4abb4545"/>
	<cim:TopologicalNode.TopologicalIsland rdf:resource="#_9ca9907fb6d645188e5386b65e90ada3"/>
</cim:TopologicalNode>
<cim:TopologicalNode rdf:ID="_5bceda963cda4bd698c7747483c7479f">
	<cim:Node.UniqueNumber>3</cim:Node.UniqueNumber>
	<cim:IdentifiedObject.name>G2</cim:IdentifiedObject.name>
	<cim:IdentifiedObject.description>G2</cim:IdentifiedObject.description>
	<cim:TopologicalNode.equivalent>FALSE</cim:TopologicalNode.equivalent>
	<cim:TopologicalNodeSubstation.name></cim:TopologicalNodeSubstation.name>
	<cim:TopologicalNode.NodeCode>Node_G2</cim:TopologicalNode.NodeCode>
	<cim:TopologicalNode.BaseVoltage rdf:resource="#_81648d6e8f4f4353b939863d9c73bf93"/>
	<cim:TopologicalNode.ConnectivityNodeContainer rdf:resource="#_97e0e91b49f8430c84de256c35981bf2"/>
	<cim:TopologicalNode.ControlArea rdf:resource="#_3d585c19d41346cbb73981cb4abb4545"/>
	<cim:TopologicalNode.TopologicalIsland rdf:resource="#_9ca9907fb6d645188e5386b65e90ada3"/>
</cim:TopologicalNode>
<cim:TopologicalNode rdf:ID="_09caf866107d4970babdc26cb65e850e">
	<cim:Node.UniqueNumber>4</cim:Node.UniqueNumber>
	<cim:IdentifiedObject.name>Node 2</cim:IdentifiedObject.name>
	<cim:IdentifiedObject.description>Node 2</cim:IdentifiedObject.description>
	<cim:TopologicalNode.equivalent>FALSE</cim:TopologicalNode.equivalent>
	<cim:TopologicalNodeSubstation.name></cim:TopologicalNodeSubstation.name>
	<cim:TopologicalNode.NodeCode>Node 2</cim:TopologicalNode.NodeCode>
	<cim:TopologicalNode.BaseVoltage rdf:resource="#_5c957df5f6bb417ab52f89dcfabd903f"/>
	<cim:TopologicalNode.ConnectivityNodeContainer rdf:resource="#_9a0da51e7e2e44e7ad9676f6fd712a3d"/>
	<cim:TopologicalNode.ControlArea rdf:resource="#_3d585c19d41346cbb73981cb4abb4545"/>
	<cim:TopologicalNode.TopologicalIsland rdf:resource="#_9ca9907fb6d645188e5386b65e90ada3"/>
</cim:TopologicalNode>
<cim:TopologicalNode rdf:ID="_ddbffcb8618b4480b16107ca32d7816e">
	<cim:Node.UniqueNumber>5</cim:Node.UniqueNumber>
	<cim:IdentifiedObject.name>Node 3</cim:IdentifiedObject.name>
	<cim:IdentifiedObject.description>Node 3</cim:IdentifiedObject.description>
	<cim:TopologicalNode.equivalent>FALSE</cim:TopologicalNode.equivalent>
	<cim:TopologicalNodeSubstation.name></cim:TopologicalNodeSubstation.name>
	<cim:TopologicalNode.NodeCode>Node 3</cim:TopologicalNode.NodeCode>
	<cim:TopologicalNode.BaseVoltage rdf:resource="#_5c957df5f6bb417ab52f89dcfabd903f"/>
	<cim:TopologicalNode.ConnectivityNodeContainer rdf:resource="#_081511f3401a48118a17efcd558b667e"/>
	<cim:TopologicalNode.ControlArea rdf:resource="#_3d585c19d41346cbb73981cb4abb4545"/>
	<cim:TopologicalNode.TopologicalIsland rdf:resource="#_9ca9907fb6d645188e5386b65e90ada3"/>
</cim:TopologicalNode>
<cim:TopologicalNode rdf:ID="_afe19432182944b59958df818562fe1c">
	<cim:Node.UniqueNumber>6</cim:Node.UniqueNumber>
	<cim:IdentifiedObject.name>Node 3 - 110 kV</cim:IdentifiedObject.name>
	<cim:IdentifiedObject.description>Node 3 - 110 kV</cim:IdentifiedObject.description>
	<cim:TopologicalNode.equivalent>FALSE</cim:TopologicalNode.equivalent>
	<cim:TopologicalNodeSubstation.name></cim:TopologicalNodeSubstation.name>
	<cim:TopologicalNode.NodeCode>Node3_11</cim:TopologicalNode.NodeCode>
	<cim:TopologicalNode.BaseVoltage rdf:resource="#_4b02f782a587426085f4d6a2177814f3"/>
	<cim:TopologicalNode.ConnectivityNodeContainer rdf:resource="#_9c983c94719e406d858a7b5db79fa74c"/>
	<cim:TopologicalNode.ControlArea rdf:resource="#_3d585c19d41346cbb73981cb4abb4545"/>
	<cim:TopologicalNode.TopologicalIsland rdf:resource="#_9ca9907fb6d645188e5386b65e90ada3"/>
</cim:TopologicalNode>
<cim:TopologicalNode rdf:ID="_1be86998afad4dc3b029f66265db7314">
	<cim:Node.UniqueNumber>7</cim:Node.UniqueNumber>
	<cim:IdentifiedObject.name>Node 5</cim:IdentifiedObject.name>
	<cim:IdentifiedObject.description>Node 5</cim:IdentifiedObject.description>
	<cim:TopologicalNode.equivalent>FALSE</cim:TopologicalNode.equivalent>
	<cim:TopologicalNodeSubstation.name></cim:TopologicalNodeSubstation.name>
	<cim:TopologicalNode.NodeCode>Node 5</cim:TopologicalNode.NodeCode>
	<cim:TopologicalNode.BaseVoltage rdf:resource="#_4b02f782a587426085f4d6a2177814f3"/>
	<cim:TopologicalNode.ConnectivityNodeContainer rdf:resource="#_2d5aec245a8147f98a7f030e259d2af1"/>
	<cim:TopologicalNode.ControlArea rdf:resource="#_3d585c19d41346cbb73981cb4abb4545"/>
	<cim:TopologicalNode.TopologicalIsland rdf:resource="#_9ca9907fb6d645188e5386b65e90ada3"/>
</cim:TopologicalNode>
<cim:TopologicalNode rdf:ID="_1fa282bb2f0341f5a4b9974844ee1eed">
	<cim:Node.UniqueNumber>8</cim:Node.UniqueNumber>
	<cim:IdentifiedObject.name>G3</cim:IdentifiedObject.name>
	<cim:IdentifiedObject.description>G3</cim:IdentifiedObject.description>
	<cim:TopologicalNode.equivalent>FALSE</cim:TopologicalNode.equivalent>
	<cim:TopologicalNodeSubstation.name></cim:TopologicalNodeSubstation.name>
	<cim:TopologicalNode.NodeCode>G3</cim:TopologicalNode.NodeCode>
	<cim:TopologicalNode.BaseVoltage rdf:resource="#_c3136c4c118a4cc4af308e1c4639b777"/>
	<cim:TopologicalNode.ConnectivityNodeContainer rdf:resource="#_cdd228f630554d93acdbf23b4c328893"/>
	<cim:TopologicalNode.ControlArea rdf:resource="#_3d585c19d41346cbb73981cb4abb4545"/>
	<cim:TopologicalNode.TopologicalIsland rdf:resource="#_9ca9907fb6d645188e5386b65e90ada3"/>
</cim:TopologicalNode>
<cim:TopologicalNode rdf:ID="_9eae1d8eb19445ee8f52f158bada1628">
	<cim:Node.UniqueNumber>9</cim:Node.UniqueNumber>
	<cim:IdentifiedObject.name>Node 6</cim:IdentifiedObject.name>
	<cim:IdentifiedObject.description>Node 6</cim:IdentifiedObject.description>
	<cim:TopologicalNode.equivalent>FALSE</cim:TopologicalNode.equivalent>
	<cim:TopologicalNodeSubstation.name></cim:TopologicalNodeSubstation.name>
	<cim:TopologicalNode.NodeCode>Node 6</cim:TopologicalNode.NodeCode>
	<cim:TopologicalNode.BaseVoltage rdf:resource="#_eb6347baa3954ad693e23d1f0574fcca"/>
	<cim:TopologicalNode.ConnectivityNodeContainer rdf:resource="#_388bd97450ab4572abfcc9ae1de1b885"/>
	<cim:TopologicalNode.ControlArea rdf:resource="#_3d585c19d41346cbb73981cb4abb4545"/>
	<cim:TopologicalNode.TopologicalIsland rdf:resource="#_9ca9907fb6d645188e5386b65e90ada3"/>
</cim:TopologicalNode>
<cim:TopologicalNode rdf:ID="_248d15096da7472cb721470347e5fb6e">
	<cim:Node.UniqueNumber>10</cim:Node.UniqueNumber>
	<cim:IdentifiedObject.name>Node 7</cim:IdentifiedObject.name>
	<cim:IdentifiedObject.description>Node 7</cim:IdentifiedObject.description>
	<cim:TopologicalNode.equivalent>FALSE</cim:TopologicalNode.equivalent>
	<cim:TopologicalNodeSubstation.name></cim:TopologicalNodeSubstation.name>
	<cim:TopologicalNode.NodeCode>Node 7</cim:TopologicalNode.NodeCode>
	<cim:TopologicalNode.BaseVoltage rdf:resource="#_5c957df5f6bb417ab52f89dcfabd903f"/>
	<cim:TopologicalNode.ConnectivityNodeContainer rdf:resource="#_30e6c120611947f696dca506ddae294c"/>
	<cim:TopologicalNode.ControlArea rdf:resource="#_3d585c19d41346cbb73981cb4abb4545"/>
	<cim:TopologicalNode.TopologicalIsland rdf:resource="#_9ca9907fb6d645188e5386b65e90ada3"/>
</cim:TopologicalNode>
<cim:TopologicalNode rdf:ID="_6ce68ecc2af24b2a9031d07ec6c51f1c">
	<cim:Node.UniqueNumber>11</cim:Node.UniqueNumber>
	<cim:IdentifiedObject.name>Node 7 - 110 kV</cim:IdentifiedObject.name>
	<cim:IdentifiedObject.description>Node 7 - 110 kV</cim:IdentifiedObject.description>
	<cim:TopologicalNode.equivalent>FALSE</cim:TopologicalNode.equivalent>
	<cim:TopologicalNodeSubstation.name></cim:TopologicalNodeSubstation.name>
	<cim:TopologicalNode.NodeCode>Node7-11</cim:TopologicalNode.NodeCode>
	<cim:TopologicalNode.BaseVoltage rdf:resource="#_4b02f782a587426085f4d6a2177814f3"/>
	<cim:TopologicalNode.ConnectivityNodeContainer rdf:resource="#_a1fec8900c6d45e489c49fda1ebc7a40"/>
	<cim:TopologicalNode.ControlArea rdf:resource="#_3d585c19d41346cbb73981cb4abb4545"/>
	<cim:TopologicalNode.TopologicalIsland rdf:resource="#_9ca9907fb6d645188e5386b65e90ada3"/>
</cim:TopologicalNode>
<cim:TopologicalNode rdf:ID="_4d23d8b8f7a447ec9328bfed5212fb46">
	<cim:Node.UniqueNumber>12</cim:Node.UniqueNumber>
	<cim:IdentifiedObject.name>Node 8</cim:IdentifiedObject.name>
	<cim:IdentifiedObject.description>Node 8</cim:IdentifiedObject.description>
	<cim:TopologicalNode.equivalent>FALSE</cim:TopologicalNode.equivalent>
	<cim:TopologicalNodeSubstation.name></cim:TopologicalNodeSubstation.name>
	<cim:TopologicalNode.NodeCode>Node 8</cim:TopologicalNode.NodeCode>
	<cim:TopologicalNode.BaseVoltage rdf:resource="#_4b02f782a587426085f4d6a2177814f3"/>
	<cim:TopologicalNode.ConnectivityNodeContainer rdf:resource="#_b61cb4599d1b4f48b129704d53f78247"/>
	<cim:TopologicalNode.ControlArea rdf:resource="#_3d585c19d41346cbb73981cb4abb4545"/>
	<cim:TopologicalNode.TopologicalIsland rdf:resource="#_9ca9907fb6d645188e5386b65e90ada3"/>
</cim:TopologicalNode>
<cim:TopologicalNode rdf:ID="_a420f350dd2341d09cd2ef0b2eb6909c">
	<cim:Node.UniqueNumber>13</cim:Node.UniqueNumber>
	<cim:IdentifiedObject.name>Node 9 - 35 kV</cim:IdentifiedObject.name>
	<cim:IdentifiedObject.description>Node 9 - 35 kV</cim:IdentifiedObject.description>
	<cim:TopologicalNode.equivalent>FALSE</cim:TopologicalNode.equivalent>
	<cim:TopologicalNodeSubstation.name></cim:TopologicalNodeSubstation.name>
	<cim:TopologicalNode.NodeCode>Node9_35</cim:TopologicalNode.NodeCode>
	<cim:TopologicalNode.BaseVoltage rdf:resource="#_c8cf4bf75a5542e3b360a79acaee3c6a"/>
	<cim:TopologicalNode.ConnectivityNodeContainer rdf:resource="#_ed0e2f3e1bd14ee7a6f62b8bb1840a81"/>
	<cim:TopologicalNode.ControlArea rdf:resource="#_3d585c19d41346cbb73981cb4abb4545"/>
	<cim:TopologicalNode.TopologicalIsland rdf:resource="#_9ca9907fb6d645188e5386b65e90ada3"/>
</cim:TopologicalNode>
<cim:TopologicalNode rdf:ID="_7c59f43eb39f4eacb12187f14f5d9b7b">
	<cim:Node.UniqueNumber>14</cim:Node.UniqueNumber>
	<cim:IdentifiedObject.name>Node 9</cim:IdentifiedObject.name>
	<cim:IdentifiedObject.description>Node 9</cim:IdentifiedObject.description>
	<cim:TopologicalNode.equivalent>FALSE</cim:TopologicalNode.equivalent>
	<cim:TopologicalNodeSubstation.name></cim:TopologicalNodeSubstation.name>
	<cim:TopologicalNode.NodeCode>Node 9</cim:TopologicalNode.NodeCode>
	<cim:TopologicalNode.BaseVoltage rdf:resource="#_4b02f782a587426085f4d6a2177814f3"/>
	<cim:TopologicalNode.ConnectivityNodeContainer rdf:resource="#_f7af1f7a7bc14b64a908d8a40130f1fe"/>
	<cim:TopologicalNode.ControlArea rdf:resource="#_3d585c19d41346cbb73981cb4abb4545"/>
	<cim:TopologicalNode.TopologicalIsland rdf:resource="#_9ca9907fb6d645188e5386b65e90ada3"/>
</cim:TopologicalNode>
<cim:TopologicalNode rdf:ID="_a0528840c11b4d25b39ae88524ec3347">
	<cim:Node.UniqueNumber>15</cim:Node.UniqueNumber>
	<cim:IdentifiedObject.name>Node 10</cim:IdentifiedObject.name>
	<cim:IdentifiedObject.description>Node 10</cim:IdentifiedObject.description>
	<cim:TopologicalNode.equivalent>FALSE</cim:TopologicalNode.equivalent>
	<cim:TopologicalNodeSubstation.name></cim:TopologicalNodeSubstation.name>
	<cim:TopologicalNode.NodeCode>Node 10</cim:TopologicalNode.NodeCode>
	<cim:TopologicalNode.BaseVoltage rdf:resource="#_4b02f782a587426085f4d6a2177814f3"/>
	<cim:TopologicalNode.ConnectivityNodeContainer rdf:resource="#_ee3e942c04aa45dc89949f0e47a46e52"/>
	<cim:TopologicalNode.ControlArea rdf:resource="#_3d585c19d41346cbb73981cb4abb4545"/>
	<cim:TopologicalNode.TopologicalIsland rdf:resource="#_9ca9907fb6d645188e5386b65e90ada3"/>
</cim:TopologicalNode>
<cim:TopologicalNode rdf:ID="_3704aa7a87174094ba45f9d2a84e5d2c">
	<cim:Node.UniqueNumber>16</cim:Node.UniqueNumber>
	<cim:IdentifiedObject.name>Node 11</cim:IdentifiedObject.name>
	<cim:IdentifiedObject.description>Node 11</cim:IdentifiedObject.description>
	<cim:TopologicalNode.equivalent>FALSE</cim:TopologicalNode.equivalent>
	<cim:TopologicalNodeSubstation.name></cim:TopologicalNodeSubstation.name>
	<cim:TopologicalNode.NodeCode>Node 11</cim:TopologicalNode.NodeCode>
	<cim:TopologicalNode.BaseVoltage rdf:resource="#_eb6347baa3954ad693e23d1f0574fcca"/>
	<cim:TopologicalNode.ConnectivityNodeContainer rdf:resource="#_a69d29238d0041269d3fc85f814f36b5"/>
	<cim:TopologicalNode.ControlArea rdf:resource="#_3d585c19d41346cbb73981cb4abb4545"/>
	<cim:TopologicalNode.TopologicalIsland rdf:resource="#_9ca9907fb6d645188e5386b65e90ada3"/>
</cim:TopologicalNode>
<cim:TopologicalNode rdf:ID="_c18e4d1c521d43769c69f7f880932994">
	<cim:Node.UniqueNumber>17</cim:Node.UniqueNumber>
	<cim:IdentifiedObject.name>Node 12</cim:IdentifiedObject.name>
	<cim:IdentifiedObject.description>Node 12</cim:IdentifiedObject.description>
	<cim:TopologicalNode.equivalent>FALSE</cim:TopologicalNode.equivalent>
	<cim:TopologicalNodeSubstation.name></cim:TopologicalNodeSubstation.name>
	<cim:TopologicalNode.NodeCode>Node 12</cim:TopologicalNode.NodeCode>
	<cim:TopologicalNode.BaseVoltage rdf:resource="#_eb6347baa3954ad693e23d1f0574fcca"/>
	<cim:TopologicalNode.ConnectivityNodeContainer rdf:resource="#_6aeda35ae1bc436ebddb353d01c4477a"/>
	<cim:TopologicalNode.ControlArea rdf:resource="#_3d585c19d41346cbb73981cb4abb4545"/>
	<cim:TopologicalNode.TopologicalIsland rdf:resource="#_9ca9907fb6d645188e5386b65e90ada3"/>
</cim:TopologicalNode>
<cim:TopologicalNode rdf:ID="_3834223895384143af449ded9e793483">
	<cim:Node.UniqueNumber>18</cim:Node.UniqueNumber>
	<cim:IdentifiedObject.name>Node 13</cim:IdentifiedObject.name>
	<cim:IdentifiedObject.description>Node 13</cim:IdentifiedObject.description>
	<cim:TopologicalNode.equivalent>FALSE</cim:TopologicalNode.equivalent>
	<cim:TopologicalNodeSubstation.name></cim:TopologicalNodeSubstation.name>
	<cim:TopologicalNode.NodeCode>Node 13</cim:TopologicalNode.NodeCode>
	<cim:TopologicalNode.BaseVoltage rdf:resource="#_eb6347baa3954ad693e23d1f0574fcca"/>
	<cim:TopologicalNode.ConnectivityNodeContainer rdf:resource="#_5b2810f74da34e0d965bf49c2a2fc270"/>
	<cim:TopologicalNode.ControlArea rdf:resource="#_3d585c19d41346cbb73981cb4abb4545"/>
	<cim:TopologicalNode.TopologicalIsland rdf:resource="#_9ca9907fb6d645188e5386b65e90ada3"/>
</cim:TopologicalNode>
<cim:TopologicalNode rdf:ID="_b623e7cc2b8b41b6b480a4e2d1f1b914">
	<cim:Node.UniqueNumber>19</cim:Node.UniqueNumber>
	<cim:IdentifiedObject.name>Node 14</cim:IdentifiedObject.name>
	<cim:IdentifiedObject.description>Node 14</cim:IdentifiedObject.description>
	<cim:TopologicalNode.equivalent>FALSE</cim:TopologicalNode.equivalent>
	<cim:TopologicalNodeSubstation.name></cim:TopologicalNodeSubstation.name>
	<cim:TopologicalNode.NodeCode>Node 14</cim:TopologicalNode.NodeCode>
	<cim:TopologicalNode.BaseVoltage rdf:resource="#_4b02f782a587426085f4d6a2177814f3"/>
	<cim:TopologicalNode.ConnectivityNodeContainer rdf:resource="#_c6b64200e70849ccb2257f208f9fb27f"/>
	<cim:TopologicalNode.ControlArea rdf:resource="#_3d585c19d41346cbb73981cb4abb4545"/>
	<cim:TopologicalNode.TopologicalIsland rdf:resource="#_9ca9907fb6d645188e5386b65e90ada3"/>
</cim:TopologicalNode>
<cim:TopologicalNode rdf:ID="_1b622e7a99d743ad8d9e047bb2189bb5">
	<cim:Node.UniqueNumber>20</cim:Node.UniqueNumber>
	<cim:IdentifiedObject.name>Node 15</cim:IdentifiedObject.name>
	<cim:IdentifiedObject.description>Node 15</cim:IdentifiedObject.description>
	<cim:TopologicalNode.equivalent>FALSE</cim:TopologicalNode.equivalent>
	<cim:TopologicalNodeSubstation.name></cim:TopologicalNodeSubstation.name>
	<cim:TopologicalNode.NodeCode>Node 15</cim:TopologicalNode.NodeCode>
	<cim:TopologicalNode.BaseVoltage rdf:resource="#_eb6347baa3954ad693e23d1f0574fcca"/>
	<cim:TopologicalNode.ConnectivityNodeContainer rdf:resource="#_e2df1778483541a3b75382c2f3383974"/>
	<cim:TopologicalNode.ControlArea rdf:resource="#_3d585c19d41346cbb73981cb4abb4545"/>
	<cim:TopologicalNode.TopologicalIsland rdf:resource="#_9ca9907fb6d645188e5386b65e90ada3"/>
</cim:TopologicalNode>
<cim:TopologicalNode rdf:ID="_193f6f901ac941ea836df29d523d0352">
	<cim:Node.UniqueNumber>21</cim:Node.UniqueNumber>
	<cim:IdentifiedObject.name>G1</cim:IdentifiedObject.name>
	<cim:IdentifiedObject.description>WPP1 - G1</cim:IdentifiedObject.description>
	<cim:TopologicalNode.equivalent>FALSE</cim:TopologicalNode.equivalent>
	<cim:TopologicalNodeSubstation.name></cim:TopologicalNodeSubstation.name>
	<cim:TopologicalNode.NodeCode>WPP1_G1</cim:TopologicalNode.NodeCode>
	<cim:TopologicalNode.BaseVoltage rdf:resource="#_eb6347baa3954ad693e23d1f0574fcca"/>
	<cim:TopologicalNode.ConnectivityNodeContainer rdf:resource="#_28ef0004513343f4b97fe5d39ea21e4b"/>
	<cim:TopologicalNode.ControlArea rdf:resource="#_3d585c19d41346cbb73981cb4abb4545"/>
	<cim:TopologicalNode.TopologicalIsland rdf:resource="#_9ca9907fb6d645188e5386b65e90ada3"/>
</cim:TopologicalNode>
<cim:TopologicalNode rdf:ID="_0a0eadb7c8c14b09bcb1a9d195f73ad4">
	<cim:Node.UniqueNumber>22</cim:Node.UniqueNumber>
	<cim:IdentifiedObject.name>G1 LV</cim:IdentifiedObject.name>
	<cim:IdentifiedObject.description>G1 LV</cim:IdentifiedObject.description>
	<cim:TopologicalNode.equivalent>FALSE</cim:TopologicalNode.equivalent>
	<cim:TopologicalNodeSubstation.name></cim:TopologicalNodeSubstation.name>
	<cim:TopologicalNode.NodeCode>WPP1_G11</cim:TopologicalNode.NodeCode>
	<cim:TopologicalNode.BaseVoltage rdf:resource="#_431f6c9f71e34f97ba0a3c7543e769bb"/>
	<cim:TopologicalNode.ConnectivityNodeContainer rdf:resource="#_7886376387fb469e9e85c36e9c6e3f50"/>
	<cim:TopologicalNode.ControlArea rdf:resource="#_3d585c19d41346cbb73981cb4abb4545"/>
	<cim:TopologicalNode.TopologicalIsland rdf:resource="#_9ca9907fb6d645188e5386b65e90ada3"/>
</cim:TopologicalNode>
<cim:TopologicalNode rdf:ID="_328848ad7478423bbd1905d16857e078">
	<cim:Node.UniqueNumber>23</cim:Node.UniqueNumber>
	<cim:IdentifiedObject.name>G2</cim:IdentifiedObject.name>
	<cim:IdentifiedObject.description>WPP1 - G2</cim:IdentifiedObject.description>
	<cim:TopologicalNode.equivalent>FALSE</cim:TopologicalNode.equivalent>
	<cim:TopologicalNodeSubstation.name></cim:TopologicalNodeSubstation.name>
	<cim:TopologicalNode.NodeCode>WPP1_G2</cim:TopologicalNode.NodeCode>
	<cim:TopologicalNode.BaseVoltage rdf:resource="#_eb6347baa3954ad693e23d1f0574fcca"/>
	<cim:TopologicalNode.ConnectivityNodeContainer rdf:resource="#_334f41cf13a84e8f825880022a9c2ca3"/>
	<cim:TopologicalNode.ControlArea rdf:resource="#_3d585c19d41346cbb73981cb4abb4545"/>
	<cim:TopologicalNode.TopologicalIsland rdf:resource="#_9ca9907fb6d645188e5386b65e90ada3"/>
</cim:TopologicalNode>
<cim:TopologicalNode rdf:ID="_d79997b8acb34ac197e2cbc1460340b0">
	<cim:Node.UniqueNumber>24</cim:Node.UniqueNumber>
	<cim:IdentifiedObject.name>G2 LV</cim:IdentifiedObject.name>
	<cim:IdentifiedObject.description>G2 LV</cim:IdentifiedObject.description>
	<cim:TopologicalNode.equivalent>FALSE</cim:TopologicalNode.equivalent>
	<cim:TopologicalNodeSubstation.name></cim:TopologicalNodeSubstation.name>
	<cim:TopologicalNode.NodeCode>WPP1_G22</cim:TopologicalNode.NodeCode>
	<cim:TopologicalNode.BaseVoltage rdf:resource="#_431f6c9f71e34f97ba0a3c7543e769bb"/>
	<cim:TopologicalNode.ConnectivityNodeContainer rdf:resource="#_3b697f1624bf48eabb42342f7a5034a7"/>
	<cim:TopologicalNode.ControlArea rdf:resource="#_3d585c19d41346cbb73981cb4abb4545"/>
	<cim:TopologicalNode.TopologicalIsland rdf:resource="#_9ca9907fb6d645188e5386b65e90ada3"/>
</cim:TopologicalNode>
<cim:TopologicalNode rdf:ID="_2c4d8b7f159e41c6bfea8e3abcd47c85">
	<cim:Node.UniqueNumber>25</cim:Node.UniqueNumber>
	<cim:IdentifiedObject.name>G3</cim:IdentifiedObject.name>
	<cim:IdentifiedObject.description>G3</cim:IdentifiedObject.description>
	<cim:TopologicalNode.equivalent>FALSE</cim:TopologicalNode.equivalent>
	<cim:TopologicalNodeSubstation.name></cim:TopologicalNodeSubstation.name>
	<cim:TopologicalNode.NodeCode>WPP1_G3</cim:TopologicalNode.NodeCode>
	<cim:TopologicalNode.BaseVoltage rdf:resource="#_eb6347baa3954ad693e23d1f0574fcca"/>
	<cim:TopologicalNode.ConnectivityNodeContainer rdf:resource="#_a174f4bd11c34912a2d502ccc7e7912c"/>
	<cim:TopologicalNode.ControlArea rdf:resource="#_3d585c19d41346cbb73981cb4abb4545"/>
	<cim:TopologicalNode.TopologicalIsland rdf:resource="#_9ca9907fb6d645188e5386b65e90ada3"/>
</cim:TopologicalNode>
<cim:TopologicalNode rdf:ID="_29638a8ace0347749caaa003aaf9b994">
	<cim:Node.UniqueNumber>26</cim:Node.UniqueNumber>
	<cim:IdentifiedObject.name>G3 LV</cim:IdentifiedObject.name>
	<cim:IdentifiedObject.description>G3 LV</cim:IdentifiedObject.description>
	<cim:TopologicalNode.equivalent>FALSE</cim:TopologicalNode.equivalent>
	<cim:TopologicalNodeSubstation.name></cim:TopologicalNodeSubstation.name>
	<cim:TopologicalNode.NodeCode>WPP1_G33</cim:TopologicalNode.NodeCode>
	<cim:TopologicalNode.BaseVoltage rdf:resource="#_431f6c9f71e34f97ba0a3c7543e769bb"/>
	<cim:TopologicalNode.ConnectivityNodeContainer rdf:resource="#_c314a57d2d4e4a3bb839b3cd389a2b4d"/>
	<cim:TopologicalNode.ControlArea rdf:resource="#_3d585c19d41346cbb73981cb4abb4545"/>
	<cim:TopologicalNode.TopologicalIsland rdf:resource="#_9ca9907fb6d645188e5386b65e90ada3"/>
</cim:TopologicalNode>
<cim:TopologicalNode rdf:ID="_71d04cceda6048c3a47e3be8bdefb13e">
	<cim:Node.UniqueNumber>27</cim:Node.UniqueNumber>
	<cim:IdentifiedObject.name>Node 16</cim:IdentifiedObject.name>
	<cim:IdentifiedObject.description>Node 16</cim:IdentifiedObject.description>
	<cim:TopologicalNode.equivalent>FALSE</cim:TopologicalNode.equivalent>
	<cim:TopologicalNodeSubstation.name></cim:TopologicalNodeSubstation.name>
	<cim:TopologicalNode.NodeCode>Node 16</cim:TopologicalNode.NodeCode>
	<cim:TopologicalNode.BaseVoltage rdf:resource="#_4b02f782a587426085f4d6a2177814f3"/>
	<cim:TopologicalNode.ConnectivityNodeContainer rdf:resource="#_f099d9a8de024738a7c4a185380f6dee"/>
	<cim:TopologicalNode.ControlArea rdf:resource="#_3d585c19d41346cbb73981cb4abb4545"/>
	<cim:TopologicalNode.TopologicalIsland rdf:resource="#_9ca9907fb6d645188e5386b65e90ada3"/>
</cim:TopologicalNode>
<cim:TopologicalNode rdf:ID="_76a971dc35854505acd3da39ab2c60f3">
	<cim:Node.UniqueNumber>28</cim:Node.UniqueNumber>
	<cim:IdentifiedObject.name>Node 17</cim:IdentifiedObject.name>
	<cim:IdentifiedObject.description>Node 17</cim:IdentifiedObject.description>
	<cim:TopologicalNode.equivalent>FALSE</cim:TopologicalNode.equivalent>
	<cim:TopologicalNodeSubstation.name></cim:TopologicalNodeSubstation.name>
	<cim:TopologicalNode.NodeCode>Node 17</cim:TopologicalNode.NodeCode>
	<cim:TopologicalNode.BaseVoltage rdf:resource="#_4b02f782a587426085f4d6a2177814f3"/>
	<cim:TopologicalNode.ConnectivityNodeContainer rdf:resource="#_1c4c0c7ac1b342df8938ce730344791c"/>
	<cim:TopologicalNode.ControlArea rdf:resource="#_3d585c19d41346cbb73981cb4abb4545"/>
	<cim:TopologicalNode.TopologicalIsland rdf:resource="#_9ca9907fb6d645188e5386b65e90ada3"/>
</cim:TopologicalNode>
<cim:TopologicalNode rdf:ID="_be449bb658af4fc39eab62a9dcea3012">
	<cim:Node.UniqueNumber>29</cim:Node.UniqueNumber>
	<cim:IdentifiedObject.name>Node 18</cim:IdentifiedObject.name>
	<cim:IdentifiedObject.description>Node 18</cim:IdentifiedObject.description>
	<cim:TopologicalNode.equivalent>FALSE</cim:TopologicalNode.equivalent>
	<cim:TopologicalNodeSubstation.name></cim:TopologicalNodeSubstation.name>
	<cim:TopologicalNode.NodeCode>Node 18</cim:TopologicalNode.NodeCode>
	<cim:TopologicalNode.BaseVoltage rdf:resource="#_4b02f782a587426085f4d6a2177814f3"/>
	<cim:TopologicalNode.ConnectivityNodeContainer rdf:resource="#_2ad6596602054d3e8a0fa6e66ac6a04e"/>
	<cim:TopologicalNode.ControlArea rdf:resource="#_3d585c19d41346cbb73981cb4abb4545"/>
	<cim:TopologicalNode.TopologicalIsland rdf:resource="#_9ca9907fb6d645188e5386b65e90ada3"/>
</cim:TopologicalNode>
<cim:TopologicalNode rdf:ID="_1021469e75964a3dbe1e7eec7b77d65e">
	<cim:Node.UniqueNumber>30</cim:Node.UniqueNumber>
	<cim:IdentifiedObject.name>Node 19</cim:IdentifiedObject.name>
	<cim:IdentifiedObject.description>Node 19</cim:IdentifiedObject.description>
	<cim:TopologicalNode.equivalent>FALSE</cim:TopologicalNode.equivalent>
	<cim:TopologicalNodeSubstation.name></cim:TopologicalNodeSubstation.name>
	<cim:TopologicalNode.NodeCode>Node 19</cim:TopologicalNode.NodeCode>
	<cim:TopologicalNode.BaseVoltage rdf:resource="#_eb6347baa3954ad693e23d1f0574fcca"/>
	<cim:TopologicalNode.ConnectivityNodeContainer rdf:resource="#_e5ff8cad758b429f8d2cb061938f3e4f"/>
	<cim:TopologicalNode.ControlArea rdf:resource="#_3d585c19d41346cbb73981cb4abb4545"/>
	<cim:TopologicalNode.TopologicalIsland rdf:resource="#_9ca9907fb6d645188e5386b65e90ada3"/>
</cim:TopologicalNode>
<cim:TopologicalNode rdf:ID="_4b8126b192654a32adac003dac78c058">
	<cim:Node.UniqueNumber>31</cim:Node.UniqueNumber>
	<cim:IdentifiedObject.name>Node 20</cim:IdentifiedObject.name>
	<cim:IdentifiedObject.description>Node 20</cim:IdentifiedObject.description>
	<cim:TopologicalNode.equivalent>FALSE</cim:TopologicalNode.equivalent>
	<cim:TopologicalNodeSubstation.name></cim:TopologicalNodeSubstation.name>
	<cim:TopologicalNode.NodeCode>Node 20</cim:TopologicalNode.NodeCode>
	<cim:TopologicalNode.BaseVoltage rdf:resource="#_431f6c9f71e34f97ba0a3c7543e769bb"/>
	<cim:TopologicalNode.ConnectivityNodeContainer rdf:resource="#_7609cdde6cd64e9088966839bf8a1206"/>
	<cim:TopologicalNode.ControlArea rdf:resource="#_3d585c19d41346cbb73981cb4abb4545"/>
	<cim:TopologicalNode.TopologicalIsland rdf:resource="#_9ca9907fb6d645188e5386b65e90ada3"/>
</cim:TopologicalNode>
<cim:TopologicalNode rdf:ID="_5c2c8ac8b6fc424c8437477da22e481e">
	<cim:Node.UniqueNumber>32</cim:Node.UniqueNumber>
	<cim:IdentifiedObject.name>Node 10 - 10 kV</cim:IdentifiedObject.name>
	<cim:IdentifiedObject.description>Node 10 - 10 kV</cim:IdentifiedObject.description>
	<cim:TopologicalNode.equivalent>FALSE</cim:TopologicalNode.equivalent>
	<cim:TopologicalNodeSubstation.name></cim:TopologicalNodeSubstation.name>
	<cim:TopologicalNode.NodeCode>Node10_1</cim:TopologicalNode.NodeCode>
	<cim:TopologicalNode.BaseVoltage rdf:resource="#_eb6347baa3954ad693e23d1f0574fcca"/>
	<cim:TopologicalNode.ConnectivityNodeContainer rdf:resource="#_a20accd7a5b84afaa52d1b21b513638b"/>
	<cim:TopologicalNode.ControlArea rdf:resource="#_3d585c19d41346cbb73981cb4abb4545"/>
	<cim:TopologicalNode.TopologicalIsland rdf:resource="#_9ca9907fb6d645188e5386b65e90ada3"/>
</cim:TopologicalNode>
<cim:Terminal rdf:about="#_e9c5abaefcc84bc5b321ce3ab6e6cb7e">
	<cim:Terminal.TopologicalNode rdf:resource="#_1cdd023db7c24a5f89c00235db1cfd23"/>
	<cim:Terminal.connected>TRUE</cim:Terminal.connected>
</cim:Terminal>
<cim:Terminal rdf:about="#_ad9c5282060740cc8f95757e0f6cf2b3">
	<cim:Terminal.TopologicalNode rdf:resource="#_f9c3988606394819bb70c4be8ce3e712"/>
	<cim:Terminal.connected>TRUE</cim:Terminal.connected>
</cim:Terminal>
<cim:Terminal rdf:about="#_c9af98f3ecac4931b5a6e5ff611f97e2">
	<cim:Terminal.TopologicalNode rdf:resource="#_f9c3988606394819bb70c4be8ce3e712"/>
	<cim:Terminal.connected>TRUE</cim:Terminal.connected>
</cim:Terminal>
<cim:Terminal rdf:about="#_5d4f40a140a745c98748332846410b9a">
	<cim:Terminal.TopologicalNode rdf:resource="#_09caf866107d4970babdc26cb65e850e"/>
	<cim:Terminal.connected>TRUE</cim:Terminal.connected>
</cim:Terminal>
<cim:Terminal rdf:about="#_0fe61b76f7c840e2b382c7cfe1584059">
	<cim:Terminal.TopologicalNode rdf:resource="#_f9c3988606394819bb70c4be8ce3e712"/>
	<cim:Terminal.connected>TRUE</cim:Terminal.connected>
</cim:Terminal>
<cim:Terminal rdf:about="#_b93cf3752986475ca8d7f6b4a2c3f30b">
	<cim:Terminal.TopologicalNode rdf:resource="#_09caf866107d4970babdc26cb65e850e"/>
	<cim:Terminal.connected>TRUE</cim:Terminal.connected>
</cim:Terminal>
<cim:Terminal rdf:about="#_a42b69146ff24d35b24e4fa9c6265407">
	<cim:Terminal.TopologicalNode rdf:resource="#_09caf866107d4970babdc26cb65e850e"/>
	<cim:Terminal.connected>TRUE</cim:Terminal.connected>
</cim:Terminal>
<cim:Terminal rdf:about="#_8dd14694351443d099fda3d9055ac70a">
	<cim:Terminal.TopologicalNode rdf:resource="#_ddbffcb8618b4480b16107ca32d7816e"/>
	<cim:Terminal.connected>TRUE</cim:Terminal.connected>
</cim:Terminal>
<cim:Terminal rdf:about="#_cb97631f877142cd911a2c39de1424a8">
	<cim:Terminal.TopologicalNode rdf:resource="#_afe19432182944b59958df818562fe1c"/>
	<cim:Terminal.connected>TRUE</cim:Terminal.connected>
</cim:Terminal>
<cim:Terminal rdf:about="#_56a0fb2bd6fe42d881f400c81e4101f1">
	<cim:Terminal.TopologicalNode rdf:resource="#_1be86998afad4dc3b029f66265db7314"/>
	<cim:Terminal.connected>TRUE</cim:Terminal.connected>
</cim:Terminal>
<cim:Terminal rdf:about="#_0f8aac397ccd410eae30edd7bf0914f0">
	<cim:Terminal.TopologicalNode rdf:resource="#_f9c3988606394819bb70c4be8ce3e712"/>
	<cim:Terminal.connected>TRUE</cim:Terminal.connected>
</cim:Terminal>
<cim:Terminal rdf:about="#_fd49b7b65756480da561a223234bd8f4">
	<cim:Terminal.TopologicalNode rdf:resource="#_248d15096da7472cb721470347e5fb6e"/>
	<cim:Terminal.connected>TRUE</cim:Terminal.connected>
</cim:Terminal>
<cim:Terminal rdf:about="#_baec9d53c3664c8598d02e2754d5397c">
	<cim:Terminal.TopologicalNode rdf:resource="#_6ce68ecc2af24b2a9031d07ec6c51f1c"/>
	<cim:Terminal.connected>TRUE</cim:Terminal.connected>
</cim:Terminal>
<cim:Terminal rdf:about="#_60935f13120a4ef08f4715c84ee917f3">
	<cim:Terminal.TopologicalNode rdf:resource="#_4d23d8b8f7a447ec9328bfed5212fb46"/>
	<cim:Terminal.connected>TRUE</cim:Terminal.connected>
</cim:Terminal>
<cim:Terminal rdf:about="#_4c0ed3874e2041bdb6d10dae53b995bf">
	<cim:Terminal.TopologicalNode rdf:resource="#_4d23d8b8f7a447ec9328bfed5212fb46"/>
	<cim:Terminal.connected>TRUE</cim:Terminal.connected>
</cim:Terminal>
<cim:Terminal rdf:about="#_2a534c8a29ae461c99068fa002d281fc">
	<cim:Terminal.TopologicalNode rdf:resource="#_afe19432182944b59958df818562fe1c"/>
	<cim:Terminal.connected>TRUE</cim:Terminal.connected>
</cim:Terminal>
<cim:Terminal rdf:about="#_0fbfe0a17e95475bb8ffd22c476967c2">
	<cim:Terminal.TopologicalNode rdf:resource="#_1be86998afad4dc3b029f66265db7314"/>
	<cim:Terminal.connected>TRUE</cim:Terminal.connected>
</cim:Terminal>
<cim:Terminal rdf:about="#_2cad266e792547bd85037e641a051848">
	<cim:Terminal.TopologicalNode rdf:resource="#_7c59f43eb39f4eacb12187f14f5d9b7b"/>
	<cim:Terminal.connected>TRUE</cim:Terminal.connected>
</cim:Terminal>
<cim:Terminal rdf:about="#_8aceca7009cc49a08e8d6b54164098a4">
	<cim:Terminal.TopologicalNode rdf:resource="#_4d23d8b8f7a447ec9328bfed5212fb46"/>
	<cim:Terminal.connected>TRUE</cim:Terminal.connected>
</cim:Terminal>
<cim:Terminal rdf:about="#_dbf2cb5299774fe68bfbec821ff1d64d">
	<cim:Terminal.TopologicalNode rdf:resource="#_a0528840c11b4d25b39ae88524ec3347"/>
	<cim:Terminal.connected>TRUE</cim:Terminal.connected>
</cim:Terminal>
<cim:Terminal rdf:about="#_b67e0d1d62ef4e2bb1844702f77a4690">
	<cim:Terminal.TopologicalNode rdf:resource="#_9eae1d8eb19445ee8f52f158bada1628"/>
	<cim:Terminal.connected>TRUE</cim:Terminal.connected>
</cim:Terminal>
<cim:Terminal rdf:about="#_eaa8ab42bfd646cfa4e00c99132a0e86">
	<cim:Terminal.TopologicalNode rdf:resource="#_3704aa7a87174094ba45f9d2a84e5d2c"/>
	<cim:Terminal.connected>TRUE</cim:Terminal.connected>
</cim:Terminal>
<cim:Terminal rdf:about="#_298f41d1e8e24ce2af549adebddfbed5">
	<cim:Terminal.TopologicalNode rdf:resource="#_c18e4d1c521d43769c69f7f880932994"/>
	<cim:Terminal.connected>TRUE</cim:Terminal.connected>
</cim:Terminal>
<cim:Terminal rdf:about="#_6fcd33ef4eaf4bd08c9608774900e0e9">
	<cim:Terminal.TopologicalNode rdf:resource="#_3704aa7a87174094ba45f9d2a84e5d2c"/>
	<cim:Terminal.connected>TRUE</cim:Terminal.connected>
</cim:Terminal>
<cim:Terminal rdf:about="#_b441de6d73c24d679ba7f09553988315">
	<cim:Terminal.TopologicalNode rdf:resource="#_c18e4d1c521d43769c69f7f880932994"/>
	<cim:Terminal.connected>TRUE</cim:Terminal.connected>
</cim:Terminal>
<cim:Terminal rdf:about="#_28b8c78bc09c4e949ae1f6e711c3bbf1">
	<cim:Terminal.TopologicalNode rdf:resource="#_3834223895384143af449ded9e793483"/>
	<cim:Terminal.connected>TRUE</cim:Terminal.connected>
</cim:Terminal>
<cim:Terminal rdf:about="#_da844020ddca43d2a724b74c9dea6d72">
	<cim:Terminal.TopologicalNode rdf:resource="#_b623e7cc2b8b41b6b480a4e2d1f1b914"/>
	<cim:Terminal.connected>TRUE</cim:Terminal.connected>
</cim:Terminal>
<cim:Terminal rdf:about="#_02f39486f4e747b29f879bed1a62f4a6">
	<cim:Terminal.TopologicalNode rdf:resource="#_a0528840c11b4d25b39ae88524ec3347"/>
	<cim:Terminal.connected>TRUE</cim:Terminal.connected>
</cim:Terminal>
<cim:Terminal rdf:about="#_f94f9731ddcd4f5b9f555a19d8478594">
	<cim:Terminal.TopologicalNode rdf:resource="#_1b622e7a99d743ad8d9e047bb2189bb5"/>
	<cim:Terminal.connected>TRUE</cim:Terminal.connected>
</cim:Terminal>
<cim:Terminal rdf:about="#_0fe379eda88248a2a69a24d9b0029b5a">
	<cim:Terminal.TopologicalNode rdf:resource="#_193f6f901ac941ea836df29d523d0352"/>
	<cim:Terminal.connected>TRUE</cim:Terminal.connected>
</cim:Terminal>
<cim:Terminal rdf:about="#_1fff776b27074e47bcd2a20c0aa36ac7">
	<cim:Terminal.TopologicalNode rdf:resource="#_1b622e7a99d743ad8d9e047bb2189bb5"/>
	<cim:Terminal.connected>TRUE</cim:Terminal.connected>
</cim:Terminal>
<cim:Terminal rdf:about="#_f9765cad31f94abd8b09b1619dd02932">
	<cim:Terminal.TopologicalNode rdf:resource="#_328848ad7478423bbd1905d16857e078"/>
	<cim:Terminal.connected>TRUE</cim:Terminal.connected>
</cim:Terminal>
<cim:Terminal rdf:about="#_4232825756874b828fb59efd92f1dd77">
	<cim:Terminal.TopologicalNode rdf:resource="#_1b622e7a99d743ad8d9e047bb2189bb5"/>
	<cim:Terminal.connected>TRUE</cim:Terminal.connected>
</cim:Terminal>
<cim:Terminal rdf:about="#_ff9a094798a943049ca7bc8d07b62830">
	<cim:Terminal.TopologicalNode rdf:resource="#_2c4d8b7f159e41c6bfea8e3abcd47c85"/>
	<cim:Terminal.connected>TRUE</cim:Terminal.connected>
</cim:Terminal>
<cim:Terminal rdf:about="#_66eca6317b524672b114eac1c47473fc">
	<cim:Terminal.TopologicalNode rdf:resource="#_4d23d8b8f7a447ec9328bfed5212fb46"/>
	<cim:Terminal.connected>TRUE</cim:Terminal.connected>
</cim:Terminal>
<cim:Terminal rdf:about="#_0bf7bd219f5240f1841fa6b8f7a4dce4">
	<cim:Terminal.TopologicalNode rdf:resource="#_71d04cceda6048c3a47e3be8bdefb13e"/>
	<cim:Terminal.connected>TRUE</cim:Terminal.connected>
</cim:Terminal>
<cim:Terminal rdf:about="#_02549253089840a3b582cc3e8cdf563b">
	<cim:Terminal.TopologicalNode rdf:resource="#_76a971dc35854505acd3da39ab2c60f3"/>
	<cim:Terminal.connected>TRUE</cim:Terminal.connected>
</cim:Terminal>
<cim:Terminal rdf:about="#_3bcf859bda27417d805cc7be88e371b1">
	<cim:Terminal.TopologicalNode rdf:resource="#_71d04cceda6048c3a47e3be8bdefb13e"/>
	<cim:Terminal.connected>TRUE</cim:Terminal.connected>
</cim:Terminal>
<cim:Terminal rdf:about="#_9fd1c5377e194c89a8f0c61c4aaf5e4d">
	<cim:Terminal.TopologicalNode rdf:resource="#_a0528840c11b4d25b39ae88524ec3347"/>
	<cim:Terminal.connected>TRUE</cim:Terminal.connected>
</cim:Terminal>
<cim:Terminal rdf:about="#_003b7cdd186141e2a5a92367734a431b">
	<cim:Terminal.TopologicalNode rdf:resource="#_be449bb658af4fc39eab62a9dcea3012"/>
	<cim:Terminal.connected>TRUE</cim:Terminal.connected>
</cim:Terminal>
<cim:Terminal rdf:about="#_83ce2ee39fe447b8a8b3045b6813b2dd">
	<cim:Terminal.TopologicalNode rdf:resource="#_5c2c8ac8b6fc424c8437477da22e481e"/>
	<cim:Terminal.connected>TRUE</cim:Terminal.connected>
</cim:Terminal>
<cim:Terminal rdf:about="#_a5ae625a959f4f8686e33127a2ec4065">
	<cim:Terminal.TopologicalNode rdf:resource="#_3834223895384143af449ded9e793483"/>
	<cim:Terminal.connected>TRUE</cim:Terminal.connected>
</cim:Terminal>
<cim:Terminal rdf:about="#_5c2b8bc2085144539e77d51801410b15">
	<cim:Terminal.connected>TRUE</cim:Terminal.connected>
	<cim:Terminal.TopologicalNode rdf:resource="#_09caf866107d4970babdc26cb65e850e"/>
</cim:Terminal>
<cim:Terminal rdf:about="#_1f657aa3bbff48c7a71c1f66ca6eaf8a">
	<cim:Terminal.connected>TRUE</cim:Terminal.connected>
	<cim:Terminal.TopologicalNode rdf:resource="#_afe19432182944b59958df818562fe1c"/>
</cim:Terminal>
<cim:Terminal rdf:about="#_7366894f4f0341619273cfff6c885c62">
	<cim:Terminal.connected>TRUE</cim:Terminal.connected>
	<cim:Terminal.TopologicalNode rdf:resource="#_6ce68ecc2af24b2a9031d07ec6c51f1c"/>
</cim:Terminal>
<cim:Terminal rdf:about="#_dc8c9a6a6a284aedbc6a7b571b996815">
	<cim:Terminal.connected>TRUE</cim:Terminal.connected>
	<cim:Terminal.TopologicalNode rdf:resource="#_4d23d8b8f7a447ec9328bfed5212fb46"/>
</cim:Terminal>
<cim:Terminal rdf:about="#_840418a51c20413491d91a21d4d17d12">
	<cim:Terminal.connected>TRUE</cim:Terminal.connected>
	<cim:Terminal.TopologicalNode rdf:resource="#_a0528840c11b4d25b39ae88524ec3347"/>
</cim:Terminal>
<cim:Terminal rdf:about="#_15cd93da19134dfd8f1c32653b2ba465">
	<cim:Terminal.connected>TRUE</cim:Terminal.connected>
	<cim:Terminal.TopologicalNode rdf:resource="#_3834223895384143af449ded9e793483"/>
</cim:Terminal>
<cim:Terminal rdf:about="#_e22b1d46987545b6a2f8a2ef638523f6">
	<cim:Terminal.connected>TRUE</cim:Terminal.connected>
	<cim:Terminal.TopologicalNode rdf:resource="#_b623e7cc2b8b41b6b480a4e2d1f1b914"/>
</cim:Terminal>
<cim:Terminal rdf:about="#_596e07424958446f8d6af16e0c230e69">
	<cim:Terminal.connected>TRUE</cim:Terminal.connected>
	<cim:Terminal.TopologicalNode rdf:resource="#_71d04cceda6048c3a47e3be8bdefb13e"/>
</cim:Terminal>
<cim:Terminal rdf:about="#_3988b26a9c774862a7a05d87ec03a277">
	<cim:Terminal.connected>TRUE</cim:Terminal.connected>
	<cim:Terminal.TopologicalNode rdf:resource="#_76a971dc35854505acd3da39ab2c60f3"/>
</cim:Terminal>
<cim:Terminal rdf:about="#_e7fd3034c5c1493cb59fd0d76cc0367a">
	<cim:Terminal.connected>TRUE</cim:Terminal.connected>
	<cim:Terminal.TopologicalNode rdf:resource="#_be449bb658af4fc39eab62a9dcea3012"/>
</cim:Terminal>
<cim:Terminal rdf:about="#_3747bb99069a4cbf906704cfd50b63a1">
	<cim:Terminal.connected>TRUE</cim:Terminal.connected>
	<cim:Terminal.TopologicalNode rdf:resource="#_1021469e75964a3dbe1e7eec7b77d65e"/>
</cim:Terminal>
<cim:Terminal rdf:about="#_0a99a0f8dc3c4db5857015f99af50351">
	<cim:Terminal.connected>TRUE</cim:Terminal.connected>
	<cim:Terminal.TopologicalNode rdf:resource="#_f9c3988606394819bb70c4be8ce3e712"/>
</cim:Terminal>
<cim:Terminal rdf:about="#_2beacac0403d4432879567316341b3c8">
	<cim:Terminal.connected>TRUE</cim:Terminal.connected>
	<cim:Terminal.TopologicalNode rdf:resource="#_bc27423413e949f3b740e1e38ccb93bc"/>
</cim:Terminal>
<cim:Terminal rdf:about="#_fdfb8f92b2f84f638e96cd1e1ac1b742">
	<cim:Terminal.connected>TRUE</cim:Terminal.connected>
	<cim:Terminal.TopologicalNode rdf:resource="#_5bceda963cda4bd698c7747483c7479f"/>
</cim:Terminal>
<cim:Terminal rdf:about="#_3f5b957182cd4eeaadd38f2a1a8b0f99">
	<cim:Terminal.connected>TRUE</cim:Terminal.connected>
	<cim:Terminal.TopologicalNode rdf:resource="#_ddbffcb8618b4480b16107ca32d7816e"/>
</cim:Terminal>
<cim:Terminal rdf:about="#_9a882ad87f924446803ce3410fc1e1a8">
	<cim:Terminal.connected>TRUE</cim:Terminal.connected>
	<cim:Terminal.TopologicalNode rdf:resource="#_afe19432182944b59958df818562fe1c"/>
</cim:Terminal>
<cim:Terminal rdf:about="#_debc4ed203d7417f9c52a37f954b9d53">
	<cim:Terminal.connected>TRUE</cim:Terminal.connected>
	<cim:Terminal.TopologicalNode rdf:resource="#_1be86998afad4dc3b029f66265db7314"/>
</cim:Terminal>
<cim:Terminal rdf:about="#_191fb872c0794b079f90e2b14ca78282">
	<cim:Terminal.connected>TRUE</cim:Terminal.connected>
	<cim:Terminal.TopologicalNode rdf:resource="#_1fa282bb2f0341f5a4b9974844ee1eed"/>
</cim:Terminal>
<cim:Terminal rdf:about="#_6d39fa16215149e6a2a1e7bf4a1bee82">
	<cim:Terminal.connected>TRUE</cim:Terminal.connected>
	<cim:Terminal.TopologicalNode rdf:resource="#_1be86998afad4dc3b029f66265db7314"/>
</cim:Terminal>
<cim:Terminal rdf:about="#_9662103a79b14a18892ee5628f7c601c">
	<cim:Terminal.connected>TRUE</cim:Terminal.connected>
	<cim:Terminal.TopologicalNode rdf:resource="#_9eae1d8eb19445ee8f52f158bada1628"/>
</cim:Terminal>
<cim:Terminal rdf:about="#_2b10a2cf60c340a789db5440ef19cd9f">
	<cim:Terminal.connected>TRUE</cim:Terminal.connected>
	<cim:Terminal.TopologicalNode rdf:resource="#_1be86998afad4dc3b029f66265db7314"/>
</cim:Terminal>
<cim:Terminal rdf:about="#_2fd21c2a202547f78a27c1b5138d4aa6">
	<cim:Terminal.connected>TRUE</cim:Terminal.connected>
	<cim:Terminal.TopologicalNode rdf:resource="#_9eae1d8eb19445ee8f52f158bada1628"/>
</cim:Terminal>
<cim:Terminal rdf:about="#_12785446864844e6856afcea8505f6a3">
	<cim:Terminal.connected>TRUE</cim:Terminal.connected>
	<cim:Terminal.TopologicalNode rdf:resource="#_248d15096da7472cb721470347e5fb6e"/>
</cim:Terminal>
<cim:Terminal rdf:about="#_43ef1355625047caa32742f05be10a85">
	<cim:Terminal.connected>TRUE</cim:Terminal.connected>
	<cim:Terminal.TopologicalNode rdf:resource="#_6ce68ecc2af24b2a9031d07ec6c51f1c"/>
</cim:Terminal>
<cim:Terminal rdf:about="#_b39cf3598698448ba39188d741974e35">
	<cim:Terminal.connected>TRUE</cim:Terminal.connected>
	<cim:Terminal.TopologicalNode rdf:resource="#_248d15096da7472cb721470347e5fb6e"/>
</cim:Terminal>
<cim:Terminal rdf:about="#_b39dedb80ab94932bde05e13bc6fe700">
	<cim:Terminal.connected>TRUE</cim:Terminal.connected>
	<cim:Terminal.TopologicalNode rdf:resource="#_6ce68ecc2af24b2a9031d07ec6c51f1c"/>
</cim:Terminal>
<cim:Terminal rdf:about="#_0d7a8da7859445cc84f80ef645275991">
	<cim:Terminal.connected>TRUE</cim:Terminal.connected>
	<cim:Terminal.TopologicalNode rdf:resource="#_7c59f43eb39f4eacb12187f14f5d9b7b"/>
</cim:Terminal>
<cim:Terminal rdf:about="#_14088a2a77f04fed8f9991f850e4ef6b">
	<cim:Terminal.connected>TRUE</cim:Terminal.connected>
	<cim:Terminal.TopologicalNode rdf:resource="#_a420f350dd2341d09cd2ef0b2eb6909c"/>
</cim:Terminal>
<cim:Terminal rdf:about="#_1e524405b8ea40f887d9ebd41c52b62c">
	<cim:Terminal.connected>TRUE</cim:Terminal.connected>
	<cim:Terminal.TopologicalNode rdf:resource="#_afe19432182944b59958df818562fe1c"/>
</cim:Terminal>
<cim:Terminal rdf:about="#_9b72354ba7a24a4bb264c8ecc560bb08">
	<cim:Terminal.connected>TRUE</cim:Terminal.connected>
	<cim:Terminal.TopologicalNode rdf:resource="#_1b622e7a99d743ad8d9e047bb2189bb5"/>
</cim:Terminal>
<cim:Terminal rdf:about="#_662f5679552e464f9872ea9060a7dd42">
	<cim:Terminal.connected>TRUE</cim:Terminal.connected>
	<cim:Terminal.TopologicalNode rdf:resource="#_193f6f901ac941ea836df29d523d0352"/>
</cim:Terminal>
<cim:Terminal rdf:about="#_38dca4ba950048a98efd4883d269c237">
	<cim:Terminal.connected>TRUE</cim:Terminal.connected>
	<cim:Terminal.TopologicalNode rdf:resource="#_0a0eadb7c8c14b09bcb1a9d195f73ad4"/>
</cim:Terminal>
<cim:Terminal rdf:about="#_de2555fcacbf4f18b1ec9d912620a975">
	<cim:Terminal.connected>TRUE</cim:Terminal.connected>
	<cim:Terminal.TopologicalNode rdf:resource="#_328848ad7478423bbd1905d16857e078"/>
</cim:Terminal>
<cim:Terminal rdf:about="#_9d43ca04215e4c08b9fe72baae735e0b">
	<cim:Terminal.connected>TRUE</cim:Terminal.connected>
	<cim:Terminal.TopologicalNode rdf:resource="#_d79997b8acb34ac197e2cbc1460340b0"/>
</cim:Terminal>
<cim:Terminal rdf:about="#_f5b0c7e3ae1a442b885cdc950ef7b2f6">
	<cim:Terminal.connected>TRUE</cim:Terminal.connected>
	<cim:Terminal.TopologicalNode rdf:resource="#_2c4d8b7f159e41c6bfea8e3abcd47c85"/>
</cim:Terminal>
<cim:Terminal rdf:about="#_4e72d457f1bb455db977e11870362fd6">
	<cim:Terminal.connected>TRUE</cim:Terminal.connected>
	<cim:Terminal.TopologicalNode rdf:resource="#_29638a8ace0347749caaa003aaf9b994"/>
</cim:Terminal>
<cim:Terminal rdf:about="#_ab4ff94fac9d414bbd4b3646dbc5e149">
	<cim:Terminal.connected>TRUE</cim:Terminal.connected>
	<cim:Terminal.TopologicalNode rdf:resource="#_afe19432182944b59958df818562fe1c"/>
</cim:Terminal>
<cim:Terminal rdf:about="#_6fe046594e4e408c8a9ed5297f01c503">
	<cim:Terminal.connected>TRUE</cim:Terminal.connected>
	<cim:Terminal.TopologicalNode rdf:resource="#_1b622e7a99d743ad8d9e047bb2189bb5"/>
</cim:Terminal>
<cim:Terminal rdf:about="#_ac4a4d3c193645578e0df39dff8b5ef1">
	<cim:Terminal.connected>TRUE</cim:Terminal.connected>
	<cim:Terminal.TopologicalNode rdf:resource="#_1021469e75964a3dbe1e7eec7b77d65e"/>
</cim:Terminal>
<cim:Terminal rdf:about="#_997db90f60664595a373f7bbc7242475">
	<cim:Terminal.connected>TRUE</cim:Terminal.connected>
	<cim:Terminal.TopologicalNode rdf:resource="#_3704aa7a87174094ba45f9d2a84e5d2c"/>
</cim:Terminal>
<cim:Terminal rdf:about="#_b06f043ddb0b402c87bbc33a886cf6f7">
	<cim:Terminal.connected>TRUE</cim:Terminal.connected>
	<cim:Terminal.TopologicalNode rdf:resource="#_4b8126b192654a32adac003dac78c058"/>
</cim:Terminal>
<cim:Terminal rdf:about="#_24a452f6d4c743d0a9ea5d523e7820ff">
	<cim:Terminal.connected>TRUE</cim:Terminal.connected>
	<cim:Terminal.TopologicalNode rdf:resource="#_a0528840c11b4d25b39ae88524ec3347"/>
</cim:Terminal>
<cim:Terminal rdf:about="#_8dea14c68654410aa75a3270cdb09b6f">
	<cim:Terminal.connected>TRUE</cim:Terminal.connected>
	<cim:Terminal.TopologicalNode rdf:resource="#_5c2c8ac8b6fc424c8437477da22e481e"/>
</cim:Terminal>
<cim:Terminal rdf:about="#_5516ec85b95e451dbb01a5e4273453b4">
	<cim:Terminal.TopologicalNode rdf:resource="#_bc27423413e949f3b740e1e38ccb93bc"/>
	<cim:Terminal.connected>TRUE</cim:Terminal.connected>
</cim:Terminal>
<cim:Terminal rdf:about="#_eabee932baf141188f31808d9f2b00f6">
	<cim:Terminal.TopologicalNode rdf:resource="#_5bceda963cda4bd698c7747483c7479f"/>
	<cim:Terminal.connected>TRUE</cim:Terminal.connected>
</cim:Terminal>
<cim:Terminal rdf:about="#_c799835c26bb47f2a8e71a18f0b3100a">
	<cim:Terminal.TopologicalNode rdf:resource="#_1fa282bb2f0341f5a4b9974844ee1eed"/>
	<cim:Terminal.connected>TRUE</cim:Terminal.connected>
</cim:Terminal>
<cim:Terminal rdf:about="#_869cc84f3a2246a79ba20eb13d484aa5">
	<cim:Terminal.TopologicalNode rdf:resource="#_9eae1d8eb19445ee8f52f158bada1628"/>
	<cim:Terminal.connected>TRUE</cim:Terminal.connected>
</cim:Terminal>
<cim:Terminal rdf:about="#_735c797a474c4fd4a3f4641e88029823">
	<cim:Terminal.TopologicalNode rdf:resource="#_a420f350dd2341d09cd2ef0b2eb6909c"/>
	<cim:Terminal.connected>TRUE</cim:Terminal.connected>
</cim:Terminal>
<cim:Terminal rdf:about="#_c7cd2babb48042bfac42c3825257c8d0">
	<cim:Terminal.TopologicalNode rdf:resource="#_0a0eadb7c8c14b09bcb1a9d195f73ad4"/>
	<cim:Terminal.connected>TRUE</cim:Terminal.connected>
</cim:Terminal>
<cim:Terminal rdf:about="#_1dcd1f1f7b9442659445981cec9fb966">
	<cim:Terminal.TopologicalNode rdf:resource="#_d79997b8acb34ac197e2cbc1460340b0"/>
	<cim:Terminal.connected>TRUE</cim:Terminal.connected>
</cim:Terminal>
<cim:Terminal rdf:about="#_1b78b8301217450cb00e8127965a5492">
	<cim:Terminal.TopologicalNode rdf:resource="#_29638a8ace0347749caaa003aaf9b994"/>
	<cim:Terminal.connected>TRUE</cim:Terminal.connected>
</cim:Terminal>
<cim:Terminal rdf:about="#_389b1080b601442bbc65a032533735ce">
	<cim:Terminal.TopologicalNode rdf:resource="#_5c2c8ac8b6fc424c8437477da22e481e"/>
	<cim:Terminal.connected>TRUE</cim:Terminal.connected>
</cim:Terminal>
<cim:Terminal rdf:about="#_883b1071d8954732af068fd045c38270">
	<cim:Terminal.TopologicalNode rdf:resource="#_4b8126b192654a32adac003dac78c058"/>
	<cim:Terminal.connected>TRUE</cim:Terminal.connected>
</cim:Terminal>
<cim:Terminal rdf:about="#_7ad4aba22f1d4d168d90c71912c79705">
	<cim:Terminal.TopologicalNode rdf:resource="#_1cdd023db7c24a5f89c00235db1cfd23"/>
	<cim:Terminal.connected>TRUE</cim:Terminal.connected>
</cim:Terminal>
</rdf:RDF>