<?xml version="1.0" encoding="UTF-8"?>
<rdf:RDF xmlns:rdf="http://www.w3.org/1999/02/22-rdf-syntax-ns#" xmlns:cim="http://iec.ch/TC57/2009/CIM-schema-cim14#">
<md:FullModel xmlns:md="http://www.casepowersoftware.com/2020/33node_SV/1">
	<md:Model.created>2025-11-28-12</md:Model.created>
	<md:Model.Version>
		<md:Description>
			<md:Description.name>33node_SV</md:Description.name>
			<md:Description.version>1</md:Description.version>
			<md:Description.ModelComment></md:Description.ModelComment>
		</md:Description>
	</md:Model.Version>
	<md:Model.ModelingAuthoritySet>
		<md:Description>
			<md:Description.name>33node</md:Description.name>
		</md:Description>
	</md:Model.ModelingAuthoritySet>
	<md:Model.Profile>
		<md:Description>
			<md:Description.uri>http://iec.ch/TC57/61970-452/StateVariables/1</md:Description.uri>
			<md:Description.name>IEC61970-452-StateVariables_Model</md:Description.name>
			<md:Description.version>1</md:Description.version>
		</md:Description>
	</md:Model.Profile>
	<md:Model.Creator>
		<md:Description>
			<md:Description.name>CASE 1.0</md:Description.name>
		</md:Description>
	</md:Model.Creator>
</md:FullModel>
<cim:SvVoltage rdf:ID="_8daba500333d4f2ca8a0e43a5602a84e">
	<cim:SvVoltage.v>407.2756</cim:SvVoltage.v>
	<cim:SvVoltage.angle>-5.3888</cim:SvVoltage.angle>
	<cim:SvVoltage.TopologicalNode rdf:resource="#_f9c3988606394819bb70c4be8ce3e712"/>
</cim:SvVoltage>
<cim:SvVoltage rdf:ID="_1152854835b24d6eb8d8d1ba62b60d1c">
	<cim:SvVoltage.v>417.0000</cim:SvVoltage.v>
	<cim:SvVoltage.angle> 0.0000</cim:SvVoltage.angle>
	<cim:SvVoltage.TopologicalNode rdf:resource="#_1cdd023db7c24a5f89c00235db1cfd23"/>
</cim:SvVoltage>
<cim:SvVoltage rdf:ID="_eb2c6bf74c394a56bffa7439b2712687">
	<cim:SvVoltage.v>15.7500</cim:SvVoltage.v>
	<cim:SvVoltage.angle>-1.1210</cim:SvVoltage.angle>
	<cim:SvVoltage.TopologicalNode rdf:resource="#_bc27423413e949f3b740e1e38ccb93bc"/>
</cim:SvVoltage>
<cim:SvVoltage rdf:ID="_1a6c543694c5452fb2c28841db85af34">
	<cim:SvVoltage.v>15.7500</cim:SvVoltage.v>
	<cim:SvVoltage.angle>-1.1210</cim:SvVoltage.angle>
	<cim:SvVoltage.TopologicalNode rdf:resource="#_5bceda963cda4bd698c7747483c7479f"/>
</cim:SvVoltage>
<cim:SvVoltage rdf:ID="_78aae3aa51f740c29650a08b25b9fe29">
	<cim:SvVoltage.v>401.0230</cim:SvVoltage.v>
	<cim:SvVoltage.angle>-7.8359</cim:SvVoltage.angle>
	<cim:SvVoltage.TopologicalNode rdf:resource="#_09caf866107d4970babdc26cb65e850e"/>
</cim:SvVoltage>
<cim:SvVoltage rdf:ID="_bb7282d7f6284f81b856e870455dc1e1">
	<cim:SvVoltage.v>385.0010</cim:SvVoltage.v>
	<cim:SvVoltage.angle>-11.5210</cim:SvVoltage.angle>
	<cim:SvVoltage.TopologicalNode rdf:resource="#_ddbffcb8618b4480b16107ca32d7816e"/>
</cim:SvVoltage>
<cim:SvVoltage rdf:ID="_b657fab5a8b1456c906c864365976ea6">
	<cim:SvVoltage.v>107.3392</cim:SvVoltage.v>
	<cim:SvVoltage.angle>-16.1012</cim:SvVoltage.angle>
	<cim:SvVoltage.TopologicalNode rdf:resource="#_afe19432182944b59958df818562fe1c"/>
</cim:SvVoltage>
<cim:SvVoltage rdf:ID="_b9c8a71ab604469a9a25fc9b0bfb0574">
	<cim:SvVoltage.v>110.4039</cim:SvVoltage.v>
	<cim:SvVoltage.angle>-12.1598</cim:SvVoltage.angle>
	<cim:SvVoltage.TopologicalNode rdf:resource="#_1be86998afad4dc3b029f66265db7314"/>
</cim:SvVoltage>
<cim:SvVoltage rdf:ID="_9b772b4595c343f0b39e474b3ec2f7c8">
	<cim:SvVoltage.v>10.7000</cim:SvVoltage.v>
	<cim:SvVoltage.angle>-7.7010</cim:SvVoltage.angle>
	<cim:SvVoltage.TopologicalNode rdf:resource="#_1fa282bb2f0341f5a4b9974844ee1eed"/>
</cim:SvVoltage>
<cim:SvVoltage rdf:ID="_1e8c3a47066548a98f878f7912d59754">
	<cim:SvVoltage.v>10.6702</cim:SvVoltage.v>
	<cim:SvVoltage.angle>-12.2566</cim:SvVoltage.angle>
	<cim:SvVoltage.TopologicalNode rdf:resource="#_9eae1d8eb19445ee8f52f158bada1628"/>
</cim:SvVoltage>
<cim:SvVoltage rdf:ID="_9acf0a39afc54cb5b1d5751b1a1a208c">
	<cim:SvVoltage.v>397.1949</cim:SvVoltage.v>
	<cim:SvVoltage.angle>-8.4016</cim:SvVoltage.angle>
	<cim:SvVoltage.TopologicalNode rdf:resource="#_248d15096da7472cb721470347e5fb6e"/>
</cim:SvVoltage>
<cim:SvVoltage rdf:ID="_94e20f28b5334340bfb5d8ade71b6178">
	<cim:SvVoltage.v>112.3490</cim:SvVoltage.v>
	<cim:SvVoltage.angle>-11.7056</cim:SvVoltage.angle>
	<cim:SvVoltage.TopologicalNode rdf:resource="#_6ce68ecc2af24b2a9031d07ec6c51f1c"/>
</cim:SvVoltage>
<cim:SvVoltage rdf:ID="_9aff4b95a6da41ee9c16d0f8fc4d36fa">
	<cim:SvVoltage.v>105.1221</cim:SvVoltage.v>
	<cim:SvVoltage.angle>-17.2722</cim:SvVoltage.angle>
	<cim:SvVoltage.TopologicalNode rdf:resource="#_4d23d8b8f7a447ec9328bfed5212fb46"/>
</cim:SvVoltage>
<cim:SvVoltage rdf:ID="_961a2c2419f04cf7b0a94be88fc268f9">
	<cim:SvVoltage.v>35.7270</cim:SvVoltage.v>
	<cim:SvVoltage.angle>-9.4060</cim:SvVoltage.angle>
	<cim:SvVoltage.TopologicalNode rdf:resource="#_a420f350dd2341d09cd2ef0b2eb6909c"/>
</cim:SvVoltage>
<cim:SvVoltage rdf:ID="_dac0a6782b1940e280e9d33261e2e692">
	<cim:SvVoltage.v>110.4575</cim:SvVoltage.v>
	<cim:SvVoltage.angle>-12.0442</cim:SvVoltage.angle>
	<cim:SvVoltage.TopologicalNode rdf:resource="#_7c59f43eb39f4eacb12187f14f5d9b7b"/>
</cim:SvVoltage>
<cim:SvVoltage rdf:ID="_f2a082c44eb443fd8a2dff07b1727ed4">
	<cim:SvVoltage.v>103.7837</cim:SvVoltage.v>
	<cim:SvVoltage.angle>-18.2442</cim:SvVoltage.angle>
	<cim:SvVoltage.TopologicalNode rdf:resource="#_a0528840c11b4d25b39ae88524ec3347"/>
</cim:SvVoltage>
<cim:SvVoltage rdf:ID="_323af257ce934f5d814ce05c47b6a51a">
	<cim:SvVoltage.v>10.5455</cim:SvVoltage.v>
	<cim:SvVoltage.angle>-14.0666</cim:SvVoltage.angle>
	<cim:SvVoltage.TopologicalNode rdf:resource="#_3704aa7a87174094ba45f9d2a84e5d2c"/>
</cim:SvVoltage>
<cim:SvVoltage rdf:ID="_d88336fdd3b54c58a1d421b9fb2263fb">
	<cim:SvVoltage.v>10.3081</cim:SvVoltage.v>
	<cim:SvVoltage.angle>-15.5470</cim:SvVoltage.angle>
	<cim:SvVoltage.TopologicalNode rdf:resource="#_c18e4d1c521d43769c69f7f880932994"/>
</cim:SvVoltage>
<cim:SvVoltage rdf:ID="_ff1d283ba6f64904bf083d5389db5323">
	<cim:SvVoltage.v>10.0775</cim:SvVoltage.v>
	<cim:SvVoltage.angle>-17.0932</cim:SvVoltage.angle>
	<cim:SvVoltage.TopologicalNode rdf:resource="#_3834223895384143af449ded9e793483"/>
</cim:SvVoltage>
<cim:SvVoltage rdf:ID="_59fa31168109453a82096f9f1d6d9e6a">
	<cim:SvVoltage.v>103.4060</cim:SvVoltage.v>
	<cim:SvVoltage.angle>-18.5308</cim:SvVoltage.angle>
	<cim:SvVoltage.TopologicalNode rdf:resource="#_b623e7cc2b8b41b6b480a4e2d1f1b914"/>
</cim:SvVoltage>
<cim:SvVoltage rdf:ID="_7a0e529f6c8542cbab28b17f9b0ef07a">
	<cim:SvVoltage.v>10.6450</cim:SvVoltage.v>
	<cim:SvVoltage.angle>-15.8381</cim:SvVoltage.angle>
	<cim:SvVoltage.TopologicalNode rdf:resource="#_1b622e7a99d743ad8d9e047bb2189bb5"/>
</cim:SvVoltage>
<cim:SvVoltage rdf:ID="_29ba75ec313444dc89b71863c2c497f7">
	<cim:SvVoltage.v>11.3606</cim:SvVoltage.v>
	<cim:SvVoltage.angle>-13.2207</cim:SvVoltage.angle>
	<cim:SvVoltage.TopologicalNode rdf:resource="#_193f6f901ac941ea836df29d523d0352"/>
</cim:SvVoltage>
<cim:SvVoltage rdf:ID="_29c783d451944607a27c5480e8c6f870">
	<cim:SvVoltage.v> 0.7933</cim:SvVoltage.v>
	<cim:SvVoltage.angle>-10.3795</cim:SvVoltage.angle>
	<cim:SvVoltage.TopologicalNode rdf:resource="#_0a0eadb7c8c14b09bcb1a9d195f73ad4"/>
</cim:SvVoltage>
<cim:SvVoltage rdf:ID="_b0df2818796a4e8d8059522bee1fa948">
	<cim:SvVoltage.v>11.3606</cim:SvVoltage.v>
	<cim:SvVoltage.angle>-13.2207</cim:SvVoltage.angle>
	<cim:SvVoltage.TopologicalNode rdf:resource="#_328848ad7478423bbd1905d16857e078"/>
</cim:SvVoltage>
<cim:SvVoltage rdf:ID="_6c27f4ad34b04f159f5ec8b956229091">
	<cim:SvVoltage.v> 0.7933</cim:SvVoltage.v>
	<cim:SvVoltage.angle>-10.3795</cim:SvVoltage.angle>
	<cim:SvVoltage.TopologicalNode rdf:resource="#_d79997b8acb34ac197e2cbc1460340b0"/>
</cim:SvVoltage>
<cim:SvVoltage rdf:ID="_0549607d77144bf1878bbafc7819452a">
	<cim:SvVoltage.v>11.3613</cim:SvVoltage.v>
	<cim:SvVoltage.angle>-13.2159</cim:SvVoltage.angle>
	<cim:SvVoltage.TopologicalNode rdf:resource="#_2c4d8b7f159e41c6bfea8e3abcd47c85"/>
</cim:SvVoltage>
<cim:SvVoltage rdf:ID="_822531314263480baf64f7174901acd2">
	<cim:SvVoltage.v> 0.7923</cim:SvVoltage.v>
	<cim:SvVoltage.angle>-10.3518</cim:SvVoltage.angle>
	<cim:SvVoltage.TopologicalNode rdf:resource="#_29638a8ace0347749caaa003aaf9b994"/>
</cim:SvVoltage>
<cim:SvVoltage rdf:ID="_6941dfd27db64ee1a4c697dded501b4d">
	<cim:SvVoltage.v>104.7852</cim:SvVoltage.v>
	<cim:SvVoltage.angle>-17.5234</cim:SvVoltage.angle>
	<cim:SvVoltage.TopologicalNode rdf:resource="#_71d04cceda6048c3a47e3be8bdefb13e"/>
</cim:SvVoltage>
<cim:SvVoltage rdf:ID="_74a1e4a4ff2646ccad9fdd1cc75ed11d">
	<cim:SvVoltage.v>104.5976</cim:SvVoltage.v>
	<cim:SvVoltage.angle>-17.6635</cim:SvVoltage.angle>
	<cim:SvVoltage.TopologicalNode rdf:resource="#_76a971dc35854505acd3da39ab2c60f3"/>
</cim:SvVoltage>
<cim:SvVoltage rdf:ID="_e4ef4f28688846078c3b71e9b2231e14">
	<cim:SvVoltage.v>103.6031</cim:SvVoltage.v>
	<cim:SvVoltage.angle>-18.3886</cim:SvVoltage.angle>
	<cim:SvVoltage.TopologicalNode rdf:resource="#_be449bb658af4fc39eab62a9dcea3012"/>
</cim:SvVoltage>
<cim:SvVoltage rdf:ID="_07bd0395502a4d0aac676d29cefe05e7">
	<cim:SvVoltage.v>10.6397</cim:SvVoltage.v>
	<cim:SvVoltage.angle>-16.0464</cim:SvVoltage.angle>
	<cim:SvVoltage.TopologicalNode rdf:resource="#_1021469e75964a3dbe1e7eec7b77d65e"/>
</cim:SvVoltage>
<cim:SvVoltage rdf:ID="_f720648e1aa54ea3aafa1a7e6ff12531">
	<cim:SvVoltage.v> 0.7306</cim:SvVoltage.v>
	<cim:SvVoltage.angle>-13.0557</cim:SvVoltage.angle>
	<cim:SvVoltage.TopologicalNode rdf:resource="#_4b8126b192654a32adac003dac78c058"/>
</cim:SvVoltage>
<cim:SvVoltage rdf:ID="_f8dfc4cc1eba4b1bb93dc18cc29fff0a">
	<cim:SvVoltage.v>10.5233</cim:SvVoltage.v>
	<cim:SvVoltage.angle>-18.0140</cim:SvVoltage.angle>
	<cim:SvVoltage.TopologicalNode rdf:resource="#_5c2c8ac8b6fc424c8437477da22e481e"/>
</cim:SvVoltage>
<cim:SvPowerFlow rdf:ID="_5c2a6e726ae84584973a3c9cf76cf4b5">
	<cim:SvPowerFlow.p>300.0000</cim:SvPowerFlow.p>
	<cim:SvPowerFlow.q>100.0000</cim:SvPowerFlow.q>
	<cim:SvPowerFlow.Terminal rdf:resource="#_5c2b8bc2085144539e77d51801410b15"/>
</cim:SvPowerFlow>
<cim:SvPowerFlow rdf:ID="_9c0addee75054971abbae2c74627200c">
	<cim:SvPowerFlow.p>240.0000</cim:SvPowerFlow.p>
	<cim:SvPowerFlow.q>80.0000</cim:SvPowerFlow.q>
	<cim:SvPowerFlow.Terminal rdf:resource="#_1f657aa3bbff48c7a71c1f66ca6eaf8a"/>
</cim:SvPowerFlow>
<cim:SvPowerFlow rdf:ID="_2f8a229dc1c74f4d9851ccd4a45c59d9">
	<cim:SvPowerFlow.p>150.0000</cim:SvPowerFlow.p>
	<cim:SvPowerFlow.q>50.0000</cim:SvPowerFlow.q>
	<cim:SvPowerFlow.Terminal rdf:resource="#_7366894f4f0341619273cfff6c885c62"/>
</cim:SvPowerFlow>
<cim:SvPowerFlow rdf:ID="_cbf9c1b2387c44eea246946081b35323">
	<cim:SvPowerFlow.p>90.0000</cim:SvPowerFlow.p>
	<cim:SvPowerFlow.q>30.0000</cim:SvPowerFlow.q>
	<cim:SvPowerFlow.Terminal rdf:resource="#_dc8c9a6a6a284aedbc6a7b571b996815"/>
</cim:SvPowerFlow>
<cim:SvPowerFlow rdf:ID="_abe1dab71a024611be11360314ecfe99">
	<cim:SvPowerFlow.p>60.0000</cim:SvPowerFlow.p>
	<cim:SvPowerFlow.q>20.0000</cim:SvPowerFlow.q>
	<cim:SvPowerFlow.Terminal rdf:resource="#_840418a51c20413491d91a21d4d17d12"/>
</cim:SvPowerFlow>
<cim:SvPowerFlow rdf:ID="_8fbfbe31de474afa87211c74e9ef63d4">
	<cim:SvPowerFlow.p> 1.5000</cim:SvPowerFlow.p>
	<cim:SvPowerFlow.q> 0.5000</cim:SvPowerFlow.q>
	<cim:SvPowerFlow.Terminal rdf:resource="#_15cd93da19134dfd8f1c32653b2ba465"/>
</cim:SvPowerFlow>
<cim:SvPowerFlow rdf:ID="_b5d21e35ba3a4213b3add1e0a15d4149">
	<cim:SvPowerFlow.p>30.0000</cim:SvPowerFlow.p>
	<cim:SvPowerFlow.q>10.0000</cim:SvPowerFlow.q>
	<cim:SvPowerFlow.Terminal rdf:resource="#_e22b1d46987545b6a2f8a2ef638523f6"/>
</cim:SvPowerFlow>
<cim:SvPowerFlow rdf:ID="_c299a94eb1c942b7ab47c819c6d390e4">
	<cim:SvPowerFlow.p>12.0000</cim:SvPowerFlow.p>
	<cim:SvPowerFlow.q> 4.0000</cim:SvPowerFlow.q>
	<cim:SvPowerFlow.Terminal rdf:resource="#_596e07424958446f8d6af16e0c230e69"/>
</cim:SvPowerFlow>
<cim:SvPowerFlow rdf:ID="_2923c5d2351f4071a4a8af3ac50dbe14">
	<cim:SvPowerFlow.p>15.0000</cim:SvPowerFlow.p>
	<cim:SvPowerFlow.q> 5.0000</cim:SvPowerFlow.q>
	<cim:SvPowerFlow.Terminal rdf:resource="#_3988b26a9c774862a7a05d87ec03a277"/>
</cim:SvPowerFlow>
<cim:SvPowerFlow rdf:ID="_a667851e94ac46e5bd8bf6197a31e24f">
	<cim:SvPowerFlow.p>15.0000</cim:SvPowerFlow.p>
	<cim:SvPowerFlow.q> 5.0000</cim:SvPowerFlow.q>
	<cim:SvPowerFlow.Terminal rdf:resource="#_e7fd3034c5c1493cb59fd0d76cc0367a"/>
</cim:SvPowerFlow>
<cim:SvPowerFlow rdf:ID="_5d1a3d2dc7474534b0decc1c2ae8861d">
	<cim:SvPowerFlow.p> 1.0000</cim:SvPowerFlow.p>
	<cim:SvPowerFlow.q> 0.5000</cim:SvPowerFlow.q>
	<cim:SvPowerFlow.Terminal rdf:resource="#_3747bb99069a4cbf906704cfd50b63a1"/>
</cim:SvPowerFlow>
<cim:SvPowerFlow rdf:ID="_69af54d80ebb4e8ba193227f11590106">
	<cim:SvPowerFlow.p>170.0000</cim:SvPowerFlow.p>
	<cim:SvPowerFlow.q>75.7627</cim:SvPowerFlow.q>
	<cim:SvPowerFlow.Terminal rdf:resource="#_5516ec85b95e451dbb01a5e4273453b4"/>
</cim:SvPowerFlow>
<cim:SvPowerFlow rdf:ID="_e7536cbb2b73475384f14d1949b4c2f6">
	<cim:SvPowerFlow.p>170.0000</cim:SvPowerFlow.p>
	<cim:SvPowerFlow.q>75.7626</cim:SvPowerFlow.q>
	<cim:SvPowerFlow.Terminal rdf:resource="#_eabee932baf141188f31808d9f2b00f6"/>
</cim:SvPowerFlow>
<cim:SvPowerFlow rdf:ID="_4429ef59b4af47b1abd47341247a0c62">
	<cim:SvPowerFlow.p>100.0000</cim:SvPowerFlow.p>
	<cim:SvPowerFlow.q>20.9288</cim:SvPowerFlow.q>
	<cim:SvPowerFlow.Terminal rdf:resource="#_c799835c26bb47f2a8e71a18f0b3100a"/>
</cim:SvPowerFlow>
<cim:SvPowerFlow rdf:ID="_c3f088ad8d25468fb2f1bcc280a19ea0">
	<cim:SvPowerFlow.p>-0.5000</cim:SvPowerFlow.p>
	<cim:SvPowerFlow.q>-0.3386</cim:SvPowerFlow.q>
	<cim:SvPowerFlow.Terminal rdf:resource="#_869cc84f3a2246a79ba20eb13d484aa5"/>
</cim:SvPowerFlow>
<cim:SvPowerFlow rdf:ID="_bf0cdeaca17b436493936f63d4c30935">
	<cim:SvPowerFlow.p> 6.0000</cim:SvPowerFlow.p>
	<cim:SvPowerFlow.q>-0.2677</cim:SvPowerFlow.q>
	<cim:SvPowerFlow.Terminal rdf:resource="#_735c797a474c4fd4a3f4641e88029823"/>
</cim:SvPowerFlow>
<cim:SvPowerFlow rdf:ID="_ec83a032a3914d40a297b16a6d6c685c">
	<cim:SvPowerFlow.p> 2.0000</cim:SvPowerFlow.p>
	<cim:SvPowerFlow.q> 0.2000</cim:SvPowerFlow.q>
	<cim:SvPowerFlow.Terminal rdf:resource="#_c7cd2babb48042bfac42c3825257c8d0"/>
</cim:SvPowerFlow>
<cim:SvPowerFlow rdf:ID="_e633aff0dfc747f6ae227509ccbcd55a">
	<cim:SvPowerFlow.p> 2.0000</cim:SvPowerFlow.p>
	<cim:SvPowerFlow.q> 0.2000</cim:SvPowerFlow.q>
	<cim:SvPowerFlow.Terminal rdf:resource="#_1dcd1f1f7b9442659445981cec9fb966"/>
</cim:SvPowerFlow>
<cim:SvPowerFlow rdf:ID="_bdb7ebcde58c4557a91ff02a32f138fc">
	<cim:SvPowerFlow.p> 2.0000</cim:SvPowerFlow.p>
	<cim:SvPowerFlow.q> 0.2000</cim:SvPowerFlow.q>
	<cim:SvPowerFlow.Terminal rdf:resource="#_1b78b8301217450cb00e8127965a5492"/>
</cim:SvPowerFlow>
<cim:SvPowerFlow rdf:ID="_3de36ea92bb14772a590ef9a9d24aff7">
	<cim:SvPowerFlow.p> 1.6000</cim:SvPowerFlow.p>
	<cim:SvPowerFlow.q>-0.6000</cim:SvPowerFlow.q>
	<cim:SvPowerFlow.Terminal rdf:resource="#_389b1080b601442bbc65a032533735ce"/>
</cim:SvPowerFlow>
<cim:SvPowerFlow rdf:ID="_f72acf5760d940ea87c1bda0fda60889">
	<cim:SvPowerFlow.p> 0.6000</cim:SvPowerFlow.p>
	<cim:SvPowerFlow.q> 0.1000</cim:SvPowerFlow.q>
	<cim:SvPowerFlow.Terminal rdf:resource="#_883b1071d8954732af068fd045c38270"/>
</cim:SvPowerFlow>
<cim:SvPowerFlow rdf:ID="_03c391a141104dbe89e985b459eee258">
	<cim:SvPowerFlow.p>481.9912</cim:SvPowerFlow.p>
	<cim:SvPowerFlow.q>72.1725</cim:SvPowerFlow.q>
	<cim:SvPowerFlow.Terminal rdf:resource="#_7ad4aba22f1d4d168d90c71912c79705"/>
</cim:SvPowerFlow>
</rdf:RDF>