<?xml version="1.0" encoding="UTF-8"?>
<rdf:RDF xmlns:rdf="http://www.w3.org/1999/02/22-rdf-syntax-ns#" xmlns:cim="http://iec.ch/TC57/2009/CIM-schema-cim14#">
<md:FullModel xmlns:md="http://www.casepowersoftware.com/2020/Model-1-Three Nodes_SV/1">
	<md:Model.created>2025-10-26-21</md:Model.created>
	<md:Model.Version>
		<md:Description>
			<md:Description.name>Model-1-Three Nodes_SV</md:Description.name>
			<md:Description.version>1</md:Description.version>
			<md:Description.ModelComment></md:Description.ModelComment>
		</md:Description>
	</md:Model.Version>
	<md:Model.ModelingAuthoritySet>
		<md:Description>
			<md:Description.name>Model-1-Three Nodes</md:Description.name>
		</md:Description>
	</md:Model.ModelingAuthoritySet>
	<md:Model.Profile>
		<md:Description>
			<md:Description.uri>http://iec.ch/TC57/61970-452/StateVariables/1</md:Description.uri>
			<md:Description.name>IEC61970-452-StateVariables_Model</md:Description.name>
			<md:Description.version>1</md:Description.version>
		</md:Description>
	</md:Model.Profile>
	<md:Model.Creator>
		<md:Description>
			<md:Description.name>CASE 1.0</md:Description.name>
		</md:Description>
	</md:Model.Creator>
</md:FullModel>
<cim:SvVoltage rdf:ID="_55273fd868a64caf9f50000ea7aa8c97">
	<cim:SvVoltage.v>107.0406</cim:SvVoltage.v>
	<cim:SvVoltage.angle>-4.2390</cim:SvVoltage.angle>
	<cim:SvVoltage.TopologicalNode rdf:resource="#_bec6e3f4393a431099eb2159310e9e8d"/>
</cim:SvVoltage>
<cim:SvVoltage rdf:ID="_473d0bbd4867458cb0c2703da9583ff7">
	<cim:SvVoltage.v>106.7441</cim:SvVoltage.v>
	<cim:SvVoltage.angle>-4.4204</cim:SvVoltage.angle>
	<cim:SvVoltage.TopologicalNode rdf:resource="#_2a6fbe9a730d4fe097553cdd1b200985"/>
</cim:SvVoltage>
<cim:SvVoltage rdf:ID="_64635cc5245047e5802ce4de48b7fd44">
	<cim:SvVoltage.v>10.0000</cim:SvVoltage.v>
	<cim:SvVoltage.angle> 0.0000</cim:SvVoltage.angle>
	<cim:SvVoltage.TopologicalNode rdf:resource="#_fb9f262a37bd4ab8bc056820c00ebab8"/>
</cim:SvVoltage>
<cim:SvPowerFlow rdf:ID="_6b64de3d4df840c2bdd9d98dde8afe15">
	<cim:SvPowerFlow.p>60.0000</cim:SvPowerFlow.p>
	<cim:SvPowerFlow.q>20.0000</cim:SvPowerFlow.q>
	<cim:SvPowerFlow.Terminal rdf:resource="#_35a078e8fe2a4aeca67dee2a45529772"/>
</cim:SvPowerFlow>
<cim:SvPowerFlow rdf:ID="_c4da70fb77274e39a5c56cfd0fb2b162">
	<cim:SvPowerFlow.p>60.1435</cim:SvPowerFlow.p>
	<cim:SvPowerFlow.q>24.1372</cim:SvPowerFlow.q>
	<cim:SvPowerFlow.Terminal rdf:resource="#_5eaaedfb2af944f7973434242a164093"/>
</cim:SvPowerFlow>
</rdf:RDF>