<?xml version="1.0" encoding="UTF-8"?>
<rdf:RDF xmlns:rdf="http://www.w3.org/1999/02/22-rdf-syntax-ns#" xmlns:cim="http://iec.ch/TC57/2009/CIM-schema-cim14#">
<md:FullModel xmlns:md="http://www.casepowersoftware.com/2020/Model-1-Three Nodes.xml_EQ/1">
	<md:Model.created>2025-10-26-21</md:Model.created>
	<md:Model.Version>
		<md:Description>
			<md:Description.name>Model-1-Three Nodes.xml_EQ</md:Description.name>
			<md:Description.version>1</md:Description.version>
		</md:Description>
	</md:Model.Version>
	<md:Model.ModelingAuthoritySet>
		<md:Description>
			<md:Description.name>Model-1-Three Nodes.xml</md:Description.name>
		</md:Description>
	</md:Model.ModelingAuthoritySet>
	<md:Model.Profile>
		<md:Description>
			<md:Description.uri>http://iec.ch/TC57/61970-452/Equipment/1</md:Description.uri>
			<md:Description.name>IEC61970-452-Equipment_Model</md:Description.name>
			<md:Description.version>1</md:Description.version>
		</md:Description>
	</md:Model.Profile>
	<md:Model.Creator>
		<md:Description>
			<md:Description.name>CASE 1.0</md:Description.name>
		</md:Description>
	</md:Model.Creator>
</md:FullModel>
<cim:IEC61970CIMVersion rdf:ID="_a3e255362ed34301bc16375555a1f3c9">
	<cim:IEC61970CIMVersion.version>CASE XML Format 1.0</cim:IEC61970CIMVersion.version>
	<cim:IEC61970CIMVersion.date>2020-04-04</cim:IEC61970CIMVersion.date>
</cim:IEC61970CIMVersion>
<cim:TopologicalIsland rdf:ID="_aef6417a8544459e832e3a0879381c72">
	<cim:IdentifiedObject.name>System</cim:IdentifiedObject.name>
	<cim:IdentifiedObject.description>Main system topological island</cim:IdentifiedObject.description>
	<cim:TopologicalIsland.AngleRef_TopologicalNode rdf:resource="#_fb9f262a37bd4ab8bc056820c00ebab8"/>
</cim:TopologicalIsland>
<cim:BaseVoltage rdf:ID="_b68643d2afe84f5c99527a46cc2e409d">
	<cim:BaseVoltage.nominalVoltage>110.000000</cim:BaseVoltage.nominalVoltage>
	<cim:BaseVoltage.isDC>"FALSE"</cim:BaseVoltage.isDC>
</cim:BaseVoltage>
<cim:BaseVoltage rdf:ID="_a300f956e1df436b8f67d524633f8a05">
	<cim:BaseVoltage.nominalVoltage>10.000000</cim:BaseVoltage.nominalVoltage>
	<cim:BaseVoltage.isDC>"FALSE"</cim:BaseVoltage.isDC>
</cim:BaseVoltage>
<cim:VoltageLevel rdf:ID="_2277551ae2454782ad35db662c084489">
	<cim:IdentifiedObject.name>110.0</cim:IdentifiedObject.name>
	<cim:VoltageLevel.highVoltageLimit>121.00</cim:VoltageLevel.highVoltageLimit>
	<cim:VoltageLevel.lowVoltageLimit>99.00</cim:VoltageLevel.lowVoltageLimit>
	<cim:VoltageLevel.BaseVoltage rdf:resource="#_b68643d2afe84f5c99527a46cc2e409d"/>
</cim:VoltageLevel>
<cim:VoltageLevel rdf:ID="_9891b2c73cd848a28748068ad37213a2">
	<cim:IdentifiedObject.name>110.0</cim:IdentifiedObject.name>
	<cim:VoltageLevel.highVoltageLimit>121.00</cim:VoltageLevel.highVoltageLimit>
	<cim:VoltageLevel.lowVoltageLimit>99.00</cim:VoltageLevel.lowVoltageLimit>
	<cim:VoltageLevel.BaseVoltage rdf:resource="#_b68643d2afe84f5c99527a46cc2e409d"/>
</cim:VoltageLevel>
<cim:VoltageLevel rdf:ID="_8d992ed6a5a14255890c2a3274e85b7a">
	<cim:IdentifiedObject.name>10.0</cim:IdentifiedObject.name>
	<cim:VoltageLevel.highVoltageLimit>11.00</cim:VoltageLevel.highVoltageLimit>
	<cim:VoltageLevel.lowVoltageLimit>9.00</cim:VoltageLevel.lowVoltageLimit>
	<cim:VoltageLevel.BaseVoltage rdf:resource="#_a300f956e1df436b8f67d524633f8a05"/>
</cim:VoltageLevel>
<cim:GeneratingUnit rdf:ID="_9dc398c157df4a8db441ff1bae829945">
	<cim:IdentifiedObject.name>Swing</cim:IdentifiedObject.name>
	<cim:IdentifiedObject.description>Swing</cim:IdentifiedObject.description>
	<cim:GeneratingUnit.nominalP>100.000</cim:GeneratingUnit.nominalP>
	<cim:GeneratingUnit.normalPF>0.800</cim:GeneratingUnit.normalPF>
	<cim:GeneratingUnit.maxOperatingP>0.000</cim:GeneratingUnit.maxOperatingP>
	<cim:GeneratingUnit.minOperatingP>0.000</cim:GeneratingUnit.minOperatingP>
	<cim:Equipment.equivalent>FALSE</cim:Equipment.equivalent>
	<cim:Equipment.externalsystem>0</cim:Equipment.externalsystem>
	<cim:Equipment.MemberOf_EquipmentContainer rdf:resource="#_8d992ed6a5a14255890c2a3274e85b7a"/>
</cim:GeneratingUnit>
<cim:SynchronousMachine rdf:ID="_870be5dbff4e4ab09dc387ae1a4d6a05">
	<cim:IdentifiedObject.name>Swing</cim:IdentifiedObject.name>
	<cim:IdentifiedObject.description>Swing</cim:IdentifiedObject.description>
	<cim:GeneratingUnit.UniqueNumber>0</cim:GeneratingUnit.UniqueNumber>
	<cim:GeneratingUnit.Voltage>10.000</cim:GeneratingUnit.Voltage>
	<cim:SynchronousMachine.qPercent>0.0</cim:SynchronousMachine.qPercent>
	<cim:SynchronousMachine.maxQ>60.000</cim:SynchronousMachine.maxQ>
	<cim:SynchronousMachine.minQ>-60.000</cim:SynchronousMachine.minQ>
	<cim:SynchronousMachine.ratedS>100.000000</cim:SynchronousMachine.ratedS>
	<cim:SynchronousMachine.Nmb_of_RVC_Node>-1</cim:SynchronousMachine.Nmb_of_RVC_Node>
	<cim:SynchronousMachine.RVC_Node_Voltage>0.000000</cim:SynchronousMachine.RVC_Node_Voltage>
	<cim:SynchronousMachine.RVC_Node_Voltage_Lower>0.000000</cim:SynchronousMachine.RVC_Node_Voltage_Lower>
	<cim:SynchronousMachine.RVC_Node_Voltage_Upper>0.000000</cim:SynchronousMachine.RVC_Node_Voltage_Upper>
	<cim:SynchronousMachine.r>0.000000</cim:SynchronousMachine.r>
	<cim:SynchronousMachine.x>0.160000</cim:SynchronousMachine.x>
	<cim:SynchronousMachine.r0>0.000000</cim:SynchronousMachine.r0>
	<cim:SynchronousMachine.x0>0.000000</cim:SynchronousMachine.x0>
	<cim:SynchronousMachine.r2>0.000000</cim:SynchronousMachine.r2>
	<cim:SynchronousMachine.x2>0.000000</cim:SynchronousMachine.x2>
	<cim:SynchronousMachine.xground>0.000000</cim:SynchronousMachine.xground>
	<cim:SynchronousMachine.rground>0.000000</cim:SynchronousMachine.rground>
	<cim:Equipment.equivalent>FALSE</cim:Equipment.equivalent>
	<cim:SynchronousMachine.SystemSwing>1</cim:SynchronousMachine.SystemSwing>
	<cim:Machine.Type>0</cim:Machine.Type>
	<cim:SynchronousMachine.SalientPole>TRUE</cim:SynchronousMachine.SalientPole>
	<cim:SynchronousMachine.InertiaConstant>2.5000</cim:SynchronousMachine.InertiaConstant>
	<cim:SynchronousMachine.Tdo_subtransient>0.0500</cim:SynchronousMachine.Tdo_subtransient>
	<cim:SynchronousMachine.Tqo_subtransient>0.0800</cim:SynchronousMachine.Tqo_subtransient>
	<cim:SynchronousMachine.Tdo_transient>8.0000</cim:SynchronousMachine.Tdo_transient>
	<cim:SynchronousMachine.Tqo_transient>5.0000</cim:SynchronousMachine.Tqo_transient>
	<cim:SynchronousMachine.Xl>0.100000</cim:SynchronousMachine.Xl>
	<cim:SynchronousMachine.Xd_subtransient>0.160000</cim:SynchronousMachine.Xd_subtransient>
	<cim:SynchronousMachine.Xq_subtransient>0.150000</cim:SynchronousMachine.Xq_subtransient>
	<cim:SynchronousMachine.Xd_transient>0.250000</cim:SynchronousMachine.Xd_transient>
	<cim:SynchronousMachine.Xq_transient>0.800000</cim:SynchronousMachine.Xq_transient>
	<cim:SynchronousMachine.Xd_steady_state>1.200000</cim:SynchronousMachine.Xd_steady_state>
	<cim:SynchronousMachine.Xq_steady_state>0.800000</cim:SynchronousMachine.Xq_steady_state>
	<cim:SynchronousMachine.considerSaturation>1</cim:SynchronousMachine.considerSaturation>
	<cim:SynchronousMachine.SG10>0.30100</cim:SynchronousMachine.SG10>
	<cim:SynchronousMachine.SG12>0.91740</cim:SynchronousMachine.SG12>
	<cim:SynchronousMachine.Statism>10000.0000</cim:SynchronousMachine.Statism>
	<cim:SynchronousMachine.minOperVolt>0.100</cim:SynchronousMachine.minOperVolt>
	<cim:SynchronousMachine.minVoltForRet>0.105</cim:SynchronousMachine.minVoltForRet>
	<cim:StaticGenerator.maxOperVolt>1.2000</cim:StaticGenerator.maxOperVolt>
	<cim:StaticGenerator.lowOperVolt>0.5000</cim:StaticGenerator.lowOperVolt>
	<cim:StaticGenerator.Kp_APR>1.0000</cim:StaticGenerator.Kp_APR>
	<cim:StaticGenerator.Ki_APR>1.0000</cim:StaticGenerator.Ki_APR>
	<cim:StaticGenerator.minLimit_APR>0.0000</cim:StaticGenerator.minLimit_APR>
	<cim:StaticGenerator.maxLimit_APR>1.0000</cim:StaticGenerator.maxLimit_APR>
	<cim:StaticGenerator.Kp_AVR>1.0000</cim:StaticGenerator.Kp_AVR>
	<cim:StaticGenerator.Ki_AVR>1.0000</cim:StaticGenerator.Ki_AVR>
	<cim:StaticGenerator.minLimit_AVR>-1.0000</cim:StaticGenerator.minLimit_AVR>
	<cim:StaticGenerator.maxLimit_AVR>1.0000</cim:StaticGenerator.maxLimit_AVR>
	<cim:SynchronousMachine.DFIM>-1</cim:SynchronousMachine.DFIM>
	<cim:AsynchronousMachine.DoubleCage>FALSE</cim:AsynchronousMachine.DoubleCage>
	<cim:AsynchronousMachine.Xm>0.000000</cim:AsynchronousMachine.Xm>
	<cim:AsynchronousMachine.Rs>0.000000</cim:AsynchronousMachine.Rs>
	<cim:AsynchronousMachine.Xs>0.000000</cim:AsynchronousMachine.Xs>
	<cim:AsynchronousMachine.Rr1>0.000000</cim:AsynchronousMachine.Rr1>
	<cim:AsynchronousMachine.Xr1>0.000000</cim:AsynchronousMachine.Xr1>
	<cim:AsynchronousMachine.Rr2>0.000000</cim:AsynchronousMachine.Rr2>
	<cim:AsynchronousMachine.Xr2>0.000000</cim:AsynchronousMachine.Xr2>
	<cim:SynchronousMachine.operatingMode rdf:resource="http://iec.ch/TC57/2009/CIM-schema-cim14#SynchronousMachineOperatingMode.generator"/>
	<cim:SynchronousMachine.type rdf:resource="http://iec.ch/TC57/2009/CIM-schema-cim14#SynchronousMachineType.generator"/>
	<cim:Equipment.MemberOf_EquipmentContainer rdf:resource="#_8d992ed6a5a14255890c2a3274e85b7a"/>
	<cim:RegulatingCondEq.RegulatingControl rdf:resource="#_53bc24a005624a84a1370e9b019a499f"/>
	<cim:RegulatingCondEq.ExcitationSystem rdf:resource="#_92ca19dac2684eb5a79160e70a1d8975"/>
	<cim:RegulatingCondEq.PSS rdf:resource="#_5707b1dcda56430b888540876f9d89a9"/>
	<cim:RegulatingCondEq.TurbineSystem rdf:resource="#_d435e46af19b4c23b3a7db4c41cfdea5"/>
	<cim:SynchronousMachine.MemberOf_GeneratingUnit rdf:resource="#_9dc398c157df4a8db441ff1bae829945"/>
	<cim:SynchronousMachine.connectionType rdf:resource="http://iec.ch/TC57/2009/CIM-schema-cim14#WindingConnection.YG"/>
</cim:SynchronousMachine>
<cim:ACLineSegment rdf:ID="_9210324c4d394a3dba5e85d6957212f5">
	<cim:Line.UniqueNumber>0</cim:Line.UniqueNumber>
	<cim:IdentifiedObject.name>1</cim:IdentifiedObject.name>
	<cim:IdentifiedObject.description>Node 1 - 110 kV Node 2 - 110 kV '1'</cim:IdentifiedObject.description>
	<cim:ACLineSegment.r>0.600000</cim:ACLineSegment.r>
	<cim:ACLineSegment.x>1.400000</cim:ACLineSegment.x>
	<cim:ACLineSegment.bch>5.000000e-05</cim:ACLineSegment.bch>
	<cim:ACLineSegment.gch>0.000000e+00</cim:ACLineSegment.gch>
	<cim:ACLineSegment.r0>1.800000</cim:ACLineSegment.r0>
	<cim:ACLineSegment.x0>4.200000</cim:ACLineSegment.x0>
	<cim:ACLineSegment.b0ch>4.000000e-05</cim:ACLineSegment.b0ch>
	<cim:ACLineSegment.g0ch>0.000000e+00</cim:ACLineSegment.g0ch>
	<cim:ACLineSegment.length>20.000000</cim:ACLineSegment.length>
	<cim:ConductingEquipment.BaseVoltage rdf:resource="#"/>
</cim:ACLineSegment>
<cim:ACLineSegment rdf:ID="_4d85e142ed8d460fbcc13588940fb60f">
	<cim:Line.UniqueNumber>1</cim:Line.UniqueNumber>
	<cim:IdentifiedObject.name>2</cim:IdentifiedObject.name>
	<cim:IdentifiedObject.description>Node 1 - 110 kV Node 2 - 110 kV '2'</cim:IdentifiedObject.description>
	<cim:ACLineSegment.r>0.600000</cim:ACLineSegment.r>
	<cim:ACLineSegment.x>1.400000</cim:ACLineSegment.x>
	<cim:ACLineSegment.bch>5.000000e-05</cim:ACLineSegment.bch>
	<cim:ACLineSegment.gch>0.000000e+00</cim:ACLineSegment.gch>
	<cim:ACLineSegment.r0>1.800000</cim:ACLineSegment.r0>
	<cim:ACLineSegment.x0>4.200000</cim:ACLineSegment.x0>
	<cim:ACLineSegment.b0ch>4.000000e-05</cim:ACLineSegment.b0ch>
	<cim:ACLineSegment.g0ch>0.000000e+00</cim:ACLineSegment.g0ch>
	<cim:ACLineSegment.length>20.000000</cim:ACLineSegment.length>
	<cim:ConductingEquipment.BaseVoltage rdf:resource="#"/>
</cim:ACLineSegment>
<cim:PowerTransformer rdf:ID="_e9ed2d2e2b3a4a51a3110c9bcad9e2d1">
	<cim:Tran.UniqueNumber>0</cim:Tran.UniqueNumber>
	<cim:IdentifiedObject.name></cim:IdentifiedObject.name>
	<cim:IdentifiedObject.description></cim:IdentifiedObject.description>
	<cim:Equipment.equivalent>FALSE</cim:Equipment.equivalent>
	<cim:PowerTransformer.transformerType rdf:resource="http://iec.ch/TC57/2009/CIM-schema-cim14#TransformerType.fix"/>
	<cim:Tran.EnableVoltageRegulation>0</cim:Tran.EnableVoltageRegulation>
	<cim:Tran.nmb_of_regulated_winding>0</cim:Tran.nmb_of_regulated_winding>
	<cim:Tran.RegulatedVoltage>1.000000</cim:Tran.RegulatedVoltage>
	<cim:Tran.RegulatedVoltageLower>0.990000</cim:Tran.RegulatedVoltageLower>
	<cim:Tran.RegulatedVoltageUpper>1.010000</cim:Tran.RegulatedVoltageUpper>
</cim:PowerTransformer>
<cim:TransformerWinding rdf:ID="_377aacef705842a49e2560f25b5d41fb">
	<cim:IdentifiedObject.name>Node 1 - 110 kV_Swing_0_1</cim:IdentifiedObject.name>
	<cim:IdentifiedObject.description>Node 1 - 110 kV_Swing_0_1 Primary Winding</cim:IdentifiedObject.description>
	<cim:TransformerWinding.r>0.12099999</cim:TransformerWinding.r>
	<cim:TransformerWinding.x>14.51949596</cim:TransformerWinding.x>
	<cim:TransformerWinding.b>-0.0000000000</cim:TransformerWinding.b>
	<cim:TransformerWinding.g>0.0000000000</cim:TransformerWinding.g>
	<cim:TransformerWinding.r0>0.12099999</cim:TransformerWinding.r0>
	<cim:TransformerWinding.x0>14.51949596</cim:TransformerWinding.x0>
	<cim:TransformerWinding.b0>-0.0000000000</cim:TransformerWinding.b0>
	<cim:TransformerWinding.g0>0.0000000000</cim:TransformerWinding.g0>
	<cim:TransformerWinding.rground>0.00000000</cim:TransformerWinding.rground>
	<cim:TransformerWinding.xground>0.00000000</cim:TransformerWinding.xground>
	<cim:TransformerWinding.ratedS>100.00</cim:TransformerWinding.ratedS>
	<cim:TransformerWinding.shortTermS>0.00</cim:TransformerWinding.shortTermS>
	<cim:TransformerWinding.emergencyS>0.00</cim:TransformerWinding.emergencyS>
	<cim:TransformerWinding.ratedU>110.000</cim:TransformerWinding.ratedU>
	<cim:TransformerWinding.windingType rdf:resource="http://iec.ch/TC57/2009/CIM-schema-cim14#WindingType.primary"/>
	<cim:TransformerWinding.connectionType rdf:resource="http://iec.ch/TC57/2009/CIM-schema-cim14#WindingConnection.YG"/>
	<cim:ConductingEquipment.BaseVoltage rdf:resource="#_b68643d2afe84f5c99527a46cc2e409d"/>
	<cim:TransformerWinding.HourNumber>0</cim:TransformerWinding.HourNumber>
	<cim:TransformerWinding.MemberOf_PowerTransformer rdf:resource="#_e9ed2d2e2b3a4a51a3110c9bcad9e2d1"/>
</cim:TransformerWinding>
<cim:TransformerWinding rdf:ID="_f883697eecd2423ebfdb74f797c49848">
	<cim:IdentifiedObject.name>Node 1 - 110 kV_Swing_0_1</cim:IdentifiedObject.name>
	<cim:IdentifiedObject.description>Node 1 - 110 kV_Swing_0_1 Secondary Winding</cim:IdentifiedObject.description>
	<cim:TransformerWinding.r>0.00000000</cim:TransformerWinding.r>
	<cim:TransformerWinding.x>0.00000000</cim:TransformerWinding.x>
	<cim:TransformerWinding.b>0.0000000000</cim:TransformerWinding.b>
	<cim:TransformerWinding.g>0.0000000000</cim:TransformerWinding.g>
	<cim:TransformerWinding.r0>0.00000000</cim:TransformerWinding.r0>
	<cim:TransformerWinding.x0>0.00000000</cim:TransformerWinding.x0>
	<cim:TransformerWinding.b0>0.0000000000</cim:TransformerWinding.b0>
	<cim:TransformerWinding.g0>0.0000000000</cim:TransformerWinding.g0>
	<cim:TransformerWinding.rground>0.00000000</cim:TransformerWinding.rground>
	<cim:TransformerWinding.xground>0.00000000</cim:TransformerWinding.xground>
	<cim:TransformerWinding.ratedS>100.00</cim:TransformerWinding.ratedS>
	<cim:TransformerWinding.shortTermS>0.00</cim:TransformerWinding.shortTermS>
	<cim:TransformerWinding.emergencyS>0.00</cim:TransformerWinding.emergencyS>
	<cim:TransformerWinding.ratedU>10.000</cim:TransformerWinding.ratedU>
	<cim:TransformerWinding.windingType rdf:resource="http://iec.ch/TC57/2009/CIM-schema-cim14#WindingType.secondary"/>
	<cim:TransformerWinding.connectionType rdf:resource="http://iec.ch/TC57/2009/CIM-schema-cim14#WindingConnection.YG"/>
	<cim:TransformerWinding.HourNumber>0</cim:TransformerWinding.HourNumber>
	<cim:ConductingEquipment.BaseVoltage rdf:resource="#_a300f956e1df436b8f67d524633f8a05"/>
	<cim:TransformerWinding.MemberOf_PowerTransformer rdf:resource="#_e9ed2d2e2b3a4a51a3110c9bcad9e2d1"/>
</cim:TransformerWinding>
<cim:EnergyConsumer rdf:ID="_7303a75e2c494ff88ede7370756dbb23">
	<cim:EnergyConsumer.UniqueNumber>0</cim:EnergyConsumer.UniqueNumber>
	<cim:IdentifiedObject.name>L1</cim:IdentifiedObject.name>
	<cim:IdentifiedObject.description>L1</cim:IdentifiedObject.description>
	<cim:Equipment.equivalent>FALSE</cim:Equipment.equivalent>
	<cim:Equipment.MemberOf_EquipmentContainer rdf:resource="#_9891b2c73cd848a28748068ad37213a2"/>
	<cim:EnergyConsumer.LoadResponse rdf:resource="#_708a73a1819e4a05801b91792f30c7f4"/>
</cim:EnergyConsumer>
<cim:LoadResponseCharacteristic rdf:ID="_708a73a1819e4a05801b91792f30c7f4">
	<cim:LoadResponseCharacteristic.exponentModel>FALSE</cim:LoadResponseCharacteristic.exponentModel>
	<cim:LoadResponseCharacteristic.pConstantPower>1.000000</cim:LoadResponseCharacteristic.pConstantPower>
	<cim:LoadResponseCharacteristic.qConstantPower>1.000000</cim:LoadResponseCharacteristic.qConstantPower>
	<cim:LoadResponseCharacteristic.pConstantImpedance>0.000000</cim:LoadResponseCharacteristic.pConstantImpedance>
	<cim:LoadResponseCharacteristic.qConstantImpedance>-0.000000</cim:LoadResponseCharacteristic.qConstantImpedance>
	<cim:LoadResponseCharacteristic.pConstantCurrent>0.000000</cim:LoadResponseCharacteristic.pConstantCurrent>
	<cim:LoadResponseCharacteristic.qConstantCurrent>0.000000</cim:LoadResponseCharacteristic.qConstantCurrent>
	<cim:LoadResponseCharacteristic.pVoltageExponentPower>0.000000</cim:LoadResponseCharacteristic.pVoltageExponentPower>
	<cim:LoadResponseCharacteristic.pVoltageExponent>0.000000</cim:LoadResponseCharacteristic.pVoltageExponent>
	<cim:LoadResponseCharacteristic.qVoltageExponentPower>0.000000</cim:LoadResponseCharacteristic.qVoltageExponentPower>
	<cim:LoadResponseCharacteristic.qVoltageExponent>0.000000</cim:LoadResponseCharacteristic.qVoltageExponent>
</cim:LoadResponseCharacteristic>
<cim:Terminal rdf:ID="_97be17b7c5564927a06d6797fd10c966">
	<cim:Line.UniqueNumber>0</cim:Line.UniqueNumber>
	<cim:IdentifiedObject.name>1</cim:IdentifiedObject.name>
	<cim:IdentifiedObject.name>1</cim:IdentifiedObject.name>
	<cim:Terminal.ConductingEquipment rdf:resource="#_9210324c4d394a3dba5e85d6957212f5"/>
</cim:Terminal>
<cim:Terminal rdf:ID="_c06c9c82ae63475ebffe947ffcc238fc">
	<cim:IdentifiedObject.name>1</cim:IdentifiedObject.name>
	<cim:Terminal.ConductingEquipment rdf:resource="#_9210324c4d394a3dba5e85d6957212f5"/>
</cim:Terminal>
<cim:Terminal rdf:ID="_b3d4ebf1313f400da3e11f65420282ff">
	<cim:Line.UniqueNumber>1</cim:Line.UniqueNumber>
	<cim:IdentifiedObject.name>1</cim:IdentifiedObject.name>
	<cim:IdentifiedObject.name>1</cim:IdentifiedObject.name>
	<cim:Terminal.ConductingEquipment rdf:resource="#_4d85e142ed8d460fbcc13588940fb60f"/>
</cim:Terminal>
<cim:Terminal rdf:ID="_584d876439aa430093c2acd3b18d9e04">
	<cim:IdentifiedObject.name>1</cim:IdentifiedObject.name>
	<cim:Terminal.ConductingEquipment rdf:resource="#_4d85e142ed8d460fbcc13588940fb60f"/>
</cim:Terminal>
<cim:Terminal rdf:ID="_35a078e8fe2a4aeca67dee2a45529772">
	<cim:IdentifiedObject.name>Node 2 - 110 kV</cim:IdentifiedObject.name>
	<cim:Terminal.ConductingEquipment rdf:resource="#_7303a75e2c494ff88ede7370756dbb23"/>
</cim:Terminal>
<cim:Terminal rdf:ID="_72a9c6d2ba4346358385bdb68ddc7bfc">
	<cim:IdentifiedObject.name>Node 1 - 110 kV_Swing_0_1</cim:IdentifiedObject.name>
	<cim:Terminal.ConductingEquipment rdf:resource="#_377aacef705842a49e2560f25b5d41fb"/>
</cim:Terminal>
<cim:Terminal rdf:ID="_eb21173d69904eb9946e78f8425e2035">
	<cim:IdentifiedObject.name>Node 1 - 110 kV_Swing_0_1</cim:IdentifiedObject.name>
	<cim:Terminal.ConductingEquipment rdf:resource="#_f883697eecd2423ebfdb74f797c49848"/>
</cim:Terminal>
<cim:Terminal rdf:ID="_5eaaedfb2af944f7973434242a164093">
	<cim:IdentifiedObject.name>Swing</cim:IdentifiedObject.name>
	<cim:Terminal.ConductingEquipment rdf:resource="#_870be5dbff4e4ab09dc387ae1a4d6a05"/>
</cim:Terminal>
<cim:OperationalLimitSet rdf:ID="_0d54517841c3494890ab185eef77ea85">
	<cim:IdentifiedObject.name>Voltage limits for node Node 1 - 110 kV</cim:IdentifiedObject.name>
</cim:OperationalLimitSet>
<cim:OperationalLimitSet rdf:ID="_cd511084945448948699fdb68ed5e86a">
	<cim:IdentifiedObject.name>Voltage limits for node Node 2 - 110 kV</cim:IdentifiedObject.name>
</cim:OperationalLimitSet>
<cim:OperationalLimitSet rdf:ID="_f5cc0ce4f54c4bdc9ae8a5814d015e0d">
	<cim:IdentifiedObject.name>Voltage limits for node Swing</cim:IdentifiedObject.name>
</cim:OperationalLimitSet>
<cim:OperationalLimitSet rdf:ID="_1c24b3ac906a4f959f45d890a305c31d">
	<cim:IdentifiedObject.name>Ratings</cim:IdentifiedObject.name>
	<cim:IdentifiedObject.description>Ratings for BranchNode 1 - 110 kVNode 2 - 110 kV1</cim:IdentifiedObject.description>
	<cim:OperationalLimitSet.Terminal rdf:resource="#_97be17b7c5564927a06d6797fd10c966"/>
</cim:OperationalLimitSet>
<cim:OperationalLimitSet rdf:ID="_19040fa135ed489c8f7aeaaba0ddb442">
	<cim:IdentifiedObject.name>Ratings</cim:IdentifiedObject.name>
	<cim:IdentifiedObject.description>Ratings for BranchNode 1 - 110 kVNode 2 - 110 kV2</cim:IdentifiedObject.description>
	<cim:OperationalLimitSet.Terminal rdf:resource="#_b3d4ebf1313f400da3e11f65420282ff"/>
</cim:OperationalLimitSet>
<cim:OperationalLimitSet rdf:ID="_af42e9e1c03a417c96f666f9973a35af">
	<cim:IdentifiedObject.name>Ratings</cim:IdentifiedObject.name>
	<cim:IdentifiedObject.description>Ratings for Branch Node 1 - 110 kV_Swing_1</cim:IdentifiedObject.description>
	<cim:OperationalLimitSet.Terminal rdf:resource="#_377aacef705842a49e2560f25b5d41fb"/>
</cim:OperationalLimitSet>
<cim:OperationalLimitSet rdf:ID="_ec75aae843034838b891fe915a992fc5">
	<cim:IdentifiedObject.name>Ratings</cim:IdentifiedObject.name>
	<cim:IdentifiedObject.description>Ratings for Branch Node 1 - 110 kV_Swing_1</cim:IdentifiedObject.description>
	<cim:OperationalLimitSet.Terminal rdf:resource="#_f883697eecd2423ebfdb74f797c49848"/>
</cim:OperationalLimitSet>
<cim:OperationalLimitType rdf:ID="_0d2160566bc241f19c5a3087a56825a8">
	<cim:IdentifiedObject.name>Alarm</cim:IdentifiedObject.name>
	<cim:OperationalLimitType.direction rdf:resource="http://iec.ch/TC57/2009/CIM-schema-cim14#OperationalLimitDirectionKind.absoluteValue"/>
	<cim:OperationalLimitType.acceptableDuration>0</cim:OperationalLimitType.acceptableDuration>
</cim:OperationalLimitType>
<cim:OperationalLimitType rdf:ID="_fcc1e9b5addd454091749396ba1d4aa5">
	<cim:IdentifiedObject.name>TrippingCurrent</cim:IdentifiedObject.name>
	<cim:OperationalLimitType.direction rdf:resource="http://iec.ch/TC57/2009/CIM-schema-cim14#OperationalLimitDirectionKind.absoluteValue"/>
	<cim:OperationalLimitType.acceptableDuration>0</cim:OperationalLimitType.acceptableDuration>
</cim:OperationalLimitType>
<cim:OperationalLimitType rdf:ID="_00dd20b1dfd5456bb74a705f2fad15cb">
	<cim:IdentifiedObject.name>WarningTrippingCurrent</cim:IdentifiedObject.name>
	<cim:OperationalLimitType.direction rdf:resource="http://iec.ch/TC57/2009/CIM-schema-cim14#OperationalLimitDirectionKind.absoluteValue"/>
	<cim:OperationalLimitType.acceptableDuration>0</cim:OperationalLimitType.acceptableDuration>
</cim:OperationalLimitType>
<cim:OperationalLimitType rdf:ID="_b80d3e1399884b4f8a79c75cf186d8a7">
	<cim:IdentifiedObject.name>LowVoltage</cim:IdentifiedObject.name>
	<cim:OperationalLimitType.direction rdf:resource="http://iec.ch/TC57/2009/CIM-schema-cim14#OperationalLimitDirectionKind.low"/>
	<cim:OperationalLimitType.acceptableDuration>0</cim:OperationalLimitType.acceptableDuration>
</cim:OperationalLimitType>
<cim:OperationalLimitType rdf:ID="_88eb42dd56c54f2790714ce2b075b8aa">
	<cim:IdentifiedObject.name>HighVoltage</cim:IdentifiedObject.name>
	<cim:OperationalLimitType.direction rdf:resource="http://iec.ch/TC57/2009/CIM-schema-cim14#OperationalLimitDirectionKind.high"/>
	<cim:OperationalLimitType.acceptableDuration>0</cim:OperationalLimitType.acceptableDuration>
</cim:OperationalLimitType>
<cim:CurrentLimit rdf:ID="_59e832743e604db8a3c12edece400451">
	<cim:IdentifiedObject.name>Normal</cim:IdentifiedObject.name>
	<cim:IdentifiedObject.description>Ratings for Branch Node 1 - 110 kV_Node 2 - 110 kV_1 - Normal</cim:IdentifiedObject.description>
	<cim:CurrentLimit.value>720.000</cim:CurrentLimit.value>
	<cim:OperationalLimit.OperationalLimitSet rdf:resource="#_1c24b3ac906a4f959f45d890a305c31d"/>
	<cim:OperationalLimit.OperationalLimitType rdf:resource="#_0d2160566bc241f19c5a3087a56825a8"/>
</cim:CurrentLimit>
<cim:CurrentLimit rdf:ID="_59e832743e604db8a3c12edece400451">
	<cim:IdentifiedObject.name>Emergency</cim:IdentifiedObject.name>
	<cim:IdentifiedObject.description>Ratings for Branch Node 1 - 110 kV_Node 2 - 110 kV_1 - Emergency</cim:IdentifiedObject.description>
	<cim:CurrentLimit.value>0.000</cim:CurrentLimit.value>
	<cim:OperationalLimit.OperationalLimitSet rdf:resource="#_1c24b3ac906a4f959f45d890a305c31d"/>
	<cim:OperationalLimit.OperationalLimitType rdf:resource="#_fcc1e9b5addd454091749396ba1d4aa5"/>
</cim:CurrentLimit>
<cim:CurrentLimit rdf:ID="_59e832743e604db8a3c12edece400451">
	<cim:IdentifiedObject.name>ShortTerm</cim:IdentifiedObject.name>
	<cim:IdentifiedObject.description>Ratings for Branch Node 1 - 110 kV_Node 2 - 110 kV_1 - ShortTerm</cim:IdentifiedObject.description>
	<cim:CurrentLimit.value>0.000</cim:CurrentLimit.value>
	<cim:OperationalLimit.OperationalLimitSet rdf:resource="#_1c24b3ac906a4f959f45d890a305c31d"/>
	<cim:OperationalLimit.OperationalLimitType rdf:resource="#_00dd20b1dfd5456bb74a705f2fad15cb"/>
</cim:CurrentLimit>
<cim:CurrentLimit rdf:ID="_256fd71921c448f89260938f9a720784">
	<cim:IdentifiedObject.name>Normal</cim:IdentifiedObject.name>
	<cim:IdentifiedObject.description>Ratings for Branch Node 1 - 110 kV_Node 2 - 110 kV_2 - Normal</cim:IdentifiedObject.description>
	<cim:CurrentLimit.value>720.000</cim:CurrentLimit.value>
	<cim:OperationalLimit.OperationalLimitSet rdf:resource="#_19040fa135ed489c8f7aeaaba0ddb442"/>
	<cim:OperationalLimit.OperationalLimitType rdf:resource="#_0d2160566bc241f19c5a3087a56825a8"/>
</cim:CurrentLimit>
<cim:CurrentLimit rdf:ID="_256fd71921c448f89260938f9a720784">
	<cim:IdentifiedObject.name>Emergency</cim:IdentifiedObject.name>
	<cim:IdentifiedObject.description>Ratings for Branch Node 1 - 110 kV_Node 2 - 110 kV_2 - Emergency</cim:IdentifiedObject.description>
	<cim:CurrentLimit.value>0.000</cim:CurrentLimit.value>
	<cim:OperationalLimit.OperationalLimitSet rdf:resource="#_19040fa135ed489c8f7aeaaba0ddb442"/>
	<cim:OperationalLimit.OperationalLimitType rdf:resource="#_fcc1e9b5addd454091749396ba1d4aa5"/>
</cim:CurrentLimit>
<cim:CurrentLimit rdf:ID="_256fd71921c448f89260938f9a720784">
	<cim:IdentifiedObject.name>ShortTerm</cim:IdentifiedObject.name>
	<cim:IdentifiedObject.description>Ratings for Branch Node 1 - 110 kV_Node 2 - 110 kV_2 - ShortTerm</cim:IdentifiedObject.description>
	<cim:CurrentLimit.value>0.000</cim:CurrentLimit.value>
	<cim:OperationalLimit.OperationalLimitSet rdf:resource="#_19040fa135ed489c8f7aeaaba0ddb442"/>
	<cim:OperationalLimit.OperationalLimitType rdf:resource="#_00dd20b1dfd5456bb74a705f2fad15cb"/>
</cim:CurrentLimit>
<cim:CurrentLimit rdf:ID="_eedfa33cf60942bf8a6ba914b737512d">
	<cim:IdentifiedObject.name>Emergency</cim:IdentifiedObject.name>
	<cim:IdentifiedObject.description>Ratings for Branch Node 1 - 110 kV_Swing_1 - Normal</cim:IdentifiedObject.description>
	<cim:CurrentLimit.value>0.525</cim:CurrentLimit.value>
	<cim:OperationalLimit.OperationalLimitSet rdf:resource="#_af42e9e1c03a417c96f666f9973a35af"/>
	<cim:OperationalLimit.OperationalLimitType rdf:resource="#_0d2160566bc241f19c5a3087a56825a8"/>
</cim:CurrentLimit>
<cim:CurrentLimit rdf:ID="_7185c11b864f4276937710fe5f52e3b1">
	<cim:IdentifiedObject.name>Normal</cim:IdentifiedObject.name>
	<cim:IdentifiedObject.description>Ratings for Branch Node 1 - 110 kV_Swing_1 - Emergency</cim:IdentifiedObject.description>
	<cim:CurrentLimit.value>0.000</cim:CurrentLimit.value>
	<cim:OperationalLimit.OperationalLimitSet rdf:resource="#_af42e9e1c03a417c96f666f9973a35af"/>
	<cim:OperationalLimit.OperationalLimitType rdf:resource="#_fcc1e9b5addd454091749396ba1d4aa5"/>
</cim:CurrentLimit>
<cim:CurrentLimit rdf:ID="_d964f8a083434ac3abffde6c6c8c3268">
	<cim:IdentifiedObject.name>ShortTerm</cim:IdentifiedObject.name>
	<cim:IdentifiedObject.description>Ratings for Branch Node 1 - 110 kV_Swing_1 - ShortTerm</cim:IdentifiedObject.description>
	<cim:CurrentLimit.value>0.000</cim:CurrentLimit.value>
	<cim:OperationalLimit.OperationalLimitSet rdf:resource="#_af42e9e1c03a417c96f666f9973a35af"/>
	<cim:OperationalLimit.OperationalLimitType rdf:resource="#_00dd20b1dfd5456bb74a705f2fad15cb"/>
</cim:CurrentLimit>
<cim:CurrentLimit rdf:ID="_b455fb466aca4bf9b30577b77f81d198">
	<cim:IdentifiedObject.name>Emergency</cim:IdentifiedObject.name>
	<cim:IdentifiedObject.description>Ratings for Branch Node 1 - 110 kV_Swing_1 - Normal</cim:IdentifiedObject.description>
	<cim:CurrentLimit.value>5.774</cim:CurrentLimit.value>
	<cim:OperationalLimit.OperationalLimitSet rdf:resource="#_ec75aae843034838b891fe915a992fc5"/>
	<cim:OperationalLimit.OperationalLimitType rdf:resource="#_0d2160566bc241f19c5a3087a56825a8"/>
</cim:CurrentLimit>
<cim:CurrentLimit rdf:ID="_93f5ac150b944aa0bc51f0ede614ad3a">
	<cim:IdentifiedObject.name>Normal</cim:IdentifiedObject.name>
	<cim:IdentifiedObject.description>Ratings for Branch Node 1 - 110 kV_Swing_1 - Emergency</cim:IdentifiedObject.description>
	<cim:CurrentLimit.value>0.000</cim:CurrentLimit.value>
	<cim:OperationalLimit.OperationalLimitSet rdf:resource="#_ec75aae843034838b891fe915a992fc5"/>
	<cim:OperationalLimit.OperationalLimitType rdf:resource="#_fcc1e9b5addd454091749396ba1d4aa5"/>
</cim:CurrentLimit>
<cim:CurrentLimit rdf:ID="_90ccb333d6ff4c6297f7c6c4646cbd15">
	<cim:IdentifiedObject.name>ShortTerm</cim:IdentifiedObject.name>
	<cim:IdentifiedObject.description>Ratings for Branch Node 1 - 110 kV_Swing_1 - ShortTerm</cim:IdentifiedObject.description>
	<cim:CurrentLimit.value>0.000</cim:CurrentLimit.value>
	<cim:OperationalLimit.OperationalLimitSet rdf:resource="#_ec75aae843034838b891fe915a992fc5"/>
	<cim:OperationalLimit.OperationalLimitType rdf:resource="#_00dd20b1dfd5456bb74a705f2fad15cb"/>
</cim:CurrentLimit>
<cim:RegulatingControl rdf:ID="_53bc24a005624a84a1370e9b019a499f">
	<cim:IdentifiedObject.name>1</cim:IdentifiedObject.name>
	<cim:RegulatingControl.discrete>false</cim:RegulatingControl.discrete>
	<cim:RegulatingControl.mode rdf:resource="http://iec.ch/TC57/2009/CIM-schema-cim14#RegulatingControlModeKind.voltage"/>
	<cim:RegulatingControl.targetValue>10.000</cim:RegulatingControl.targetValue>
	<cim:RegulatingControl.targetRange>0.0</cim:RegulatingControl.targetRange>
	<cim:RegulatingControl.Terminal rdf:resource="#_5eaaedfb2af944f7973434242a164093"/>
</cim:RegulatingControl>
<cim:ExcitationSystem rdf:ID="_92ca19dac2684eb5a79160e70a1d8975">
	<cim:ExcitationSystem.name>ST1A</cim:ExcitationSystem.name>
	<cim:ExcitationSystem.TA>0.150000</cim:ExcitationSystem.TA>
	<cim:ExcitationSystem.TB>0.500000</cim:ExcitationSystem.TB>
	<cim:ExcitationSystem.TC>0.050000</cim:ExcitationSystem.TC>
	<cim:ExcitationSystem.TB1>0.500000</cim:ExcitationSystem.TB1>
	<cim:ExcitationSystem.TC1>0.050000</cim:ExcitationSystem.TC1>
	<cim:ExcitationSystem.TF>0.200000</cim:ExcitationSystem.TF>
	<cim:ExcitationSystem.TR>0.020000</cim:ExcitationSystem.TR>
	<cim:ExcitationSystem.VRMIN>-3.500000</cim:ExcitationSystem.VRMIN>
	<cim:ExcitationSystem.VRMAX>3.500000</cim:ExcitationSystem.VRMAX>
	<cim:ExcitationSystem.VAMIN>-6.000000</cim:ExcitationSystem.VAMIN>
	<cim:ExcitationSystem.VAMAX>6.000000</cim:ExcitationSystem.VAMAX>
	<cim:ExcitationSystem.VIMIN>-0.150000</cim:ExcitationSystem.VIMIN>
	<cim:ExcitationSystem.VIMAX>0.150000</cim:ExcitationSystem.VIMAX>
	<cim:ExcitationSystem.ILR>4.400000</cim:ExcitationSystem.ILR>
	<cim:ExcitationSystem.KA>5.000000</cim:ExcitationSystem.KA>
	<cim:ExcitationSystem.KC>0.038000</cim:ExcitationSystem.KC>
	<cim:ExcitationSystem.KF>0.000000</cim:ExcitationSystem.KF>
	<cim:ExcitationSystem.KLR>4.540000</cim:ExcitationSystem.KLR>
</cim:ExcitationSystem>
<cim:TurbineSystem rdf:ID="_d435e46af19b4c23b3a7db4c41cfdea5">
	<cim:TurbineSystem.TypeOfTurbine>0</cim:TurbineSystem.TypeOfTurbine>
	<cim:TurbineSystem.TypeOfTurbineGovernor>0</cim:TurbineSystem.TypeOfTurbineGovernor>
	<cim:TurbineSystem.TurbineGovernor rdf:resource="_cf222e633923457e9cd69bffb579031c">
	<cim:TurbineSystem.Prated>80.000000</cim:TurbineSystem.Prated>
	<cim:TurbineSystem.qnL>0.160000</cim:TurbineSystem.qnL>
	<cim:TurbineSystem.fp>0.000300</cim:TurbineSystem.fp>
	<cim:TurbineSystem.Zo>1.400000</cim:TurbineSystem.Zo>
	<cim:TurbineSystem.Te>2.000000</cim:TurbineSystem.Te>
	<cim:TurbineSystem.D>0.400000</cim:TurbineSystem.D>
</cim:TurbineSystem>
<cim:TurbineGovernor rdf:ID="_cf222e633923457e9cd69bffb579031c">
	<cim:TurbineGovernor.TypeOfTurbineGovernor>0</cim:ExcitationSystem.TurbineGovernor.TypeOfTurbineGovernor>
	<cim:TurbineGovernor.Tg>0.100000</cim:TurbineGovernor.Tg>
	<cim:TurbineGovernor.Tp>0.020000</cim:TurbineGovernor.Tp>
	<cim:TurbineGovernor.TR>1.000000</cim:TurbineGovernor.TR>
	<cim:TurbineGovernor.Q>10.000000</cim:TurbineGovernor.Q>
	<cim:TurbineGovernor.Rt>0.450000</cim:TurbineGovernor.Rt>
	<cim:TurbineGovernor.Rp>0.450000</cim:TurbineGovernor.Rp>
	<cim:TurbineGovernor.OPEN>0.100000</cim:TurbineGovernor.OPEN>
	<cim:TurbineGovernor.CLOSE>-0.100000</cim:TurbineGovernor.CLOSE>
	<cim:TurbineGovernor.GMIN>0.000000</cim:TurbineGovernor.GMIN>
	<cim:TurbineGovernor.GMAX>1.000000</cim:TurbineGovernor.GMAX>
</cim:TurbineGovernor>
<cim:PSS rdf:ID="_5707b1dcda56430b888540876f9d89a9">
</cim:PSS>
<cim:RegulatingControl rdf:ID="(null)">
	<cim:IdentifiedObject.name>1</cim:IdentifiedObject.name>
	<cim:RegulatingControl.discrete>true</cim:RegulatingControl.discrete>
	<cim:RegulatingControl.mode rdf:resource="http://iec.ch/TC57/2009/CIM-schema-cim14#RegulatingControlModeKind.voltage"/>
	<cim:RegulatingControl.targetValue>110.000</cim:RegulatingControl.targetValue>
	<cim:RegulatingControl.targetRange>2.200</cim:RegulatingControl.targetRange>
	<cim:RegulatingControl.Terminal rdf:resource="#_72a9c6d2ba4346358385bdb68ddc7bfc"/>
</cim:RegulatingControl>
<cim:VoltageStabilitySettings rdf:ID="_a1504d0f9e3a46cc8c22332179689707">
	<cim:VoltageStabilitySettings.nmbOfIterations>256</cim:VoltageStabilitySettings.nmbOfIterations>
	<cim:VoltageStabilitySettings.nmbOfDrawingNodes>0</cim:VoltageStabilitySettings.nmbOfDrawingNodes>
	<cim:VoltageStabilitySettings.loadShiftCoefficient>1.050000</cim:VoltageStabilitySettings.loadShiftCoefficient>
	<cim:VoltageStabilitySettings.xScaleRatio>1.000000</cim:VoltageStabilitySettings.xScaleRatio>
	<cim:VoltageStabilitySettings.yScaleRatio>1.000000</cim:VoltageStabilitySettings.yScaleRatio>
	<cim:VoltageStabilitySettings.nmbNodesTakingPartInVoltageStability>0</cim:VoltageStabilitySettings.nmbNodesTakingPartInVoltageStability>
	<cim:VoltageStabilitySettings.nmbGensTakingPartInVoltageStability>0</cim:VoltageStabilitySettings.nmbGensTakingPartInVoltageStability>
</cim:VoltageStabilitySettings>
</rdf:RDF>