<?xml version="1.0" encoding="UTF-8"?>
<rdf:RDF xmlns:rdf="http://www.w3.org/1999/02/22-rdf-syntax-ns#" xmlns:cim="http://iec.ch/TC57/2009/CIM-schema-cim14#">
<md:FullModel xmlns:md="http://www.casepowersoftware.com/2020/Model-1-Three Nodes_SLD/1">
	<md:Model.created>2025-10-26-21</md:Model.created>
	<md:Model.Version>
		<md:Description>
			<md:Description.name>Model-1-Three Nodes_SLD</md:Description.name>
			<md:Description.version>1</md:Description.version>
		</md:Description>
	</md:Model.Version>
	<md:Model.ModelingAuthoritySet>
		<md:Description>
		</md:Description>
	</md:Model.ModelingAuthoritySet>
	<md:Model.Profile>
		<md:Description>
			<md:Description.version>1</md:Description.version>
		</md:Description>
	</md:Model.Profile>
	<md:Model.Creator>
		<md:Description>
			<md:Description.name>CASE 1.0</md:Description.name>
		</md:Description>
	</md:Model.Creator>
</md:FullModel>
<cim:SLD_Properties rdf:ID="_01171f64c0ec40a98a339c6ea32bece7">
	<cim:SLD_Properties.NodeDisplayOption>0</cim:SLD_Properties.NodeDisplayOption>
	<cim:SLD_Properties.ShowElementsLoad>1</cim:SLD_Properties.ShowElementsLoad>
</cim:SLD_Properties>
<cim:Scrollbar rdf:ID="_c338dd227c304505b500eff156243aeb">
	<cim:Scrollbar.VerticalPosition>12</cim:Scrollbar.VerticalPosition>
	<cim:Scrollbar.HorizontalPosition>108</cim:Scrollbar.HorizontalPosition>
	<cim:Scrollbar.HorizontalMaxPosition>2000</cim:Scrollbar.HorizontalMaxPosition>
	<cim:Scrollbar.VerticalMaxPosition>10000</cim:Scrollbar.VerticalMaxPosition>
</cim:Scrollbar>
<cim:General rdf:ID="_c18a705f05174871a3432d53093c2a98">
	<cim:General.nmb_of_drawn_nodes>3</cim:General.nmb_of_drawn_nodes>
	<cim:General.nmb_of_drawn_lines>2</cim:General.nmb_of_drawn_lines>
	<cim:General.nmb_of_drawn_transformers>1</cim:General.nmb_of_drawn_transformers>
	<cim:General.nmb_of_drawn_generators>1</cim:General.nmb_of_drawn_generators>
	<cim:General.nmb_of_drawn_loads>1</cim:General.nmb_of_drawn_loads>
	<cim:General.nmb_of_drawn_shunts>0</cim:General.nmb_of_drawn_shunts>
</cim:General>
<cim:SLD_Node rdf:ID="_050903dbdacc43f8a7d5d7d820327fde">
	<cim:SLD_Node.code>Node 1</cim:SLD_Node.code>
	<cim:SLD_Node.x_coordinate>244</cim:SLD_Node.x_coordinate>
	<cim:SLD_Node.y_coordinate>156</cim:SLD_Node.y_coordinate>
	<cim:SLD_Node.length>200</cim:SLD_Node.length>
	<cim:SLD_Node.width>4</cim:SLD_Node.width>
	<cim:SLD_Node.color>0</cim:SLD_Node.color>
	<cim:SLD_Node.number_of_element>0</cim:SLD_Node.number_of_element>
	<cim:SLD_Node.horizontal_or_vertical>0</cim:SLD_Node.horizontal_or_vertical>
	<cim:SLD_Node.ConnectionPoint>0</cim:SLD_Node.ConnectionPoint>
	<cim:SLD_Node.H_Offset>0</cim:SLD_Node.H_Offset>
	<cim:SLD_Node.V_Offset>0</cim:SLD_Node.V_Offset>
</cim:SLD_Node>
<cim:SLD_Node rdf:ID="_fb3b95d1adff4de2a1a770848d62a2f1">
	<cim:SLD_Node.code>Node 2</cim:SLD_Node.code>
	<cim:SLD_Node.x_coordinate>746</cim:SLD_Node.x_coordinate>
	<cim:SLD_Node.y_coordinate>152</cim:SLD_Node.y_coordinate>
	<cim:SLD_Node.length>300</cim:SLD_Node.length>
	<cim:SLD_Node.width>4</cim:SLD_Node.width>
	<cim:SLD_Node.color>0</cim:SLD_Node.color>
	<cim:SLD_Node.number_of_element>1</cim:SLD_Node.number_of_element>
	<cim:SLD_Node.horizontal_or_vertical>0</cim:SLD_Node.horizontal_or_vertical>
	<cim:SLD_Node.ConnectionPoint>0</cim:SLD_Node.ConnectionPoint>
	<cim:SLD_Node.H_Offset>0</cim:SLD_Node.H_Offset>
	<cim:SLD_Node.V_Offset>0</cim:SLD_Node.V_Offset>
</cim:SLD_Node>
<cim:SLD_Node rdf:ID="_54de0c5de39c4662b6768b9bbdafdd64">
	<cim:SLD_Node.code>Swing</cim:SLD_Node.code>
	<cim:SLD_Node.x_coordinate>271</cim:SLD_Node.x_coordinate>
	<cim:SLD_Node.y_coordinate>312</cim:SLD_Node.y_coordinate>
	<cim:SLD_Node.length>140</cim:SLD_Node.length>
	<cim:SLD_Node.width>4</cim:SLD_Node.width>
	<cim:SLD_Node.color>16711680</cim:SLD_Node.color>
	<cim:SLD_Node.number_of_element>2</cim:SLD_Node.number_of_element>
	<cim:SLD_Node.horizontal_or_vertical>0</cim:SLD_Node.horizontal_or_vertical>
	<cim:SLD_Node.ConnectionPoint>0</cim:SLD_Node.ConnectionPoint>
	<cim:SLD_Node.H_Offset>0</cim:SLD_Node.H_Offset>
	<cim:SLD_Node.V_Offset>0</cim:SLD_Node.V_Offset>
</cim:SLD_Node>
<cim:SLD_Line rdf:ID="_14c694d12c0b4528b3499d174b7c1123">
	<cim:SLD_Line.nmb_of_knees>6</cim:SLD_Line.nmb_of_knees>
	<cim:SLD_Line.knee_coordinate.x>292</cim:SLD_Line.knee_coordinate.x>
	<cim:SLD_Line.knee_coordinate.y>158</cim:SLD_Line.knee_coordinate.y>
	<cim:SLD_Line.knee_coordinate.x>292</cim:SLD_Line.knee_coordinate.x>
	<cim:SLD_Line.knee_coordinate.y>118</cim:SLD_Line.knee_coordinate.y>
	<cim:SLD_Line.knee_coordinate.x>377</cim:SLD_Line.knee_coordinate.x>
	<cim:SLD_Line.knee_coordinate.y>18</cim:SLD_Line.knee_coordinate.y>
	<cim:SLD_Line.knee_coordinate.x>803</cim:SLD_Line.knee_coordinate.x>
	<cim:SLD_Line.knee_coordinate.y>19</cim:SLD_Line.knee_coordinate.y>
	<cim:SLD_Line.knee_coordinate.x>900</cim:SLD_Line.knee_coordinate.x>
	<cim:SLD_Line.knee_coordinate.y>114</cim:SLD_Line.knee_coordinate.y>
	<cim:SLD_Line.knee_coordinate.x>900</cim:SLD_Line.knee_coordinate.x>
	<cim:SLD_Line.knee_coordinate.y>154</cim:SLD_Line.knee_coordinate.y>
	<cim:SLD_Line.type>0</cim:SLD_Line.type>
	<cim:SLD_Line.color>0</cim:SLD_Line.color>
	<cim:SLD_Line.width>4</cim:SLD_Line.width>
	<cim:SLD_Line.tertiary_wndg_connection>0</cim:SLD_Line.tertiary_wndg_connection>
	<cim:SLD_Line.tran_nmb>-1</cim:SLD_Line.tran_nmb>
	<cim:SLD_Line.First_CB>1</cim:SLD_Line.First_CB>
	<cim:SLD_Line.Second_CB>1</cim:SLD_Line.Second_CB>
	<cim:SLD_Line.H1_Offset>0</cim:SLD_Line.H1_Offset>
	<cim:SLD_Line.V1_Offset>0</cim:SLD_Line.V1_Offset>
	<cim:SLD_Line.H2_Offset>0</cim:SLD_Line.H2_Offset>
	<cim:SLD_Line.V2_Offset>0</cim:SLD_Line.V2_Offset>
	<cim:SLD_Line.NodeCode1>Node 1</cim:SLD_Line.NodeCode1>
	<cim:SLD_Line.NodeCode2>Node 2</cim:SLD_Line.NodeCode2>
	<cim:SLD_Line.ParIndex>1</cim:SLD_Line.ParIndex>
	<cim:SLD_Line.number>0</cim:SLD_Line.number>
	<cim:SLD_Line.Node1 rdf:resource="#_050903dbdacc43f8a7d5d7d820327fde"/>
	<cim:SLD_Line.Node2 rdf:resource="#_fb3b95d1adff4de2a1a770848d62a2f1"/>
</cim:SLD_Line>
<cim:SLD_Line rdf:ID="_47b10da279b04bf6afff6d7e4e5659f9">
	<cim:SLD_Line.nmb_of_knees>6</cim:SLD_Line.nmb_of_knees>
	<cim:SLD_Line.knee_coordinate.x>382</cim:SLD_Line.knee_coordinate.x>
	<cim:SLD_Line.knee_coordinate.y>158</cim:SLD_Line.knee_coordinate.y>
	<cim:SLD_Line.knee_coordinate.x>382</cim:SLD_Line.knee_coordinate.x>
	<cim:SLD_Line.knee_coordinate.y>118</cim:SLD_Line.knee_coordinate.y>
	<cim:SLD_Line.knee_coordinate.x>444</cim:SLD_Line.knee_coordinate.x>
	<cim:SLD_Line.knee_coordinate.y>61</cim:SLD_Line.knee_coordinate.y>
	<cim:SLD_Line.knee_coordinate.x>744</cim:SLD_Line.knee_coordinate.x>
	<cim:SLD_Line.knee_coordinate.y>63</cim:SLD_Line.knee_coordinate.y>
	<cim:SLD_Line.knee_coordinate.x>788</cim:SLD_Line.knee_coordinate.x>
	<cim:SLD_Line.knee_coordinate.y>114</cim:SLD_Line.knee_coordinate.y>
	<cim:SLD_Line.knee_coordinate.x>788</cim:SLD_Line.knee_coordinate.x>
	<cim:SLD_Line.knee_coordinate.y>154</cim:SLD_Line.knee_coordinate.y>
	<cim:SLD_Line.type>0</cim:SLD_Line.type>
	<cim:SLD_Line.color>0</cim:SLD_Line.color>
	<cim:SLD_Line.width>4</cim:SLD_Line.width>
	<cim:SLD_Line.tertiary_wndg_connection>0</cim:SLD_Line.tertiary_wndg_connection>
	<cim:SLD_Line.tran_nmb>-1</cim:SLD_Line.tran_nmb>
	<cim:SLD_Line.First_CB>1</cim:SLD_Line.First_CB>
	<cim:SLD_Line.Second_CB>1</cim:SLD_Line.Second_CB>
	<cim:SLD_Line.H1_Offset>0</cim:SLD_Line.H1_Offset>
	<cim:SLD_Line.V1_Offset>0</cim:SLD_Line.V1_Offset>
	<cim:SLD_Line.H2_Offset>0</cim:SLD_Line.H2_Offset>
	<cim:SLD_Line.V2_Offset>0</cim:SLD_Line.V2_Offset>
	<cim:SLD_Line.NodeCode1>Node 1</cim:SLD_Line.NodeCode1>
	<cim:SLD_Line.NodeCode2>Node 2</cim:SLD_Line.NodeCode2>
	<cim:SLD_Line.ParIndex>2</cim:SLD_Line.ParIndex>
	<cim:SLD_Line.number>1</cim:SLD_Line.number>
	<cim:SLD_Line.Node1 rdf:resource="#_050903dbdacc43f8a7d5d7d820327fde"/>
	<cim:SLD_Line.Node2 rdf:resource="#_fb3b95d1adff4de2a1a770848d62a2f1"/>
</cim:SLD_Line>
<cim:SLD_Tran rdf:ID="_745c34aec46e4b6caf65091e372fcf12">
	<cim:SLD_Tran.knee_coordinate.x>328</cim:SLD_Tran.knee_coordinate.x>
	<cim:SLD_Tran.knee_coordinate.y>158</cim:SLD_Tran.knee_coordinate.y>
	<cim:SLD_Tran.knee_coordinate.x>328</cim:SLD_Tran.knee_coordinate.x>
	<cim:SLD_Tran.knee_coordinate.y>188</cim:SLD_Tran.knee_coordinate.y>
	<cim:SLD_Tran.knee_coordinate.x>328</cim:SLD_Tran.knee_coordinate.x>
	<cim:SLD_Tran.knee_coordinate.y>284</cim:SLD_Tran.knee_coordinate.y>
	<cim:SLD_Tran.knee_coordinate.x>328</cim:SLD_Tran.knee_coordinate.x>
	<cim:SLD_Tran.knee_coordinate.y>314</cim:SLD_Tran.knee_coordinate.y>
	<cim:SLD_Tran_three_wndg_tran>0</cim:SLD_Tran_three_wndg_tran>
	<cim:SLD_Tran_primary_wndg.color>0</cim:SLD_Tran_primary_wndg.color>
	<cim:SLD_Tran_primary_wndg.width>4</cim:SLD_Tran_primary_wndg.width>
	<cim:SLD_Tran_secondary_wndg.color>16711680</cim:SLD_Tran_secondary_wndg.color>
	<cim:SLD_Tran_secondary_wndg.width>4</cim:SLD_Tran_secondary_wndg.width>
	<cim:SLD_Tran.First_CB>1</cim:SLD_Tran.First_CB>
	<cim:SLD_Tran.Second_CB>1</cim:SLD_Tran.Second_CB>
	<cim:SLD_Tran.NodeCode1>Node 1</cim:SLD_Tran.NodeCode1>
	<cim:SLD_Tran.NodeCode2>Swing</cim:SLD_Tran.NodeCode2>
	<cim:SLD_Tran.ParIndex>1</cim:SLD_Tran.ParIndex>
	<cim:SLD_Tran.Number>0</cim:SLD_Tran.Number>
	<cim:SLD_Tran.CircleDiameter>40</cim:SLD_Tran.CircleDiameter>
	<cim:SLD_Tran.H1_Offset>0</cim:SLD_Tran.H1_Offset>
	<cim:SLD_Tran.V1_Offset>-10</cim:SLD_Tran.V1_Offset>
	<cim:SLD_Tran.H2_Offset>0</cim:SLD_Tran.H2_Offset>
	<cim:SLD_Tran.V2_Offset>10</cim:SLD_Tran.V2_Offset>
	<cim:SLD_Tran.H3_Offset>0</cim:SLD_Tran.H3_Offset>
	<cim:SLD_Tran.V3_Offset>0</cim:SLD_Tran.V3_Offset>
</cim:SLD_Tran>
<cim:SLD_Generator rdf:ID="_aa201720569643a98cce25cc494f5b5c">
	<cim:SLD_Generator.x_coordinate>342</cim:SLD_Generator.x_coordinate>
	<cim:SLD_Generator.y_coordinate>352</cim:SLD_Generator.y_coordinate>
	<cim:SLD_Generator.radius>20</cim:SLD_Generator.radius>
	<cim:SLD_Generator.width>1</cim:SLD_Generator.width>
	<cim:SLD_Generator.color>65535</cim:SLD_Generator.color>
	<cim:SLD_Generator.border_color>0</cim:SLD_Generator.border_color>
	<cim:SLD_Generator.number_of_element>0</cim:SLD_Generator.number_of_element>
	<cim:SLD_Generator.number_of_node>2</cim:SLD_Generator.number_of_node>
	<cim:SLD_Generator.already_drawn>1</cim:SLD_Generator.already_drawn>
	<cim:SLD_Generator.CB>1</cim:SLD_Generator.CB>
</cim:SLD_Generator>
<cim:SLD_Load rdf:ID="_8bae1129eb1b4d6387e1fa020d7384f3">
	<cim:SLD_Load.x_coordinate>854</cim:SLD_Load.x_coordinate>
	<cim:SLD_Load.y_coordinate>192</cim:SLD_Load.y_coordinate>
	<cim:SLD_Load.triangle_side>30</cim:SLD_Load.triangle_side>
	<cim:SLD_Load.width>1</cim:SLD_Load.width>
	<cim:SLD_Load.color>255</cim:SLD_Load.color>
	<cim:SLD_Load.border_color>0</cim:SLD_Load.border_color>
	<cim:SLD_Load.number_of_element>0</cim:SLD_Load.number_of_element>
	<cim:SLD_Load.number_of_node>1</cim:SLD_Load.number_of_node>
	<cim:SLD_Load.already_drawn>1</cim:SLD_Load.already_drawn>
	<cim:SLD_Load.CB>1</cim:SLD_Load.CB>
</cim:SLD_Load>
<cim:SystemFrequency rdf:ID="_d0e7737129de47a1adc0322ef7ff6696">
	<cim:SystemFrequency.Color>0</cim:SystemFrequency.Color>
	<cim:SystemFrequency.Thickness>1</cim:SystemFrequency.Thickness>
	<cim:SystemFrequency.Range>2.000000</cim:SystemFrequency.Range>
</cim:SystemFrequency>
<cim:DrawGraph rdf:ID="_f3bf8fb87e854d8d9b456b3c0765bfe2">
	<cim:DrawGraph.window_title>Graphs-1</cim:DrawGraph.window_title>
	<cim:DrawGraph.nmb_of_graphs>0</cim:DrawGraph.nmb_of_graphs>
	<cim:DrawGraph.nmb_of_items>1204</cim:DrawGraph.nmb_of_items>
	<cim:DrawGraph.TimeGraph.nmb_of_quantities>1</cim:DrawGraph.TimeGraph.nmb_of_quantities>
	<cim:DrawGraph.TimeGraph.Y_scale_ratio>0.833333</cim:DrawGraph.TimeGraph.Y_scale_ratio>
	<cim:DrawGraph.TimeGraph.BasePower>100.000000</cim:DrawGraph.TimeGraph.BasePower>
	<cim:DrawGraph.TimeGraph.DisplayCurrentAbsoluteValue>0</cim:DrawGraph.TimeGraph.DisplayCurrentAbsoluteValue>
	<cim:DrawGraph.TimeGraph.Quantity>0</cim:DrawGraph.TimeGraph.Quantity>
	<cim:DrawGraph.TimeGraph.ElementType>1</cim:DrawGraph.TimeGraph.ElementType>
	<cim:DrawGraph.TimeGraph.ElementNumber>1</cim:DrawGraph.TimeGraph.ElementNumber>
	<cim:DrawGraph.TimeGraph.ElementUniqueNumber>1</cim:DrawGraph.TimeGraph.ElementUniqueNumber>
	<cim:DrawGraph.TimeGraph.Color>0</cim:DrawGraph.TimeGraph.Color>
	<cim:DrawGraph.TimeGraph.Thickness>2</cim:DrawGraph.TimeGraph.Thickness>
	<cim:DrawGraph.TimeGraph.FixNamePosition>0</cim:DrawGraph.TimeGraph.FixNamePosition>
	<cim:DrawGraph.TimeGraph.QuantityPhase>0</cim:DrawGraph.TimeGraph.QuantityPhase>
</cim:DrawGraph>
<cim:DrawGraph rdf:ID="_c3cf6c9d61ae4af08f4354275eaaa268">
	<cim:DrawGraph.window_title>Graphs-2</cim:DrawGraph.window_title>
	<cim:DrawGraph.nmb_of_graphs>0</cim:DrawGraph.nmb_of_graphs>
	<cim:DrawGraph.nmb_of_items>0</cim:DrawGraph.nmb_of_items>
	<cim:DrawGraph.TimeGraph.nmb_of_quantities>0</cim:DrawGraph.TimeGraph.nmb_of_quantities>
	<cim:DrawGraph.TimeGraph.Y_scale_ratio>1.000000</cim:DrawGraph.TimeGraph.Y_scale_ratio>
	<cim:DrawGraph.TimeGraph.BasePower>100.000000</cim:DrawGraph.TimeGraph.BasePower>
	<cim:DrawGraph.TimeGraph.DisplayCurrentAbsoluteValue>0</cim:DrawGraph.TimeGraph.DisplayCurrentAbsoluteValue>
</cim:DrawGraph>
<cim:DrawGraph rdf:ID="_ecad6418224a4d75b0d85b3ee0460046">
	<cim:DrawGraph.window_title>Graphs-3</cim:DrawGraph.window_title>
	<cim:DrawGraph.nmb_of_graphs>0</cim:DrawGraph.nmb_of_graphs>
	<cim:DrawGraph.nmb_of_items>0</cim:DrawGraph.nmb_of_items>
	<cim:DrawGraph.TimeGraph.nmb_of_quantities>0</cim:DrawGraph.TimeGraph.nmb_of_quantities>
	<cim:DrawGraph.TimeGraph.Y_scale_ratio>1.000000</cim:DrawGraph.TimeGraph.Y_scale_ratio>
	<cim:DrawGraph.TimeGraph.BasePower>100.000000</cim:DrawGraph.TimeGraph.BasePower>
	<cim:DrawGraph.TimeGraph.DisplayCurrentAbsoluteValue>0</cim:DrawGraph.TimeGraph.DisplayCurrentAbsoluteValue>
</cim:DrawGraph>
<cim:TransientStability rdf:ID="_f6b66c9585d1408ab6f9c720a0e4b8c6">
	<cim:TransientStability.PowerSystemEventsNumber>2</cim:TransientStability.PowerSystemEventsNumber>
	<cim:TransientStability.Time_Step_RMS>0.005000</cim:TransientStability.Time_Step_RMS>
	<cim:TransientStability.Simulation_End_Time>6.000000</cim:TransientStability.Simulation_End_Time>
	<cim:TransientStability.KronMatrixItemThreshold>2.00e-07</cim:TransientStability.KronMatrixItemThreshold>
	<cim:TransientStability.Time_Integration_Method>2</cim:TransientStability.Time_Integration_Method>
	<cim:TransientStability.DrawingStep>10</cim:TransientStability.DrawingStep>
	<cim:TransientStability.SystemFrequencyThreshold>0.01</cim:TransientStability.SystemFrequencyThreshold>
	<cim:TransientStability.RotorSpeedThreshold>0.10</cim:TransientStability.RotorSpeedThreshold>
	<cim:TransientStability.Calculate_SF_Deviation>1</cim:TransientStability.Calculate_SF_Deviation>
</cim:TransientStability>
<cim:PowerSystemEvent rdf:ID="_427023b0808f4128a860488d1959b59c">
	<cim:PowerSystemEvent.EventType>0</cim:PowerSystemEvent.EventType>
	<cim:PowerSystemEvent.ElementNumber>1</cim:PowerSystemEvent.ElementNumber>
	<cim:PowerSystemEvent.ElementType>1</cim:PowerSystemEvent.ElementType>
	<cim:PowerSystemEvent.Distance>53.599998</cim:PowerSystemEvent.Distance>
	<cim:PowerSystemEvent.Time>0.500000</cim:PowerSystemEvent.Time>
	<cim:PowerSystemEvent.InService>1</cim:PowerSystemEvent.InService>
	<cim:PowerSystemEvent.IsDrawn>1</cim:PowerSystemEvent.IsDrawn>
	<cim:PowerSystemEvent.x_coordinate>601</cim:PowerSystemEvent.x_coordinate>
	<cim:PowerSystemEvent.y_coordinate>62</cim:PowerSystemEvent.y_coordinate>
	<cim:PowerSystemEvent.SC_Impedance_Re>0.000000</cim:PowerSystemEvent.SC_Impedance_Re>
	<cim:PowerSystemEvent.SC_Impedance_Im>0.000000</cim:PowerSystemEvent.SC_Impedance_Im>
	<cim:PowerSystemEvent.AutoReclosingInService>0</cim:PowerSystemEvent.AutoReclosingInService>
	<cim:PowerSystemEvent.AutoReclosingTime>0.000000</cim:PowerSystemEvent.AutoReclosingTime>
	<cim:PowerSystemEvent.UnsuccessfulARC>0</cim:PowerSystemEvent.UnsuccessfulARC>
	<cim:PowerSystemEvent.AutoReopeningTime>0.000000</cim:PowerSystemEvent.AutoReopeningTime>
</cim:PowerSystemEvent>
<cim:PowerSystemEvent rdf:ID="_33bbc8cf39914b2880ca66239bed04f1">
	<cim:PowerSystemEvent.EventType>4</cim:PowerSystemEvent.EventType>
	<cim:PowerSystemEvent.ElementNumber>0</cim:PowerSystemEvent.ElementNumber>
	<cim:PowerSystemEvent.ElementType>1</cim:PowerSystemEvent.ElementType>
	<cim:PowerSystemEvent.Distance>53.599998</cim:PowerSystemEvent.Distance>
	<cim:PowerSystemEvent.Time>0.650000</cim:PowerSystemEvent.Time>
	<cim:PowerSystemEvent.InService>1</cim:PowerSystemEvent.InService>
	<cim:PowerSystemEvent.IsDrawn>1</cim:PowerSystemEvent.IsDrawn>
	<cim:PowerSystemEvent.x_coordinate>601</cim:PowerSystemEvent.x_coordinate>
	<cim:PowerSystemEvent.y_coordinate>82</cim:PowerSystemEvent.y_coordinate>
	<cim:PowerSystemEvent.SC_Impedance_Re>0.000000</cim:PowerSystemEvent.SC_Impedance_Re>
	<cim:PowerSystemEvent.SC_Impedance_Im>0.000000</cim:PowerSystemEvent.SC_Impedance_Im>
	<cim:PowerSystemEvent.AutoReclosingInService>0</cim:PowerSystemEvent.AutoReclosingInService>
	<cim:PowerSystemEvent.AutoReclosingTime>0.000000</cim:PowerSystemEvent.AutoReclosingTime>
	<cim:PowerSystemEvent.UnsuccessfulARC>0</cim:PowerSystemEvent.UnsuccessfulARC>
	<cim:PowerSystemEvent.AutoReopeningTime>0.000000</cim:PowerSystemEvent.AutoReopeningTime>
</cim:PowerSystemEvent>
</rdf:RDF>