<?xml version="1.0" encoding="UTF-8"?>
<rdf:RDF xmlns:rdf="http://www.w3.org/1999/02/22-rdf-syntax-ns#" xmlns:cim="http://iec.ch/TC57/2009/CIM-schema-cim14#">
<md:FullModel xmlns:md="http://www.casepowersoftware.com/2020/Model-1-Three Nodes_TP/1">
	<md:Model.created>2025-10-26-21</md:Model.created>
	<md:Model.Version>
		<md:Description>
			<md:Description.name>Model-1-Three Nodes_TP</md:Description.name>
			<md:Description.version>1</md:Description.version>
		</md:Description>
	</md:Model.Version>
	<md:Model.ModelingAuthoritySet>
		<md:Description>
			<md:Description.name>Model-1-Three Nodes</md:Description.name>
		</md:Description>
	</md:Model.ModelingAuthoritySet>
	<md:Model.Profile>
		<md:Description>
			<md:Description.uri>http://iec.ch/TC57/61970-452/Topology/1</md:Description.uri>
			<md:Description.name>IEC61970-452-Topology_Model</md:Description.name>
			<md:Description.version>1</md:Description.version>
		</md:Description>
	</md:Model.Profile>
	<md:Model.Creator>
		<md:Description>
			<md:Description.name>CASE 1.0</md:Description.name>
		</md:Description>
	</md:Model.Creator>
</md:FullModel>
<cim:TopologicalNode rdf:ID="_bec6e3f4393a431099eb2159310e9e8d">
	<cim:Node.UniqueNumber>0</cim:Node.UniqueNumber>
	<cim:IdentifiedObject.name>Node 1 - 110 kV</cim:IdentifiedObject.name>
	<cim:IdentifiedObject.description>Node 1 - 110 kV</cim:IdentifiedObject.description>
	<cim:TopologicalNode.equivalent>FALSE</cim:TopologicalNode.equivalent>
	<cim:TopologicalNodeSubstation.name></cim:TopologicalNodeSubstation.name>
	<cim:TopologicalNode.NodeCode>Node 1</cim:TopologicalNode.NodeCode>
	<cim:TopologicalNode.BaseVoltage rdf:resource="#_b68643d2afe84f5c99527a46cc2e409d"/>
	<cim:TopologicalNode.ConnectivityNodeContainer rdf:resource="#_2277551ae2454782ad35db662c084489"/>
	<cim:TopologicalNode.TopologicalIsland rdf:resource="#_aef6417a8544459e832e3a0879381c72"/>
</cim:TopologicalNode>
<cim:TopologicalNode rdf:ID="_2a6fbe9a730d4fe097553cdd1b200985">
	<cim:Node.UniqueNumber>1</cim:Node.UniqueNumber>
	<cim:IdentifiedObject.name>Node 2 - 110 kV</cim:IdentifiedObject.name>
	<cim:IdentifiedObject.description>Node 2 - 110 kV</cim:IdentifiedObject.description>
	<cim:TopologicalNode.equivalent>FALSE</cim:TopologicalNode.equivalent>
	<cim:TopologicalNodeSubstation.name></cim:TopologicalNodeSubstation.name>
	<cim:TopologicalNode.NodeCode>Node 2</cim:TopologicalNode.NodeCode>
	<cim:TopologicalNode.BaseVoltage rdf:resource="#_b68643d2afe84f5c99527a46cc2e409d"/>
	<cim:TopologicalNode.ConnectivityNodeContainer rdf:resource="#_9891b2c73cd848a28748068ad37213a2"/>
	<cim:TopologicalNode.TopologicalIsland rdf:resource="#_aef6417a8544459e832e3a0879381c72"/>
</cim:TopologicalNode>
<cim:TopologicalNode rdf:ID="_fb9f262a37bd4ab8bc056820c00ebab8">
	<cim:Node.UniqueNumber>2</cim:Node.UniqueNumber>
	<cim:IdentifiedObject.name>Swing</cim:IdentifiedObject.name>
	<cim:IdentifiedObject.description>Swing</cim:IdentifiedObject.description>
	<cim:TopologicalNode.equivalent>FALSE</cim:TopologicalNode.equivalent>
	<cim:TopologicalNodeSubstation.name></cim:TopologicalNodeSubstation.name>
	<cim:TopologicalNode.NodeCode>Swing</cim:TopologicalNode.NodeCode>
	<cim:TopologicalNode.BaseVoltage rdf:resource="#_a300f956e1df436b8f67d524633f8a05"/>
	<cim:TopologicalNode.ConnectivityNodeContainer rdf:resource="#_8d992ed6a5a14255890c2a3274e85b7a"/>
	<cim:TopologicalNode.TopologicalIsland rdf:resource="#_aef6417a8544459e832e3a0879381c72"/>
</cim:TopologicalNode>
<cim:Terminal rdf:about="#_97be17b7c5564927a06d6797fd10c966">
	<cim:Terminal.TopologicalNode rdf:resource="#_bec6e3f4393a431099eb2159310e9e8d"/>
	<cim:Terminal.connected>TRUE</cim:Terminal.connected>
</cim:Terminal>
<cim:Terminal rdf:about="#_c06c9c82ae63475ebffe947ffcc238fc">
	<cim:Terminal.TopologicalNode rdf:resource="#_2a6fbe9a730d4fe097553cdd1b200985"/>
	<cim:Terminal.connected>TRUE</cim:Terminal.connected>
</cim:Terminal>
<cim:Terminal rdf:about="#_b3d4ebf1313f400da3e11f65420282ff">
	<cim:Terminal.TopologicalNode rdf:resource="#_bec6e3f4393a431099eb2159310e9e8d"/>
	<cim:Terminal.connected>TRUE</cim:Terminal.connected>
</cim:Terminal>
<cim:Terminal rdf:about="#_584d876439aa430093c2acd3b18d9e04">
	<cim:Terminal.TopologicalNode rdf:resource="#_2a6fbe9a730d4fe097553cdd1b200985"/>
	<cim:Terminal.connected>TRUE</cim:Terminal.connected>
</cim:Terminal>
<cim:Terminal rdf:about="#_35a078e8fe2a4aeca67dee2a45529772">
	<cim:Terminal.connected>TRUE</cim:Terminal.connected>
	<cim:Terminal.TopologicalNode rdf:resource="#_2a6fbe9a730d4fe097553cdd1b200985"/>
</cim:Terminal>
<cim:Terminal rdf:about="#_72a9c6d2ba4346358385bdb68ddc7bfc">
	<cim:Terminal.connected>TRUE</cim:Terminal.connected>
	<cim:Terminal.TopologicalNode rdf:resource="#_bec6e3f4393a431099eb2159310e9e8d"/>
</cim:Terminal>
<cim:Terminal rdf:about="#_eb21173d69904eb9946e78f8425e2035">
	<cim:Terminal.connected>TRUE</cim:Terminal.connected>
	<cim:Terminal.TopologicalNode rdf:resource="#_fb9f262a37bd4ab8bc056820c00ebab8"/>
</cim:Terminal>
<cim:Terminal rdf:about="#_5eaaedfb2af944f7973434242a164093">
	<cim:Terminal.TopologicalNode rdf:resource="#_fb9f262a37bd4ab8bc056820c00ebab8"/>
	<cim:Terminal.connected>TRUE</cim:Terminal.connected>
</cim:Terminal>
</rdf:RDF>