<?xml version="1.0" encoding="UTF-8"?>
<rdf:RDF xmlns:rdf="http://www.w3.org/1999/02/22-rdf-syntax-ns#" xmlns:cim="http://iec.ch/TC57/2009/CIM-schema-cim14#">
<md:FullModel xmlns:md="http://www.casepowersoftware.com/2020/Five Node_TP/1">
	<md:Model.created>2025-11-13-9</md:Model.created>
	<md:Model.Version>
		<md:Description>
			<md:Description.name>Five Node_TP</md:Description.name>
			<md:Description.version>1</md:Description.version>
		</md:Description>
	</md:Model.Version>
	<md:Model.ModelingAuthoritySet>
		<md:Description>
			<md:Description.name>Five Node</md:Description.name>
		</md:Description>
	</md:Model.ModelingAuthoritySet>
	<md:Model.Profile>
		<md:Description>
			<md:Description.uri>http://iec.ch/TC57/61970-452/Topology/1</md:Description.uri>
			<md:Description.name>IEC61970-452-Topology_Model</md:Description.name>
			<md:Description.version>1</md:Description.version>
		</md:Description>
	</md:Model.Profile>
	<md:Model.Creator>
		<md:Description>
			<md:Description.name>CASE 1.0</md:Description.name>
		</md:Description>
	</md:Model.Creator>
</md:FullModel>
<cim:TopologicalNode rdf:ID="_b1e5f3a5e3bb4a829cb1f4717280bf56">
	<cim:Node.UniqueNumber>0</cim:Node.UniqueNumber>
	<cim:IdentifiedObject.name>Node 1 - 110 kV</cim:IdentifiedObject.name>
	<cim:IdentifiedObject.description>Node 1 - 110 kV</cim:IdentifiedObject.description>
	<cim:TopologicalNode.equivalent>FALSE</cim:TopologicalNode.equivalent>
	<cim:TopologicalNodeSubstation.name></cim:TopologicalNodeSubstation.name>
	<cim:TopologicalNode.NodeCode>Node 1</cim:TopologicalNode.NodeCode>
	<cim:TopologicalNode.BaseVoltage rdf:resource="#_74c90fe8b1e74caab34671f301aa1d90"/>
	<cim:TopologicalNode.ConnectivityNodeContainer rdf:resource="#_f91f387c7b6647d7b64b3ceb7182493f"/>
	<cim:TopologicalNode.TopologicalIsland rdf:resource="#_9cba5f92355c4d93b393ca74151f1984"/>
</cim:TopologicalNode>
<cim:TopologicalNode rdf:ID="_017b3f042db04d678c8a5e33f554ba48">
	<cim:Node.UniqueNumber>1</cim:Node.UniqueNumber>
	<cim:IdentifiedObject.name>Node 2 - 110 kV</cim:IdentifiedObject.name>
	<cim:IdentifiedObject.description>Node 2 - 110 kV</cim:IdentifiedObject.description>
	<cim:TopologicalNode.equivalent>FALSE</cim:TopologicalNode.equivalent>
	<cim:TopologicalNodeSubstation.name></cim:TopologicalNodeSubstation.name>
	<cim:TopologicalNode.NodeCode>Node 2</cim:TopologicalNode.NodeCode>
	<cim:TopologicalNode.BaseVoltage rdf:resource="#_74c90fe8b1e74caab34671f301aa1d90"/>
	<cim:TopologicalNode.ConnectivityNodeContainer rdf:resource="#_323bce9fbe99473f8ef9fab0d501d25c"/>
	<cim:TopologicalNode.TopologicalIsland rdf:resource="#_9cba5f92355c4d93b393ca74151f1984"/>
</cim:TopologicalNode>
<cim:TopologicalNode rdf:ID="_4d058c5c907846e9a9ba397367f13ba8">
	<cim:Node.UniqueNumber>2</cim:Node.UniqueNumber>
	<cim:IdentifiedObject.name>Swing</cim:IdentifiedObject.name>
	<cim:IdentifiedObject.description>Swing</cim:IdentifiedObject.description>
	<cim:TopologicalNode.equivalent>FALSE</cim:TopologicalNode.equivalent>
	<cim:TopologicalNodeSubstation.name></cim:TopologicalNodeSubstation.name>
	<cim:TopologicalNode.NodeCode>Swing</cim:TopologicalNode.NodeCode>
	<cim:TopologicalNode.BaseVoltage rdf:resource="#_2bbf3404663340c99bea0dc49458b0d9"/>
	<cim:TopologicalNode.ConnectivityNodeContainer rdf:resource="#_fe2ee8d634604830928797d41ac52906"/>
	<cim:TopologicalNode.TopologicalIsland rdf:resource="#_9cba5f92355c4d93b393ca74151f1984"/>
</cim:TopologicalNode>
<cim:TopologicalNode rdf:ID="_d5c54bd1fce342d8a519f9d2182168c3">
	<cim:Node.UniqueNumber>3</cim:Node.UniqueNumber>
	<cim:IdentifiedObject.name>Node 3</cim:IdentifiedObject.name>
	<cim:IdentifiedObject.description>Node 3</cim:IdentifiedObject.description>
	<cim:TopologicalNode.equivalent>FALSE</cim:TopologicalNode.equivalent>
	<cim:TopologicalNodeSubstation.name></cim:TopologicalNodeSubstation.name>
	<cim:TopologicalNode.NodeCode>Node 3</cim:TopologicalNode.NodeCode>
	<cim:TopologicalNode.BaseVoltage rdf:resource="#_74c90fe8b1e74caab34671f301aa1d90"/>
	<cim:TopologicalNode.ConnectivityNodeContainer rdf:resource="#_cd0708a9f21644c481ddcf802df1052f"/>
	<cim:TopologicalNode.TopologicalIsland rdf:resource="#_9cba5f92355c4d93b393ca74151f1984"/>
</cim:TopologicalNode>
<cim:TopologicalNode rdf:ID="_232a8d7a982448839f1c688d07ccae93">
	<cim:Node.UniqueNumber>4</cim:Node.UniqueNumber>
	<cim:IdentifiedObject.name>Gen 1</cim:IdentifiedObject.name>
	<cim:IdentifiedObject.description>Gen 1</cim:IdentifiedObject.description>
	<cim:TopologicalNode.equivalent>FALSE</cim:TopologicalNode.equivalent>
	<cim:TopologicalNodeSubstation.name></cim:TopologicalNodeSubstation.name>
	<cim:TopologicalNode.NodeCode>Gen 1</cim:TopologicalNode.NodeCode>
	<cim:TopologicalNode.BaseVoltage rdf:resource="#_2bbf3404663340c99bea0dc49458b0d9"/>
	<cim:TopologicalNode.ConnectivityNodeContainer rdf:resource="#_bf9ee237061a43fbb3f100a3c0378ed8"/>
	<cim:TopologicalNode.TopologicalIsland rdf:resource="#_9cba5f92355c4d93b393ca74151f1984"/>
</cim:TopologicalNode>
<cim:Terminal rdf:about="#_e5ddaf7c8353460c9680394b99d9b9be">
	<cim:Terminal.TopologicalNode rdf:resource="#_b1e5f3a5e3bb4a829cb1f4717280bf56"/>
	<cim:Terminal.connected>TRUE</cim:Terminal.connected>
</cim:Terminal>
<cim:Terminal rdf:about="#_c9eea992a1ed4499bd7951cf49f5202b">
	<cim:Terminal.TopologicalNode rdf:resource="#_017b3f042db04d678c8a5e33f554ba48"/>
	<cim:Terminal.connected>TRUE</cim:Terminal.connected>
</cim:Terminal>
<cim:Terminal rdf:about="#_aa02d405f97b4b959f051a1fc736e815">
	<cim:Terminal.TopologicalNode rdf:resource="#_b1e5f3a5e3bb4a829cb1f4717280bf56"/>
	<cim:Terminal.connected>TRUE</cim:Terminal.connected>
</cim:Terminal>
<cim:Terminal rdf:about="#_f7e94c9120fb4dbbaab35023fc7fb6ba">
	<cim:Terminal.TopologicalNode rdf:resource="#_017b3f042db04d678c8a5e33f554ba48"/>
	<cim:Terminal.connected>TRUE</cim:Terminal.connected>
</cim:Terminal>
<cim:Terminal rdf:about="#_be9737d505e740a8beb5ec3470e9d6de">
	<cim:Terminal.TopologicalNode rdf:resource="#_d5c54bd1fce342d8a519f9d2182168c3"/>
	<cim:Terminal.connected>TRUE</cim:Terminal.connected>
</cim:Terminal>
<cim:Terminal rdf:about="#_ac820bf08f8143b9afb7fe5fd01ea9e8">
	<cim:Terminal.TopologicalNode rdf:resource="#_017b3f042db04d678c8a5e33f554ba48"/>
	<cim:Terminal.connected>TRUE</cim:Terminal.connected>
</cim:Terminal>
<cim:Terminal rdf:about="#_dc5732c93cd74e70839e192776edf4ef">
	<cim:Terminal.connected>TRUE</cim:Terminal.connected>
	<cim:Terminal.TopologicalNode rdf:resource="#_017b3f042db04d678c8a5e33f554ba48"/>
</cim:Terminal>
<cim:Terminal rdf:about="#_d7ab82c715fa4e2ebdb5872d7b464eb7">
	<cim:Terminal.connected>TRUE</cim:Terminal.connected>
	<cim:Terminal.TopologicalNode rdf:resource="#_b1e5f3a5e3bb4a829cb1f4717280bf56"/>
</cim:Terminal>
<cim:Terminal rdf:about="#_017a585cfc064661b1abd8e62453eabc">
	<cim:Terminal.connected>TRUE</cim:Terminal.connected>
	<cim:Terminal.TopologicalNode rdf:resource="#_4d058c5c907846e9a9ba397367f13ba8"/>
</cim:Terminal>
<cim:Terminal rdf:about="#_41883f6f146f4201a7e01e6e5aabc799">
	<cim:Terminal.connected>TRUE</cim:Terminal.connected>
	<cim:Terminal.TopologicalNode rdf:resource="#_d5c54bd1fce342d8a519f9d2182168c3"/>
</cim:Terminal>
<cim:Terminal rdf:about="#_4c1c0d8f3c4c421c9c6bc7335c8b1580">
	<cim:Terminal.connected>TRUE</cim:Terminal.connected>
	<cim:Terminal.TopologicalNode rdf:resource="#_232a8d7a982448839f1c688d07ccae93"/>
</cim:Terminal>
<cim:Terminal rdf:about="#_582a3f5738804a11a2a35ac9deadaaf3">
	<cim:Terminal.TopologicalNode rdf:resource="#_4d058c5c907846e9a9ba397367f13ba8"/>
	<cim:Terminal.connected>TRUE</cim:Terminal.connected>
</cim:Terminal>
<cim:Terminal rdf:about="#_89f8e981b09a4e5fbffcbf5fc42d2914">
	<cim:Terminal.TopologicalNode rdf:resource="#_232a8d7a982448839f1c688d07ccae93"/>
	<cim:Terminal.connected>TRUE</cim:Terminal.connected>
</cim:Terminal>
</rdf:RDF>