<?xml version="1.0" encoding="UTF-8"?>
<rdf:RDF xmlns:rdf="http://www.w3.org/1999/02/22-rdf-syntax-ns#" xmlns:cim="http://iec.ch/TC57/2009/CIM-schema-cim14#">
<md:FullModel xmlns:md="http://www.casepowersoftware.com/2020/Five Node_SV/1">
	<md:Model.created>2025-10-26-22</md:Model.created>
	<md:Model.Version>
		<md:Description>
			<md:Description.name>Five Node_SV</md:Description.name>
			<md:Description.version>1</md:Description.version>
			<md:Description.ModelComment></md:Description.ModelComment>
		</md:Description>
	</md:Model.Version>
	<md:Model.ModelingAuthoritySet>
		<md:Description>
			<md:Description.name>Five Node</md:Description.name>
		</md:Description>
	</md:Model.ModelingAuthoritySet>
	<md:Model.Profile>
		<md:Description>
			<md:Description.uri>http://iec.ch/TC57/61970-452/StateVariables/1</md:Description.uri>
			<md:Description.name>IEC61970-452-StateVariables_Model</md:Description.name>
			<md:Description.version>1</md:Description.version>
		</md:Description>
	</md:Model.Profile>
	<md:Model.Creator>
		<md:Description>
			<md:Description.name>CASE 1.0</md:Description.name>
		</md:Description>
	</md:Model.Creator>
</md:FullModel>
<cim:SvVoltage rdf:ID="_2dea60c3e313418eac4bc57bf203ab19">
	<cim:SvVoltage.v>107.7848</cim:SvVoltage.v>
	<cim:SvVoltage.angle>-4.2175</cim:SvVoltage.angle>
	<cim:SvVoltage.TopologicalNode rdf:resource="#_5bbb93b9dacf45ef9ad256a533fdd3d5"/>
</cim:SvVoltage>
<cim:SvVoltage rdf:ID="_1abb3020c3244580bf5b150053fcde3f">
	<cim:SvVoltage.v>107.5250</cim:SvVoltage.v>
	<cim:SvVoltage.angle>-4.4045</cim:SvVoltage.angle>
	<cim:SvVoltage.TopologicalNode rdf:resource="#_54907affbbc44cd9bf6ec342dc48a7c4"/>
</cim:SvVoltage>
<cim:SvVoltage rdf:ID="_3f25dd7ebb9e470baf903c1de440036a">
	<cim:SvVoltage.v>10.0000</cim:SvVoltage.v>
	<cim:SvVoltage.angle> 0.0000</cim:SvVoltage.angle>
	<cim:SvVoltage.TopologicalNode rdf:resource="#_9ef8e98a7e6f47579a064f86068bbc93"/>
</cim:SvVoltage>
<cim:SvVoltage rdf:ID="_463ea71798e94d5380d16220a022563f">
	<cim:SvVoltage.v>107.8884</cim:SvVoltage.v>
	<cim:SvVoltage.angle>-4.2421</cim:SvVoltage.angle>
	<cim:SvVoltage.TopologicalNode rdf:resource="#_f2f4c132e71e435c9b087bc5c6b06bb4"/>
</cim:SvVoltage>
<cim:SvVoltage rdf:ID="_053949c446c74378a0f3f946d48ff3a1">
	<cim:SvVoltage.v>10.0000</cim:SvVoltage.v>
	<cim:SvVoltage.angle>-2.1483</cim:SvVoltage.angle>
	<cim:SvVoltage.TopologicalNode rdf:resource="#_3a13b7a2cfce44a19c3863aa2fbb9b41"/>
</cim:SvVoltage>
<cim:SvPowerFlow rdf:ID="_e55cea94cf35437cb383e240844e09f2">
	<cim:SvPowerFlow.p>90.0000</cim:SvPowerFlow.p>
	<cim:SvPowerFlow.q>30.0000</cim:SvPowerFlow.q>
	<cim:SvPowerFlow.Terminal rdf:resource="#_b70b6d2ae9b5442ab8279ed6bdb1f80f"/>
</cim:SvPowerFlow>
<cim:SvPowerFlow rdf:ID="_43831f50e13748f99bab7f25953cdc66">
	<cim:SvPowerFlow.p>60.2074</cim:SvPowerFlow.p>
	<cim:SvPowerFlow.q>18.4917</cim:SvPowerFlow.q>
	<cim:SvPowerFlow.Terminal rdf:resource="#_f1ed867b26dd42e0aad14fb7a6ae2ef2"/>
</cim:SvPowerFlow>
<cim:SvPowerFlow rdf:ID="_26fe6d84b5444b739b27090fa6ac890e">
	<cim:SvPowerFlow.p>30.0000</cim:SvPowerFlow.p>
	<cim:SvPowerFlow.q>16.2934</cim:SvPowerFlow.q>
	<cim:SvPowerFlow.Terminal rdf:resource="#_260ec7228ce44850a3549114994113da"/>
</cim:SvPowerFlow>
</rdf:RDF>