<?xml version="1.0" encoding="UTF-8"?>
<rdf:RDF xmlns:rdf="http://www.w3.org/1999/02/22-rdf-syntax-ns#" xmlns:cim="http://iec.ch/TC57/2009/CIM-schema-cim14#">
<md:FullModel xmlns:md="http://www.casepowersoftware.com/2020/Five Node_TP/1">
	<md:Model.created>2025-10-26-22</md:Model.created>
	<md:Model.Version>
		<md:Description>
			<md:Description.name>Five Node_TP</md:Description.name>
			<md:Description.version>1</md:Description.version>
		</md:Description>
	</md:Model.Version>
	<md:Model.ModelingAuthoritySet>
		<md:Description>
			<md:Description.name>Five Node</md:Description.name>
		</md:Description>
	</md:Model.ModelingAuthoritySet>
	<md:Model.Profile>
		<md:Description>
			<md:Description.uri>http://iec.ch/TC57/61970-452/Topology/1</md:Description.uri>
			<md:Description.name>IEC61970-452-Topology_Model</md:Description.name>
			<md:Description.version>1</md:Description.version>
		</md:Description>
	</md:Model.Profile>
	<md:Model.Creator>
		<md:Description>
			<md:Description.name>CASE 1.0</md:Description.name>
		</md:Description>
	</md:Model.Creator>
</md:FullModel>
<cim:TopologicalNode rdf:ID="_5bbb93b9dacf45ef9ad256a533fdd3d5">
	<cim:Node.UniqueNumber>0</cim:Node.UniqueNumber>
	<cim:IdentifiedObject.name>Node 1 - 110 kV</cim:IdentifiedObject.name>
	<cim:IdentifiedObject.description>Node 1 - 110 kV</cim:IdentifiedObject.description>
	<cim:TopologicalNode.equivalent>FALSE</cim:TopologicalNode.equivalent>
	<cim:TopologicalNodeSubstation.name></cim:TopologicalNodeSubstation.name>
	<cim:TopologicalNode.NodeCode>Node 1</cim:TopologicalNode.NodeCode>
	<cim:TopologicalNode.BaseVoltage rdf:resource="#_f66051a8aae34ae0ad6ba5ee1735ff5b"/>
	<cim:TopologicalNode.ConnectivityNodeContainer rdf:resource="#_c13dae943b994645af4a57ff67a2be9d"/>
	<cim:TopologicalNode.TopologicalIsland rdf:resource="#_62fcad53b11c43b9814eefa819299a74"/>
</cim:TopologicalNode>
<cim:TopologicalNode rdf:ID="_54907affbbc44cd9bf6ec342dc48a7c4">
	<cim:Node.UniqueNumber>1</cim:Node.UniqueNumber>
	<cim:IdentifiedObject.name>Node 2 - 110 kV</cim:IdentifiedObject.name>
	<cim:IdentifiedObject.description>Node 2 - 110 kV</cim:IdentifiedObject.description>
	<cim:TopologicalNode.equivalent>FALSE</cim:TopologicalNode.equivalent>
	<cim:TopologicalNodeSubstation.name></cim:TopologicalNodeSubstation.name>
	<cim:TopologicalNode.NodeCode>Node 2</cim:TopologicalNode.NodeCode>
	<cim:TopologicalNode.BaseVoltage rdf:resource="#_f66051a8aae34ae0ad6ba5ee1735ff5b"/>
	<cim:TopologicalNode.ConnectivityNodeContainer rdf:resource="#_706b3844b91c490e83c2f02e0c4f1213"/>
	<cim:TopologicalNode.TopologicalIsland rdf:resource="#_62fcad53b11c43b9814eefa819299a74"/>
</cim:TopologicalNode>
<cim:TopologicalNode rdf:ID="_9ef8e98a7e6f47579a064f86068bbc93">
	<cim:Node.UniqueNumber>2</cim:Node.UniqueNumber>
	<cim:IdentifiedObject.name>Swing</cim:IdentifiedObject.name>
	<cim:IdentifiedObject.description>Swing</cim:IdentifiedObject.description>
	<cim:TopologicalNode.equivalent>FALSE</cim:TopologicalNode.equivalent>
	<cim:TopologicalNodeSubstation.name></cim:TopologicalNodeSubstation.name>
	<cim:TopologicalNode.NodeCode>Swing</cim:TopologicalNode.NodeCode>
	<cim:TopologicalNode.BaseVoltage rdf:resource="#_637d81359b4c41348718dec883250a3b"/>
	<cim:TopologicalNode.ConnectivityNodeContainer rdf:resource="#_4126bb76d8c3430f999cbab6b863f1b0"/>
	<cim:TopologicalNode.TopologicalIsland rdf:resource="#_62fcad53b11c43b9814eefa819299a74"/>
</cim:TopologicalNode>
<cim:TopologicalNode rdf:ID="_f2f4c132e71e435c9b087bc5c6b06bb4">
	<cim:Node.UniqueNumber>3</cim:Node.UniqueNumber>
	<cim:IdentifiedObject.name>Node 3</cim:IdentifiedObject.name>
	<cim:IdentifiedObject.description>Node 3</cim:IdentifiedObject.description>
	<cim:TopologicalNode.equivalent>FALSE</cim:TopologicalNode.equivalent>
	<cim:TopologicalNodeSubstation.name></cim:TopologicalNodeSubstation.name>
	<cim:TopologicalNode.NodeCode>Node 3</cim:TopologicalNode.NodeCode>
	<cim:TopologicalNode.BaseVoltage rdf:resource="#_f66051a8aae34ae0ad6ba5ee1735ff5b"/>
	<cim:TopologicalNode.ConnectivityNodeContainer rdf:resource="#_4fb6ff10f90c46e793bc5f06b3a88cb9"/>
	<cim:TopologicalNode.TopologicalIsland rdf:resource="#_62fcad53b11c43b9814eefa819299a74"/>
</cim:TopologicalNode>
<cim:TopologicalNode rdf:ID="_3a13b7a2cfce44a19c3863aa2fbb9b41">
	<cim:Node.UniqueNumber>4</cim:Node.UniqueNumber>
	<cim:IdentifiedObject.name>Gen 1</cim:IdentifiedObject.name>
	<cim:IdentifiedObject.description>Gen 1</cim:IdentifiedObject.description>
	<cim:TopologicalNode.equivalent>FALSE</cim:TopologicalNode.equivalent>
	<cim:TopologicalNodeSubstation.name></cim:TopologicalNodeSubstation.name>
	<cim:TopologicalNode.NodeCode>Gen 1</cim:TopologicalNode.NodeCode>
	<cim:TopologicalNode.BaseVoltage rdf:resource="#_637d81359b4c41348718dec883250a3b"/>
	<cim:TopologicalNode.ConnectivityNodeContainer rdf:resource="#_c2297187cc9d422abe892070dd866c57"/>
	<cim:TopologicalNode.TopologicalIsland rdf:resource="#_62fcad53b11c43b9814eefa819299a74"/>
</cim:TopologicalNode>
<cim:Terminal rdf:about="#_9b59f74cd9274ebaa1fc0e63187b0178">
	<cim:Terminal.TopologicalNode rdf:resource="#_5bbb93b9dacf45ef9ad256a533fdd3d5"/>
	<cim:Terminal.connected>TRUE</cim:Terminal.connected>
</cim:Terminal>
<cim:Terminal rdf:about="#_f2df7df5c8a143eda9c663224be1e508">
	<cim:Terminal.TopologicalNode rdf:resource="#_54907affbbc44cd9bf6ec342dc48a7c4"/>
	<cim:Terminal.connected>TRUE</cim:Terminal.connected>
</cim:Terminal>
<cim:Terminal rdf:about="#_4feb83861b044f8c895696768f725169">
	<cim:Terminal.TopologicalNode rdf:resource="#_5bbb93b9dacf45ef9ad256a533fdd3d5"/>
	<cim:Terminal.connected>TRUE</cim:Terminal.connected>
</cim:Terminal>
<cim:Terminal rdf:about="#_c1df5e78870f4d77bad55cb3d57fa2d3">
	<cim:Terminal.TopologicalNode rdf:resource="#_54907affbbc44cd9bf6ec342dc48a7c4"/>
	<cim:Terminal.connected>TRUE</cim:Terminal.connected>
</cim:Terminal>
<cim:Terminal rdf:about="#_237af1c2f9ac4c6b874d6f637ca77310">
	<cim:Terminal.TopologicalNode rdf:resource="#_f2f4c132e71e435c9b087bc5c6b06bb4"/>
	<cim:Terminal.connected>TRUE</cim:Terminal.connected>
</cim:Terminal>
<cim:Terminal rdf:about="#_3ecc79f68c6d405a8ae4c10e032d1ea8">
	<cim:Terminal.TopologicalNode rdf:resource="#_54907affbbc44cd9bf6ec342dc48a7c4"/>
	<cim:Terminal.connected>TRUE</cim:Terminal.connected>
</cim:Terminal>
<cim:Terminal rdf:about="#_b70b6d2ae9b5442ab8279ed6bdb1f80f">
	<cim:Terminal.connected>TRUE</cim:Terminal.connected>
	<cim:Terminal.TopologicalNode rdf:resource="#_54907affbbc44cd9bf6ec342dc48a7c4"/>
</cim:Terminal>
<cim:Terminal rdf:about="#_034fcfb415a848da80ea9ceecde84658">
	<cim:Terminal.connected>TRUE</cim:Terminal.connected>
	<cim:Terminal.TopologicalNode rdf:resource="#_5bbb93b9dacf45ef9ad256a533fdd3d5"/>
</cim:Terminal>
<cim:Terminal rdf:about="#_e9a953f93b72485b91eb059aade9ebfe">
	<cim:Terminal.connected>TRUE</cim:Terminal.connected>
	<cim:Terminal.TopologicalNode rdf:resource="#_9ef8e98a7e6f47579a064f86068bbc93"/>
</cim:Terminal>
<cim:Terminal rdf:about="#_e22adfa879a944d5bb6f647632c99db0">
	<cim:Terminal.connected>TRUE</cim:Terminal.connected>
	<cim:Terminal.TopologicalNode rdf:resource="#_f2f4c132e71e435c9b087bc5c6b06bb4"/>
</cim:Terminal>
<cim:Terminal rdf:about="#_8fb24e36729f42d59428f27e02a38a66">
	<cim:Terminal.connected>TRUE</cim:Terminal.connected>
	<cim:Terminal.TopologicalNode rdf:resource="#_3a13b7a2cfce44a19c3863aa2fbb9b41"/>
</cim:Terminal>
<cim:Terminal rdf:about="#_f1ed867b26dd42e0aad14fb7a6ae2ef2">
	<cim:Terminal.TopologicalNode rdf:resource="#_9ef8e98a7e6f47579a064f86068bbc93"/>
	<cim:Terminal.connected>TRUE</cim:Terminal.connected>
</cim:Terminal>
<cim:Terminal rdf:about="#_260ec7228ce44850a3549114994113da">
	<cim:Terminal.TopologicalNode rdf:resource="#_3a13b7a2cfce44a19c3863aa2fbb9b41"/>
	<cim:Terminal.connected>TRUE</cim:Terminal.connected>
</cim:Terminal>
</rdf:RDF>