<?xml version="1.0" encoding="UTF-8"?>
<rdf:RDF xmlns:rdf="http://www.w3.org/1999/02/22-rdf-syntax-ns#" xmlns:cim="http://iec.ch/TC57/2009/CIM-schema-cim14#">
<md:FullModel xmlns:md="http://www.casepowersoftware.com/2020/Five Node_SLD/1">
	<md:Model.created>2025-10-26-22</md:Model.created>
	<md:Model.Version>
		<md:Description>
			<md:Description.name>Five Node_SLD</md:Description.name>
			<md:Description.version>1</md:Description.version>
		</md:Description>
	</md:Model.Version>
	<md:Model.ModelingAuthoritySet>
		<md:Description>
		</md:Description>
	</md:Model.ModelingAuthoritySet>
	<md:Model.Profile>
		<md:Description>
			<md:Description.version>1</md:Description.version>
		</md:Description>
	</md:Model.Profile>
	<md:Model.Creator>
		<md:Description>
			<md:Description.name>CASE 1.0</md:Description.name>
		</md:Description>
	</md:Model.Creator>
</md:FullModel>
<cim:SLD_Properties rdf:ID="_a0b37b8310594442b944ef8bf5468fa3">
	<cim:SLD_Properties.NodeDisplayOption>0</cim:SLD_Properties.NodeDisplayOption>
	<cim:SLD_Properties.ShowElementsLoad>1</cim:SLD_Properties.ShowElementsLoad>
</cim:SLD_Properties>
<cim:Scrollbar rdf:ID="_ee1eff5a5eea4a83a6b37a2be26b4784">
	<cim:Scrollbar.VerticalPosition>402</cim:Scrollbar.VerticalPosition>
	<cim:Scrollbar.HorizontalPosition>590</cim:Scrollbar.HorizontalPosition>
	<cim:Scrollbar.HorizontalMaxPosition>2500</cim:Scrollbar.HorizontalMaxPosition>
	<cim:Scrollbar.VerticalMaxPosition>10500</cim:Scrollbar.VerticalMaxPosition>
</cim:Scrollbar>
<cim:General rdf:ID="_010dd166b6f9413c9578a2266997bc02">
	<cim:General.nmb_of_drawn_nodes>5</cim:General.nmb_of_drawn_nodes>
	<cim:General.nmb_of_drawn_lines>3</cim:General.nmb_of_drawn_lines>
	<cim:General.nmb_of_drawn_transformers>2</cim:General.nmb_of_drawn_transformers>
	<cim:General.nmb_of_drawn_generators>2</cim:General.nmb_of_drawn_generators>
	<cim:General.nmb_of_drawn_loads>1</cim:General.nmb_of_drawn_loads>
	<cim:General.nmb_of_drawn_shunts>0</cim:General.nmb_of_drawn_shunts>
</cim:General>
<cim:SLD_Node rdf:ID="_7f3293df01fd4f748914796ae17af88b">
	<cim:SLD_Node.code>Node 1</cim:SLD_Node.code>
	<cim:SLD_Node.x_coordinate>262</cim:SLD_Node.x_coordinate>
	<cim:SLD_Node.y_coordinate>266</cim:SLD_Node.y_coordinate>
	<cim:SLD_Node.length>200</cim:SLD_Node.length>
	<cim:SLD_Node.width>4</cim:SLD_Node.width>
	<cim:SLD_Node.color>0</cim:SLD_Node.color>
	<cim:SLD_Node.number_of_element>0</cim:SLD_Node.number_of_element>
	<cim:SLD_Node.horizontal_or_vertical>0</cim:SLD_Node.horizontal_or_vertical>
	<cim:SLD_Node.ConnectionPoint>0</cim:SLD_Node.ConnectionPoint>
	<cim:SLD_Node.H_Offset>0</cim:SLD_Node.H_Offset>
	<cim:SLD_Node.V_Offset>0</cim:SLD_Node.V_Offset>
</cim:SLD_Node>
<cim:SLD_Node rdf:ID="_b81e2e3a20594f24bd304a67ef4871da">
	<cim:SLD_Node.code>Node 2</cim:SLD_Node.code>
	<cim:SLD_Node.x_coordinate>764</cim:SLD_Node.x_coordinate>
	<cim:SLD_Node.y_coordinate>262</cim:SLD_Node.y_coordinate>
	<cim:SLD_Node.length>340</cim:SLD_Node.length>
	<cim:SLD_Node.width>4</cim:SLD_Node.width>
	<cim:SLD_Node.color>0</cim:SLD_Node.color>
	<cim:SLD_Node.number_of_element>1</cim:SLD_Node.number_of_element>
	<cim:SLD_Node.horizontal_or_vertical>0</cim:SLD_Node.horizontal_or_vertical>
	<cim:SLD_Node.ConnectionPoint>0</cim:SLD_Node.ConnectionPoint>
	<cim:SLD_Node.H_Offset>0</cim:SLD_Node.H_Offset>
	<cim:SLD_Node.V_Offset>0</cim:SLD_Node.V_Offset>
</cim:SLD_Node>
<cim:SLD_Node rdf:ID="_2161101146874613996a2fdb8dbc2382">
	<cim:SLD_Node.code>Swing</cim:SLD_Node.code>
	<cim:SLD_Node.x_coordinate>289</cim:SLD_Node.x_coordinate>
	<cim:SLD_Node.y_coordinate>422</cim:SLD_Node.y_coordinate>
	<cim:SLD_Node.length>140</cim:SLD_Node.length>
	<cim:SLD_Node.width>4</cim:SLD_Node.width>
	<cim:SLD_Node.color>16711680</cim:SLD_Node.color>
	<cim:SLD_Node.number_of_element>2</cim:SLD_Node.number_of_element>
	<cim:SLD_Node.horizontal_or_vertical>0</cim:SLD_Node.horizontal_or_vertical>
	<cim:SLD_Node.ConnectionPoint>0</cim:SLD_Node.ConnectionPoint>
	<cim:SLD_Node.H_Offset>0</cim:SLD_Node.H_Offset>
	<cim:SLD_Node.V_Offset>0</cim:SLD_Node.V_Offset>
</cim:SLD_Node>
<cim:SLD_Node rdf:ID="_c34b6d3891174a398d532672ab23e475">
	<cim:SLD_Node.code>Node 3</cim:SLD_Node.code>
	<cim:SLD_Node.x_coordinate>1329</cim:SLD_Node.x_coordinate>
	<cim:SLD_Node.y_coordinate>260</cim:SLD_Node.y_coordinate>
	<cim:SLD_Node.length>200</cim:SLD_Node.length>
	<cim:SLD_Node.width>4</cim:SLD_Node.width>
	<cim:SLD_Node.color>0</cim:SLD_Node.color>
	<cim:SLD_Node.number_of_element>3</cim:SLD_Node.number_of_element>
	<cim:SLD_Node.horizontal_or_vertical>0</cim:SLD_Node.horizontal_or_vertical>
	<cim:SLD_Node.ConnectionPoint>0</cim:SLD_Node.ConnectionPoint>
	<cim:SLD_Node.H_Offset>0</cim:SLD_Node.H_Offset>
	<cim:SLD_Node.V_Offset>0</cim:SLD_Node.V_Offset>
</cim:SLD_Node>
<cim:SLD_Node rdf:ID="_f7bfb17afca4452b8fb721a21916343d">
	<cim:SLD_Node.code>Gen 1</cim:SLD_Node.code>
	<cim:SLD_Node.x_coordinate>1384</cim:SLD_Node.x_coordinate>
	<cim:SLD_Node.y_coordinate>409</cim:SLD_Node.y_coordinate>
	<cim:SLD_Node.length>140</cim:SLD_Node.length>
	<cim:SLD_Node.width>4</cim:SLD_Node.width>
	<cim:SLD_Node.color>16711680</cim:SLD_Node.color>
	<cim:SLD_Node.number_of_element>4</cim:SLD_Node.number_of_element>
	<cim:SLD_Node.horizontal_or_vertical>0</cim:SLD_Node.horizontal_or_vertical>
	<cim:SLD_Node.ConnectionPoint>0</cim:SLD_Node.ConnectionPoint>
	<cim:SLD_Node.H_Offset>0</cim:SLD_Node.H_Offset>
	<cim:SLD_Node.V_Offset>0</cim:SLD_Node.V_Offset>
</cim:SLD_Node>
<cim:SLD_Line rdf:ID="_b649f3b4e24a49649607cbaf524f85c1">
	<cim:SLD_Line.nmb_of_knees>6</cim:SLD_Line.nmb_of_knees>
	<cim:SLD_Line.knee_coordinate.x>310</cim:SLD_Line.knee_coordinate.x>
	<cim:SLD_Line.knee_coordinate.y>268</cim:SLD_Line.knee_coordinate.y>
	<cim:SLD_Line.knee_coordinate.x>310</cim:SLD_Line.knee_coordinate.x>
	<cim:SLD_Line.knee_coordinate.y>228</cim:SLD_Line.knee_coordinate.y>
	<cim:SLD_Line.knee_coordinate.x>395</cim:SLD_Line.knee_coordinate.x>
	<cim:SLD_Line.knee_coordinate.y>128</cim:SLD_Line.knee_coordinate.y>
	<cim:SLD_Line.knee_coordinate.x>821</cim:SLD_Line.knee_coordinate.x>
	<cim:SLD_Line.knee_coordinate.y>129</cim:SLD_Line.knee_coordinate.y>
	<cim:SLD_Line.knee_coordinate.x>918</cim:SLD_Line.knee_coordinate.x>
	<cim:SLD_Line.knee_coordinate.y>224</cim:SLD_Line.knee_coordinate.y>
	<cim:SLD_Line.knee_coordinate.x>918</cim:SLD_Line.knee_coordinate.x>
	<cim:SLD_Line.knee_coordinate.y>264</cim:SLD_Line.knee_coordinate.y>
	<cim:SLD_Line.type>0</cim:SLD_Line.type>
	<cim:SLD_Line.color>0</cim:SLD_Line.color>
	<cim:SLD_Line.width>4</cim:SLD_Line.width>
	<cim:SLD_Line.tertiary_wndg_connection>0</cim:SLD_Line.tertiary_wndg_connection>
	<cim:SLD_Line.tran_nmb>-1</cim:SLD_Line.tran_nmb>
	<cim:SLD_Line.First_CB>1</cim:SLD_Line.First_CB>
	<cim:SLD_Line.Second_CB>1</cim:SLD_Line.Second_CB>
	<cim:SLD_Line.H1_Offset>0</cim:SLD_Line.H1_Offset>
	<cim:SLD_Line.V1_Offset>0</cim:SLD_Line.V1_Offset>
	<cim:SLD_Line.H2_Offset>0</cim:SLD_Line.H2_Offset>
	<cim:SLD_Line.V2_Offset>0</cim:SLD_Line.V2_Offset>
	<cim:SLD_Line.NodeCode1>Node 1</cim:SLD_Line.NodeCode1>
	<cim:SLD_Line.NodeCode2>Node 2</cim:SLD_Line.NodeCode2>
	<cim:SLD_Line.ParIndex>1</cim:SLD_Line.ParIndex>
	<cim:SLD_Line.number>0</cim:SLD_Line.number>
	<cim:SLD_Line.Node1 rdf:resource="#_7f3293df01fd4f748914796ae17af88b"/>
	<cim:SLD_Line.Node2 rdf:resource="#_b81e2e3a20594f24bd304a67ef4871da"/>
</cim:SLD_Line>
<cim:SLD_Line rdf:ID="_2a0579baa64946dc9232a2ec2beb601b">
	<cim:SLD_Line.nmb_of_knees>6</cim:SLD_Line.nmb_of_knees>
	<cim:SLD_Line.knee_coordinate.x>400</cim:SLD_Line.knee_coordinate.x>
	<cim:SLD_Line.knee_coordinate.y>268</cim:SLD_Line.knee_coordinate.y>
	<cim:SLD_Line.knee_coordinate.x>400</cim:SLD_Line.knee_coordinate.x>
	<cim:SLD_Line.knee_coordinate.y>228</cim:SLD_Line.knee_coordinate.y>
	<cim:SLD_Line.knee_coordinate.x>462</cim:SLD_Line.knee_coordinate.x>
	<cim:SLD_Line.knee_coordinate.y>171</cim:SLD_Line.knee_coordinate.y>
	<cim:SLD_Line.knee_coordinate.x>762</cim:SLD_Line.knee_coordinate.x>
	<cim:SLD_Line.knee_coordinate.y>173</cim:SLD_Line.knee_coordinate.y>
	<cim:SLD_Line.knee_coordinate.x>806</cim:SLD_Line.knee_coordinate.x>
	<cim:SLD_Line.knee_coordinate.y>224</cim:SLD_Line.knee_coordinate.y>
	<cim:SLD_Line.knee_coordinate.x>806</cim:SLD_Line.knee_coordinate.x>
	<cim:SLD_Line.knee_coordinate.y>264</cim:SLD_Line.knee_coordinate.y>
	<cim:SLD_Line.type>0</cim:SLD_Line.type>
	<cim:SLD_Line.color>0</cim:SLD_Line.color>
	<cim:SLD_Line.width>4</cim:SLD_Line.width>
	<cim:SLD_Line.tertiary_wndg_connection>0</cim:SLD_Line.tertiary_wndg_connection>
	<cim:SLD_Line.tran_nmb>-1</cim:SLD_Line.tran_nmb>
	<cim:SLD_Line.First_CB>1</cim:SLD_Line.First_CB>
	<cim:SLD_Line.Second_CB>1</cim:SLD_Line.Second_CB>
	<cim:SLD_Line.H1_Offset>0</cim:SLD_Line.H1_Offset>
	<cim:SLD_Line.V1_Offset>0</cim:SLD_Line.V1_Offset>
	<cim:SLD_Line.H2_Offset>0</cim:SLD_Line.H2_Offset>
	<cim:SLD_Line.V2_Offset>0</cim:SLD_Line.V2_Offset>
	<cim:SLD_Line.NodeCode1>Node 1</cim:SLD_Line.NodeCode1>
	<cim:SLD_Line.NodeCode2>Node 2</cim:SLD_Line.NodeCode2>
	<cim:SLD_Line.ParIndex>2</cim:SLD_Line.ParIndex>
	<cim:SLD_Line.number>1</cim:SLD_Line.number>
	<cim:SLD_Line.Node1 rdf:resource="#_7f3293df01fd4f748914796ae17af88b"/>
	<cim:SLD_Line.Node2 rdf:resource="#_b81e2e3a20594f24bd304a67ef4871da"/>
</cim:SLD_Line>
<cim:SLD_Line rdf:ID="_151d9445e58b4301a3d31ebdd7b971ca">
	<cim:SLD_Line.nmb_of_knees>6</cim:SLD_Line.nmb_of_knees>
	<cim:SLD_Line.knee_coordinate.x>1021</cim:SLD_Line.knee_coordinate.x>
	<cim:SLD_Line.knee_coordinate.y>264</cim:SLD_Line.knee_coordinate.y>
	<cim:SLD_Line.knee_coordinate.x>1021</cim:SLD_Line.knee_coordinate.x>
	<cim:SLD_Line.knee_coordinate.y>224</cim:SLD_Line.knee_coordinate.y>
	<cim:SLD_Line.knee_coordinate.x>1112</cim:SLD_Line.knee_coordinate.x>
	<cim:SLD_Line.knee_coordinate.y>134</cim:SLD_Line.knee_coordinate.y>
	<cim:SLD_Line.knee_coordinate.x>1314</cim:SLD_Line.knee_coordinate.x>
	<cim:SLD_Line.knee_coordinate.y>131</cim:SLD_Line.knee_coordinate.y>
	<cim:SLD_Line.knee_coordinate.x>1375</cim:SLD_Line.knee_coordinate.x>
	<cim:SLD_Line.knee_coordinate.y>222</cim:SLD_Line.knee_coordinate.y>
	<cim:SLD_Line.knee_coordinate.x>1375</cim:SLD_Line.knee_coordinate.x>
	<cim:SLD_Line.knee_coordinate.y>262</cim:SLD_Line.knee_coordinate.y>
	<cim:SLD_Line.type>0</cim:SLD_Line.type>
	<cim:SLD_Line.color>0</cim:SLD_Line.color>
	<cim:SLD_Line.width>4</cim:SLD_Line.width>
	<cim:SLD_Line.tertiary_wndg_connection>0</cim:SLD_Line.tertiary_wndg_connection>
	<cim:SLD_Line.tran_nmb>-1</cim:SLD_Line.tran_nmb>
	<cim:SLD_Line.First_CB>1</cim:SLD_Line.First_CB>
	<cim:SLD_Line.Second_CB>1</cim:SLD_Line.Second_CB>
	<cim:SLD_Line.H1_Offset>0</cim:SLD_Line.H1_Offset>
	<cim:SLD_Line.V1_Offset>0</cim:SLD_Line.V1_Offset>
	<cim:SLD_Line.H2_Offset>0</cim:SLD_Line.H2_Offset>
	<cim:SLD_Line.V2_Offset>0</cim:SLD_Line.V2_Offset>
	<cim:SLD_Line.NodeCode1>Node 2</cim:SLD_Line.NodeCode1>
	<cim:SLD_Line.NodeCode2>Node 3</cim:SLD_Line.NodeCode2>
	<cim:SLD_Line.ParIndex>1</cim:SLD_Line.ParIndex>
	<cim:SLD_Line.number>2</cim:SLD_Line.number>
	<cim:SLD_Line.Node1 rdf:resource="#_b81e2e3a20594f24bd304a67ef4871da"/>
	<cim:SLD_Line.Node2 rdf:resource="#_c34b6d3891174a398d532672ab23e475"/>
</cim:SLD_Line>
<cim:SLD_Tran rdf:ID="_1ef10c8b7dc34b0da8fa0200d04132a6">
	<cim:SLD_Tran.knee_coordinate.x>346</cim:SLD_Tran.knee_coordinate.x>
	<cim:SLD_Tran.knee_coordinate.y>268</cim:SLD_Tran.knee_coordinate.y>
	<cim:SLD_Tran.knee_coordinate.x>346</cim:SLD_Tran.knee_coordinate.x>
	<cim:SLD_Tran.knee_coordinate.y>298</cim:SLD_Tran.knee_coordinate.y>
	<cim:SLD_Tran.knee_coordinate.x>346</cim:SLD_Tran.knee_coordinate.x>
	<cim:SLD_Tran.knee_coordinate.y>394</cim:SLD_Tran.knee_coordinate.y>
	<cim:SLD_Tran.knee_coordinate.x>346</cim:SLD_Tran.knee_coordinate.x>
	<cim:SLD_Tran.knee_coordinate.y>424</cim:SLD_Tran.knee_coordinate.y>
	<cim:SLD_Tran_three_wndg_tran>0</cim:SLD_Tran_three_wndg_tran>
	<cim:SLD_Tran_primary_wndg.color>0</cim:SLD_Tran_primary_wndg.color>
	<cim:SLD_Tran_primary_wndg.width>4</cim:SLD_Tran_primary_wndg.width>
	<cim:SLD_Tran_secondary_wndg.color>16711680</cim:SLD_Tran_secondary_wndg.color>
	<cim:SLD_Tran_secondary_wndg.width>4</cim:SLD_Tran_secondary_wndg.width>
	<cim:SLD_Tran.First_CB>1</cim:SLD_Tran.First_CB>
	<cim:SLD_Tran.Second_CB>1</cim:SLD_Tran.Second_CB>
	<cim:SLD_Tran.NodeCode1>Node 1</cim:SLD_Tran.NodeCode1>
	<cim:SLD_Tran.NodeCode2>Swing</cim:SLD_Tran.NodeCode2>
	<cim:SLD_Tran.ParIndex>1</cim:SLD_Tran.ParIndex>
	<cim:SLD_Tran.Number>0</cim:SLD_Tran.Number>
	<cim:SLD_Tran.CircleDiameter>40</cim:SLD_Tran.CircleDiameter>
	<cim:SLD_Tran.H1_Offset>0</cim:SLD_Tran.H1_Offset>
	<cim:SLD_Tran.V1_Offset>-10</cim:SLD_Tran.V1_Offset>
	<cim:SLD_Tran.H2_Offset>0</cim:SLD_Tran.H2_Offset>
	<cim:SLD_Tran.V2_Offset>10</cim:SLD_Tran.V2_Offset>
	<cim:SLD_Tran.H3_Offset>0</cim:SLD_Tran.H3_Offset>
	<cim:SLD_Tran.V3_Offset>0</cim:SLD_Tran.V3_Offset>
</cim:SLD_Tran>
<cim:SLD_Tran rdf:ID="_93764df91dd0446fa8447d1ac577d30e">
	<cim:SLD_Tran.knee_coordinate.x>1444</cim:SLD_Tran.knee_coordinate.x>
	<cim:SLD_Tran.knee_coordinate.y>262</cim:SLD_Tran.knee_coordinate.y>
	<cim:SLD_Tran.knee_coordinate.x>1444</cim:SLD_Tran.knee_coordinate.x>
	<cim:SLD_Tran.knee_coordinate.y>292</cim:SLD_Tran.knee_coordinate.y>
	<cim:SLD_Tran.knee_coordinate.x>1444</cim:SLD_Tran.knee_coordinate.x>
	<cim:SLD_Tran.knee_coordinate.y>381</cim:SLD_Tran.knee_coordinate.y>
	<cim:SLD_Tran.knee_coordinate.x>1444</cim:SLD_Tran.knee_coordinate.x>
	<cim:SLD_Tran.knee_coordinate.y>411</cim:SLD_Tran.knee_coordinate.y>
	<cim:SLD_Tran_three_wndg_tran>0</cim:SLD_Tran_three_wndg_tran>
	<cim:SLD_Tran_primary_wndg.color>0</cim:SLD_Tran_primary_wndg.color>
	<cim:SLD_Tran_primary_wndg.width>4</cim:SLD_Tran_primary_wndg.width>
	<cim:SLD_Tran_secondary_wndg.color>16711680</cim:SLD_Tran_secondary_wndg.color>
	<cim:SLD_Tran_secondary_wndg.width>4</cim:SLD_Tran_secondary_wndg.width>
	<cim:SLD_Tran.First_CB>1</cim:SLD_Tran.First_CB>
	<cim:SLD_Tran.Second_CB>1</cim:SLD_Tran.Second_CB>
	<cim:SLD_Tran.NodeCode1>Node 3</cim:SLD_Tran.NodeCode1>
	<cim:SLD_Tran.NodeCode2>Gen 1</cim:SLD_Tran.NodeCode2>
	<cim:SLD_Tran.ParIndex>1</cim:SLD_Tran.ParIndex>
	<cim:SLD_Tran.Number>1</cim:SLD_Tran.Number>
	<cim:SLD_Tran.CircleDiameter>40</cim:SLD_Tran.CircleDiameter>
	<cim:SLD_Tran.H1_Offset>0</cim:SLD_Tran.H1_Offset>
	<cim:SLD_Tran.V1_Offset>-10</cim:SLD_Tran.V1_Offset>
	<cim:SLD_Tran.H2_Offset>0</cim:SLD_Tran.H2_Offset>
	<cim:SLD_Tran.V2_Offset>10</cim:SLD_Tran.V2_Offset>
	<cim:SLD_Tran.H3_Offset>0</cim:SLD_Tran.H3_Offset>
	<cim:SLD_Tran.V3_Offset>0</cim:SLD_Tran.V3_Offset>
</cim:SLD_Tran>
<cim:SLD_Generator rdf:ID="_641865de0a74463aa41fb2975c1e3d72">
	<cim:SLD_Generator.x_coordinate>356</cim:SLD_Generator.x_coordinate>
	<cim:SLD_Generator.y_coordinate>462</cim:SLD_Generator.y_coordinate>
	<cim:SLD_Generator.radius>24</cim:SLD_Generator.radius>
	<cim:SLD_Generator.width>1</cim:SLD_Generator.width>
	<cim:SLD_Generator.color>65535</cim:SLD_Generator.color>
	<cim:SLD_Generator.border_color>0</cim:SLD_Generator.border_color>
	<cim:SLD_Generator.number_of_element>0</cim:SLD_Generator.number_of_element>
	<cim:SLD_Generator.number_of_node>2</cim:SLD_Generator.number_of_node>
	<cim:SLD_Generator.already_drawn>1</cim:SLD_Generator.already_drawn>
	<cim:SLD_Generator.CB>1</cim:SLD_Generator.CB>
</cim:SLD_Generator>
<cim:SLD_Generator rdf:ID="_0daac63450c9450885778dcc3590587a">
	<cim:SLD_Generator.x_coordinate>1456</cim:SLD_Generator.x_coordinate>
	<cim:SLD_Generator.y_coordinate>449</cim:SLD_Generator.y_coordinate>
	<cim:SLD_Generator.radius>20</cim:SLD_Generator.radius>
	<cim:SLD_Generator.width>1</cim:SLD_Generator.width>
	<cim:SLD_Generator.color>65535</cim:SLD_Generator.color>
	<cim:SLD_Generator.border_color>0</cim:SLD_Generator.border_color>
	<cim:SLD_Generator.number_of_element>1</cim:SLD_Generator.number_of_element>
	<cim:SLD_Generator.number_of_node>4</cim:SLD_Generator.number_of_node>
	<cim:SLD_Generator.already_drawn>1</cim:SLD_Generator.already_drawn>
	<cim:SLD_Generator.CB>1</cim:SLD_Generator.CB>
</cim:SLD_Generator>
<cim:SLD_Load rdf:ID="_2ebdd2eb0e9a47bb9ae102c415155e57">
	<cim:SLD_Load.x_coordinate>872</cim:SLD_Load.x_coordinate>
	<cim:SLD_Load.y_coordinate>302</cim:SLD_Load.y_coordinate>
	<cim:SLD_Load.triangle_side>30</cim:SLD_Load.triangle_side>
	<cim:SLD_Load.width>1</cim:SLD_Load.width>
	<cim:SLD_Load.color>255</cim:SLD_Load.color>
	<cim:SLD_Load.border_color>0</cim:SLD_Load.border_color>
	<cim:SLD_Load.number_of_element>0</cim:SLD_Load.number_of_element>
	<cim:SLD_Load.number_of_node>1</cim:SLD_Load.number_of_node>
	<cim:SLD_Load.already_drawn>1</cim:SLD_Load.already_drawn>
	<cim:SLD_Load.CB>1</cim:SLD_Load.CB>
</cim:SLD_Load>
<cim:SystemFrequency rdf:ID="_fdde6fdabc794a338a1a0919eb7d1e0a">
	<cim:SystemFrequency.Color>0</cim:SystemFrequency.Color>
	<cim:SystemFrequency.Thickness>1</cim:SystemFrequency.Thickness>
	<cim:SystemFrequency.Range>2.000000</cim:SystemFrequency.Range>
</cim:SystemFrequency>
<cim:DrawGraph rdf:ID="_75597656f6d440dcbf6deb537ce874ce">
	<cim:DrawGraph.window_title>Graphs-1</cim:DrawGraph.window_title>
	<cim:DrawGraph.nmb_of_graphs>0</cim:DrawGraph.nmb_of_graphs>
	<cim:DrawGraph.nmb_of_items>1204</cim:DrawGraph.nmb_of_items>
	<cim:DrawGraph.TimeGraph.nmb_of_quantities>2</cim:DrawGraph.TimeGraph.nmb_of_quantities>
	<cim:DrawGraph.TimeGraph.Y_scale_ratio>0.833333</cim:DrawGraph.TimeGraph.Y_scale_ratio>
	<cim:DrawGraph.TimeGraph.BasePower>100.000000</cim:DrawGraph.TimeGraph.BasePower>
	<cim:DrawGraph.TimeGraph.DisplayCurrentAbsoluteValue>0</cim:DrawGraph.TimeGraph.DisplayCurrentAbsoluteValue>
	<cim:DrawGraph.TimeGraph.Quantity>0</cim:DrawGraph.TimeGraph.Quantity>
	<cim:DrawGraph.TimeGraph.ElementType>1</cim:DrawGraph.TimeGraph.ElementType>
	<cim:DrawGraph.TimeGraph.ElementNumber>1</cim:DrawGraph.TimeGraph.ElementNumber>
	<cim:DrawGraph.TimeGraph.ElementUniqueNumber>1</cim:DrawGraph.TimeGraph.ElementUniqueNumber>
	<cim:DrawGraph.TimeGraph.Color>0</cim:DrawGraph.TimeGraph.Color>
	<cim:DrawGraph.TimeGraph.Thickness>2</cim:DrawGraph.TimeGraph.Thickness>
	<cim:DrawGraph.TimeGraph.FixNamePosition>0</cim:DrawGraph.TimeGraph.FixNamePosition>
	<cim:DrawGraph.TimeGraph.QuantityPhase>0</cim:DrawGraph.TimeGraph.QuantityPhase>
	<cim:DrawGraph.TimeGraph.Quantity>0</cim:DrawGraph.TimeGraph.Quantity>
	<cim:DrawGraph.TimeGraph.ElementType>0</cim:DrawGraph.TimeGraph.ElementType>
	<cim:DrawGraph.TimeGraph.ElementNumber>1</cim:DrawGraph.TimeGraph.ElementNumber>
	<cim:DrawGraph.TimeGraph.ElementUniqueNumber>1</cim:DrawGraph.TimeGraph.ElementUniqueNumber>
	<cim:DrawGraph.TimeGraph.Color>16711680</cim:DrawGraph.TimeGraph.Color>
	<cim:DrawGraph.TimeGraph.Thickness>2</cim:DrawGraph.TimeGraph.Thickness>
	<cim:DrawGraph.TimeGraph.FixNamePosition>0</cim:DrawGraph.TimeGraph.FixNamePosition>
</cim:DrawGraph>
<cim:DrawGraph rdf:ID="_3df26b10c73e48dbacc6b0192b32a572">
	<cim:DrawGraph.window_title>Graphs-2</cim:DrawGraph.window_title>
	<cim:DrawGraph.nmb_of_graphs>0</cim:DrawGraph.nmb_of_graphs>
	<cim:DrawGraph.nmb_of_items>0</cim:DrawGraph.nmb_of_items>
	<cim:DrawGraph.TimeGraph.nmb_of_quantities>0</cim:DrawGraph.TimeGraph.nmb_of_quantities>
	<cim:DrawGraph.TimeGraph.Y_scale_ratio>1.000000</cim:DrawGraph.TimeGraph.Y_scale_ratio>
	<cim:DrawGraph.TimeGraph.BasePower>100.000000</cim:DrawGraph.TimeGraph.BasePower>
	<cim:DrawGraph.TimeGraph.DisplayCurrentAbsoluteValue>0</cim:DrawGraph.TimeGraph.DisplayCurrentAbsoluteValue>
</cim:DrawGraph>
<cim:DrawGraph rdf:ID="_7718293fe5254e94844b71f4f41bee5e">
	<cim:DrawGraph.window_title>Graphs-3</cim:DrawGraph.window_title>
	<cim:DrawGraph.nmb_of_graphs>0</cim:DrawGraph.nmb_of_graphs>
	<cim:DrawGraph.nmb_of_items>0</cim:DrawGraph.nmb_of_items>
	<cim:DrawGraph.TimeGraph.nmb_of_quantities>0</cim:DrawGraph.TimeGraph.nmb_of_quantities>
	<cim:DrawGraph.TimeGraph.Y_scale_ratio>1.000000</cim:DrawGraph.TimeGraph.Y_scale_ratio>
	<cim:DrawGraph.TimeGraph.BasePower>100.000000</cim:DrawGraph.TimeGraph.BasePower>
	<cim:DrawGraph.TimeGraph.DisplayCurrentAbsoluteValue>0</cim:DrawGraph.TimeGraph.DisplayCurrentAbsoluteValue>
</cim:DrawGraph>
<cim:TransientStability rdf:ID="_961cc2dc471c4c36aa8b4bcbacda0bbd">
	<cim:TransientStability.PowerSystemEventsNumber>2</cim:TransientStability.PowerSystemEventsNumber>
	<cim:TransientStability.Time_Step_RMS>0.005000</cim:TransientStability.Time_Step_RMS>
	<cim:TransientStability.Simulation_End_Time>6.000000</cim:TransientStability.Simulation_End_Time>
	<cim:TransientStability.KronMatrixItemThreshold>2.00e-07</cim:TransientStability.KronMatrixItemThreshold>
	<cim:TransientStability.Time_Integration_Method>2</cim:TransientStability.Time_Integration_Method>
	<cim:TransientStability.DrawingStep>10</cim:TransientStability.DrawingStep>
	<cim:TransientStability.SystemFrequencyThreshold>0.01</cim:TransientStability.SystemFrequencyThreshold>
	<cim:TransientStability.RotorSpeedThreshold>0.10</cim:TransientStability.RotorSpeedThreshold>
	<cim:TransientStability.Calculate_SF_Deviation>1</cim:TransientStability.Calculate_SF_Deviation>
</cim:TransientStability>
<cim:PowerSystemEvent rdf:ID="_86c5c6eed1d64d4da3a9ee004e5c5e20">
	<cim:PowerSystemEvent.EventType>0</cim:PowerSystemEvent.EventType>
	<cim:PowerSystemEvent.ElementNumber>1</cim:PowerSystemEvent.ElementNumber>
	<cim:PowerSystemEvent.ElementType>1</cim:PowerSystemEvent.ElementType>
	<cim:PowerSystemEvent.Distance>90.000000</cim:PowerSystemEvent.Distance>
	<cim:PowerSystemEvent.Time>0.500000</cim:PowerSystemEvent.Time>
	<cim:PowerSystemEvent.InService>1</cim:PowerSystemEvent.InService>
	<cim:PowerSystemEvent.IsDrawn>1</cim:PowerSystemEvent.IsDrawn>
	<cim:PowerSystemEvent.x_coordinate>776</cim:PowerSystemEvent.x_coordinate>
	<cim:PowerSystemEvent.y_coordinate>189</cim:PowerSystemEvent.y_coordinate>
	<cim:PowerSystemEvent.SC_Impedance_Re>0.000000</cim:PowerSystemEvent.SC_Impedance_Re>
	<cim:PowerSystemEvent.SC_Impedance_Im>0.000000</cim:PowerSystemEvent.SC_Impedance_Im>
	<cim:PowerSystemEvent.AutoReclosingInService>0</cim:PowerSystemEvent.AutoReclosingInService>
	<cim:PowerSystemEvent.AutoReclosingTime>0.000000</cim:PowerSystemEvent.AutoReclosingTime>
	<cim:PowerSystemEvent.UnsuccessfulARC>0</cim:PowerSystemEvent.UnsuccessfulARC>
	<cim:PowerSystemEvent.AutoReopeningTime>0.000000</cim:PowerSystemEvent.AutoReopeningTime>
</cim:PowerSystemEvent>
<cim:PowerSystemEvent rdf:ID="_376162ccca864c83b012b7088ba60734">
	<cim:PowerSystemEvent.EventType>4</cim:PowerSystemEvent.EventType>
	<cim:PowerSystemEvent.ElementNumber>0</cim:PowerSystemEvent.ElementNumber>
	<cim:PowerSystemEvent.ElementType>1</cim:PowerSystemEvent.ElementType>
	<cim:PowerSystemEvent.Distance>53.599998</cim:PowerSystemEvent.Distance>
	<cim:PowerSystemEvent.Time>0.650000</cim:PowerSystemEvent.Time>
	<cim:PowerSystemEvent.InService>1</cim:PowerSystemEvent.InService>
	<cim:PowerSystemEvent.IsDrawn>1</cim:PowerSystemEvent.IsDrawn>
	<cim:PowerSystemEvent.x_coordinate>776</cim:PowerSystemEvent.x_coordinate>
	<cim:PowerSystemEvent.y_coordinate>209</cim:PowerSystemEvent.y_coordinate>
	<cim:PowerSystemEvent.SC_Impedance_Re>0.000000</cim:PowerSystemEvent.SC_Impedance_Re>
	<cim:PowerSystemEvent.SC_Impedance_Im>0.000000</cim:PowerSystemEvent.SC_Impedance_Im>
	<cim:PowerSystemEvent.AutoReclosingInService>0</cim:PowerSystemEvent.AutoReclosingInService>
	<cim:PowerSystemEvent.AutoReclosingTime>0.000000</cim:PowerSystemEvent.AutoReclosingTime>
	<cim:PowerSystemEvent.UnsuccessfulARC>0</cim:PowerSystemEvent.UnsuccessfulARC>
	<cim:PowerSystemEvent.AutoReopeningTime>0.000000</cim:PowerSystemEvent.AutoReopeningTime>
</cim:PowerSystemEvent>
</rdf:RDF>