<?xml version="1.0" encoding="UTF-8"?>
<rdf:RDF xmlns:rdf="http://www.w3.org/1999/02/22-rdf-syntax-ns#" xmlns:cim="http://iec.ch/TC57/2009/CIM-schema-cim14#">
<md:FullModel xmlns:md="http://www.casepowersoftware.com/2020/Five Node_SV/1">
	<md:Model.created>2025-11-13-9</md:Model.created>
	<md:Model.Version>
		<md:Description>
			<md:Description.name>Five Node_SV</md:Description.name>
			<md:Description.version>1</md:Description.version>
			<md:Description.ModelComment></md:Description.ModelComment>
		</md:Description>
	</md:Model.Version>
	<md:Model.ModelingAuthoritySet>
		<md:Description>
			<md:Description.name>Five Node</md:Description.name>
		</md:Description>
	</md:Model.ModelingAuthoritySet>
	<md:Model.Profile>
		<md:Description>
			<md:Description.uri>http://iec.ch/TC57/61970-452/StateVariables/1</md:Description.uri>
			<md:Description.name>IEC61970-452-StateVariables_Model</md:Description.name>
			<md:Description.version>1</md:Description.version>
		</md:Description>
	</md:Model.Profile>
	<md:Model.Creator>
		<md:Description>
			<md:Description.name>CASE 1.0</md:Description.name>
		</md:Description>
	</md:Model.Creator>
</md:FullModel>
<cim:SvVoltage rdf:ID="_9334cb1ba5854dab8e49a64031e42b10">
	<cim:SvVoltage.v>107.1664</cim:SvVoltage.v>
	<cim:SvVoltage.angle>-5.5429</cim:SvVoltage.angle>
	<cim:SvVoltage.TopologicalNode rdf:resource="#_b1e5f3a5e3bb4a829cb1f4717280bf56"/>
</cim:SvVoltage>
<cim:SvVoltage rdf:ID="_06b9f74f79a14a60ad7faf1ea142eb61">
	<cim:SvVoltage.v>106.8362</cim:SvVoltage.v>
	<cim:SvVoltage.angle>-5.7925</cim:SvVoltage.angle>
	<cim:SvVoltage.TopologicalNode rdf:resource="#_017b3f042db04d678c8a5e33f554ba48"/>
</cim:SvVoltage>
<cim:SvVoltage rdf:ID="_5e444c900f8a4908befbd1682e504de9">
	<cim:SvVoltage.v>10.0000</cim:SvVoltage.v>
	<cim:SvVoltage.angle> 0.0000</cim:SvVoltage.angle>
	<cim:SvVoltage.TopologicalNode rdf:resource="#_4d058c5c907846e9a9ba397367f13ba8"/>
</cim:SvVoltage>
<cim:SvVoltage rdf:ID="_4a32aa22e8144339982bced07d361253">
	<cim:SvVoltage.v>107.3054</cim:SvVoltage.v>
	<cim:SvVoltage.angle>-5.5694</cim:SvVoltage.angle>
	<cim:SvVoltage.TopologicalNode rdf:resource="#_d5c54bd1fce342d8a519f9d2182168c3"/>
</cim:SvVoltage>
<cim:SvVoltage rdf:ID="_10d053c71c7642968bc05253802f0193">
	<cim:SvVoltage.v>10.0000</cim:SvVoltage.v>
	<cim:SvVoltage.angle>-2.7616</cim:SvVoltage.angle>
	<cim:SvVoltage.TopologicalNode rdf:resource="#_232a8d7a982448839f1c688d07ccae93"/>
</cim:SvVoltage>
<cim:SvPowerFlow rdf:ID="_78f3c07f4992452599d6075bd471f156">
	<cim:SvPowerFlow.p>88.2991</cim:SvPowerFlow.p>
	<cim:SvPowerFlow.q>29.4330</cim:SvPowerFlow.q>
	<cim:SvPowerFlow.Terminal rdf:resource="#_dc5732c93cd74e70839e192776edf4ef"/>
</cim:SvPowerFlow>
<cim:SvPowerFlow rdf:ID="_a175a31f00a3492dadbd135cf73a2318">
	<cim:SvPowerFlow.p>78.6265</cim:SvPowerFlow.p>
	<cim:SvPowerFlow.q>24.6086</cim:SvPowerFlow.q>
	<cim:SvPowerFlow.Terminal rdf:resource="#_582a3f5738804a11a2a35ac9deadaaf3"/>
</cim:SvPowerFlow>
<cim:SvPowerFlow rdf:ID="_25e0cc32085d4ef184e101ec8d87700a">
	<cim:SvPowerFlow.p>40.0000</cim:SvPowerFlow.p>
	<cim:SvPowerFlow.q>21.0567</cim:SvPowerFlow.q>
	<cim:SvPowerFlow.Terminal rdf:resource="#_89f8e981b09a4e5fbffcbf5fc42d2914"/>
</cim:SvPowerFlow>
</rdf:RDF>