<?xml version="1.0" encoding="UTF-8"?>
<rdf:RDF xmlns:rdf="http://www.w3.org/1999/02/22-rdf-syntax-ns#" xmlns:cim="http://iec.ch/TC57/2009/CIM-schema-cim14#">
<md:FullModel xmlns:md="http://www.casepowersoftware.com/2020/Five Node.xml_EQ/1">
	<md:Model.created>2025-11-13-9</md:Model.created>
	<md:Model.Version>
		<md:Description>
			<md:Description.name>Five Node.xml_EQ</md:Description.name>
			<md:Description.version>1</md:Description.version>
		</md:Description>
	</md:Model.Version>
	<md:Model.ModelingAuthoritySet>
		<md:Description>
			<md:Description.name>Five Node.xml</md:Description.name>
		</md:Description>
	</md:Model.ModelingAuthoritySet>
	<md:Model.Profile>
		<md:Description>
			<md:Description.uri>http://iec.ch/TC57/61970-452/Equipment/1</md:Description.uri>
			<md:Description.name>IEC61970-452-Equipment_Model</md:Description.name>
			<md:Description.version>1</md:Description.version>
		</md:Description>
	</md:Model.Profile>
	<md:Model.Creator>
		<md:Description>
			<md:Description.name>CASE 1.0</md:Description.name>
		</md:Description>
	</md:Model.Creator>
</md:FullModel>
<cim:IEC61970CIMVersion rdf:ID="_7a70dad95344488a8dfba5188683e633">
	<cim:IEC61970CIMVersion.version>CASE XML Format 1.0</cim:IEC61970CIMVersion.version>
	<cim:IEC61970CIMVersion.date>2020-04-04</cim:IEC61970CIMVersion.date>
</cim:IEC61970CIMVersion>
<cim:TopologicalIsland rdf:ID="_9cba5f92355c4d93b393ca74151f1984">
	<cim:IdentifiedObject.name>System</cim:IdentifiedObject.name>
	<cim:IdentifiedObject.description>Main system topological island</cim:IdentifiedObject.description>
	<cim:TopologicalIsland.AngleRef_TopologicalNode rdf:resource="#_4d058c5c907846e9a9ba397367f13ba8"/>
</cim:TopologicalIsland>
<cim:BaseVoltage rdf:ID="_74c90fe8b1e74caab34671f301aa1d90">
	<cim:BaseVoltage.nominalVoltage>110.000000</cim:BaseVoltage.nominalVoltage>
	<cim:BaseVoltage.isDC>"FALSE"</cim:BaseVoltage.isDC>
</cim:BaseVoltage>
<cim:BaseVoltage rdf:ID="_2bbf3404663340c99bea0dc49458b0d9">
	<cim:BaseVoltage.nominalVoltage>10.000000</cim:BaseVoltage.nominalVoltage>
	<cim:BaseVoltage.isDC>"FALSE"</cim:BaseVoltage.isDC>
</cim:BaseVoltage>
<cim:VoltageLevel rdf:ID="_f91f387c7b6647d7b64b3ceb7182493f">
	<cim:IdentifiedObject.name>110.0</cim:IdentifiedObject.name>
	<cim:VoltageLevel.highVoltageLimit>121.00</cim:VoltageLevel.highVoltageLimit>
	<cim:VoltageLevel.lowVoltageLimit>99.00</cim:VoltageLevel.lowVoltageLimit>
	<cim:VoltageLevel.BaseVoltage rdf:resource="#_74c90fe8b1e74caab34671f301aa1d90"/>
</cim:VoltageLevel>
<cim:VoltageLevel rdf:ID="_323bce9fbe99473f8ef9fab0d501d25c">
	<cim:IdentifiedObject.name>110.0</cim:IdentifiedObject.name>
	<cim:VoltageLevel.highVoltageLimit>121.00</cim:VoltageLevel.highVoltageLimit>
	<cim:VoltageLevel.lowVoltageLimit>99.00</cim:VoltageLevel.lowVoltageLimit>
	<cim:VoltageLevel.BaseVoltage rdf:resource="#_74c90fe8b1e74caab34671f301aa1d90"/>
</cim:VoltageLevel>
<cim:VoltageLevel rdf:ID="_fe2ee8d634604830928797d41ac52906">
	<cim:IdentifiedObject.name>10.0</cim:IdentifiedObject.name>
	<cim:VoltageLevel.highVoltageLimit>11.00</cim:VoltageLevel.highVoltageLimit>
	<cim:VoltageLevel.lowVoltageLimit>9.00</cim:VoltageLevel.lowVoltageLimit>
	<cim:VoltageLevel.BaseVoltage rdf:resource="#_2bbf3404663340c99bea0dc49458b0d9"/>
</cim:VoltageLevel>
<cim:VoltageLevel rdf:ID="_cd0708a9f21644c481ddcf802df1052f">
	<cim:IdentifiedObject.name>110.0</cim:IdentifiedObject.name>
	<cim:VoltageLevel.highVoltageLimit>121.00</cim:VoltageLevel.highVoltageLimit>
	<cim:VoltageLevel.lowVoltageLimit>99.00</cim:VoltageLevel.lowVoltageLimit>
	<cim:VoltageLevel.BaseVoltage rdf:resource="#_74c90fe8b1e74caab34671f301aa1d90"/>
</cim:VoltageLevel>
<cim:VoltageLevel rdf:ID="_bf9ee237061a43fbb3f100a3c0378ed8">
	<cim:IdentifiedObject.name>10.0</cim:IdentifiedObject.name>
	<cim:VoltageLevel.highVoltageLimit>11.00</cim:VoltageLevel.highVoltageLimit>
	<cim:VoltageLevel.lowVoltageLimit>9.00</cim:VoltageLevel.lowVoltageLimit>
	<cim:VoltageLevel.BaseVoltage rdf:resource="#_2bbf3404663340c99bea0dc49458b0d9"/>
</cim:VoltageLevel>
<cim:GeneratingUnit rdf:ID="_d6e9394f5e9942d4a6c00a4cb1d65fd2">
	<cim:IdentifiedObject.name>Swing</cim:IdentifiedObject.name>
	<cim:IdentifiedObject.description>Swing</cim:IdentifiedObject.description>
	<cim:GeneratingUnit.nominalP>100.000</cim:GeneratingUnit.nominalP>
	<cim:GeneratingUnit.normalPF>0.800</cim:GeneratingUnit.normalPF>
	<cim:GeneratingUnit.maxOperatingP>0.000</cim:GeneratingUnit.maxOperatingP>
	<cim:GeneratingUnit.minOperatingP>0.000</cim:GeneratingUnit.minOperatingP>
	<cim:Equipment.equivalent>FALSE</cim:Equipment.equivalent>
	<cim:Equipment.externalsystem>0</cim:Equipment.externalsystem>
	<cim:Equipment.MemberOf_EquipmentContainer rdf:resource="#_fe2ee8d634604830928797d41ac52906"/>
</cim:GeneratingUnit>
<cim:GeneratingUnit rdf:ID="_00089ef7a3ce4062a799d59297ce2d75">
	<cim:IdentifiedObject.name>Gen 1</cim:IdentifiedObject.name>
	<cim:IdentifiedObject.description>Gen 1</cim:IdentifiedObject.description>
	<cim:GeneratingUnit.nominalP>40.000</cim:GeneratingUnit.nominalP>
	<cim:GeneratingUnit.normalPF>0.800</cim:GeneratingUnit.normalPF>
	<cim:GeneratingUnit.maxOperatingP>50.000</cim:GeneratingUnit.maxOperatingP>
	<cim:GeneratingUnit.minOperatingP>0.000</cim:GeneratingUnit.minOperatingP>
	<cim:Equipment.equivalent>FALSE</cim:Equipment.equivalent>
	<cim:Equipment.externalsystem>0</cim:Equipment.externalsystem>
	<cim:Equipment.MemberOf_EquipmentContainer rdf:resource="#_bf9ee237061a43fbb3f100a3c0378ed8"/>
</cim:GeneratingUnit>
<cim:SynchronousMachine rdf:ID="_4df3e252b33a4438a309ec841b80affe">
	<cim:IdentifiedObject.name>Swing</cim:IdentifiedObject.name>
	<cim:IdentifiedObject.description>Swing</cim:IdentifiedObject.description>
	<cim:GeneratingUnit.UniqueNumber>0</cim:GeneratingUnit.UniqueNumber>
	<cim:GeneratingUnit.Voltage>10.000</cim:GeneratingUnit.Voltage>
	<cim:SynchronousMachine.qPercent>0.0</cim:SynchronousMachine.qPercent>
	<cim:SynchronousMachine.maxQ>60.000</cim:SynchronousMachine.maxQ>
	<cim:SynchronousMachine.minQ>-60.000</cim:SynchronousMachine.minQ>
	<cim:SynchronousMachine.ratedS>100.000000</cim:SynchronousMachine.ratedS>
	<cim:SynchronousMachine.Nmb_of_RVC_Node>-1</cim:SynchronousMachine.Nmb_of_RVC_Node>
	<cim:SynchronousMachine.RVC_Node_Voltage>0.000000</cim:SynchronousMachine.RVC_Node_Voltage>
	<cim:SynchronousMachine.RVC_Node_Voltage_Lower>0.000000</cim:SynchronousMachine.RVC_Node_Voltage_Lower>
	<cim:SynchronousMachine.RVC_Node_Voltage_Upper>0.000000</cim:SynchronousMachine.RVC_Node_Voltage_Upper>
	<cim:SynchronousMachine.r>0.001000</cim:SynchronousMachine.r>
	<cim:SynchronousMachine.x>0.160000</cim:SynchronousMachine.x>
	<cim:SynchronousMachine.r0>0.001000</cim:SynchronousMachine.r0>
	<cim:SynchronousMachine.x0>0.160000</cim:SynchronousMachine.x0>
	<cim:SynchronousMachine.r2>0.001000</cim:SynchronousMachine.r2>
	<cim:SynchronousMachine.x2>0.160000</cim:SynchronousMachine.x2>
	<cim:SynchronousMachine.xground>0.000000</cim:SynchronousMachine.xground>
	<cim:SynchronousMachine.rground>0.000000</cim:SynchronousMachine.rground>
	<cim:Equipment.equivalent>FALSE</cim:Equipment.equivalent>
	<cim:SynchronousMachine.SystemSwing>1</cim:SynchronousMachine.SystemSwing>
	<cim:Machine.Type>0</cim:Machine.Type>
	<cim:SynchronousMachine.SalientPole>TRUE</cim:SynchronousMachine.SalientPole>
	<cim:SynchronousMachine.InertiaConstant>4.5000</cim:SynchronousMachine.InertiaConstant>
	<cim:SynchronousMachine.Tdo_subtransient>0.0500</cim:SynchronousMachine.Tdo_subtransient>
	<cim:SynchronousMachine.Tqo_subtransient>0.0800</cim:SynchronousMachine.Tqo_subtransient>
	<cim:SynchronousMachine.Tdo_transient>8.0000</cim:SynchronousMachine.Tdo_transient>
	<cim:SynchronousMachine.Tqo_transient>5.0000</cim:SynchronousMachine.Tqo_transient>
	<cim:SynchronousMachine.Xl>0.100000</cim:SynchronousMachine.Xl>
	<cim:SynchronousMachine.Xd_subtransient>0.160000</cim:SynchronousMachine.Xd_subtransient>
	<cim:SynchronousMachine.Xq_subtransient>0.150000</cim:SynchronousMachine.Xq_subtransient>
	<cim:SynchronousMachine.Xd_transient>0.250000</cim:SynchronousMachine.Xd_transient>
	<cim:SynchronousMachine.Xq_transient>0.800000</cim:SynchronousMachine.Xq_transient>
	<cim:SynchronousMachine.Xd_steady_state>1.200000</cim:SynchronousMachine.Xd_steady_state>
	<cim:SynchronousMachine.Xq_steady_state>0.800000</cim:SynchronousMachine.Xq_steady_state>
	<cim:SynchronousMachine.considerSaturation>1</cim:SynchronousMachine.considerSaturation>
	<cim:SynchronousMachine.SG10>0.30100</cim:SynchronousMachine.SG10>
	<cim:SynchronousMachine.SG12>0.91740</cim:SynchronousMachine.SG12>
	<cim:SynchronousMachine.Statism>10000.0000</cim:SynchronousMachine.Statism>
	<cim:SynchronousMachine.minOperVolt>0.100</cim:SynchronousMachine.minOperVolt>
	<cim:SynchronousMachine.minVoltForRet>0.105</cim:SynchronousMachine.minVoltForRet>
	<cim:StaticGenerator.maxOperVolt>1.2000</cim:StaticGenerator.maxOperVolt>
	<cim:StaticGenerator.lowOperVolt>0.5000</cim:StaticGenerator.lowOperVolt>
	<cim:StaticGenerator.Kp_APR>1.0000</cim:StaticGenerator.Kp_APR>
	<cim:StaticGenerator.Ki_APR>1.0000</cim:StaticGenerator.Ki_APR>
	<cim:StaticGenerator.minLimit_APR>0.0000</cim:StaticGenerator.minLimit_APR>
	<cim:StaticGenerator.maxLimit_APR>1.0000</cim:StaticGenerator.maxLimit_APR>
	<cim:StaticGenerator.Kp_AVR>1.0000</cim:StaticGenerator.Kp_AVR>
	<cim:StaticGenerator.Ki_AVR>1.0000</cim:StaticGenerator.Ki_AVR>
	<cim:StaticGenerator.minLimit_AVR>-1.0000</cim:StaticGenerator.minLimit_AVR>
	<cim:StaticGenerator.maxLimit_AVR>1.0000</cim:StaticGenerator.maxLimit_AVR>
	<cim:SynchronousMachine.DFIM>-1</cim:SynchronousMachine.DFIM>
	<cim:AsynchronousMachine.DoubleCage>FALSE</cim:AsynchronousMachine.DoubleCage>
	<cim:AsynchronousMachine.Xm>0.000000</cim:AsynchronousMachine.Xm>
	<cim:AsynchronousMachine.Rs>0.000000</cim:AsynchronousMachine.Rs>
	<cim:AsynchronousMachine.Xs>0.000000</cim:AsynchronousMachine.Xs>
	<cim:AsynchronousMachine.Rr1>0.000000</cim:AsynchronousMachine.Rr1>
	<cim:AsynchronousMachine.Xr1>0.000000</cim:AsynchronousMachine.Xr1>
	<cim:AsynchronousMachine.Rr2>0.000000</cim:AsynchronousMachine.Rr2>
	<cim:AsynchronousMachine.Xr2>0.000000</cim:AsynchronousMachine.Xr2>
	<cim:SynchronousMachine.operatingMode rdf:resource="http://iec.ch/TC57/2009/CIM-schema-cim14#SynchronousMachineOperatingMode.generator"/>
	<cim:SynchronousMachine.type rdf:resource="http://iec.ch/TC57/2009/CIM-schema-cim14#SynchronousMachineType.generator"/>
	<cim:Equipment.MemberOf_EquipmentContainer rdf:resource="#_fe2ee8d634604830928797d41ac52906"/>
	<cim:RegulatingCondEq.RegulatingControl rdf:resource="#_7459c8ccdf834d2fa586396319ba9130"/>
	<cim:RegulatingCondEq.ExcitationSystem rdf:resource="#_a87d05e0718e4936897662fc86369ef0"/>
	<cim:RegulatingCondEq.PSS rdf:resource="#_80c86869b0e94a7b8118f91d41485ff6"/>
	<cim:RegulatingCondEq.TurbineSystem rdf:resource="#_2b24902960f846a1bdf0a1d279a8ea30"/>
	<cim:SynchronousMachine.MemberOf_GeneratingUnit rdf:resource="#_d6e9394f5e9942d4a6c00a4cb1d65fd2"/>
	<cim:SynchronousMachine.connectionType rdf:resource="http://iec.ch/TC57/2009/CIM-schema-cim14#WindingConnection.YG"/>
</cim:SynchronousMachine>
<cim:SynchronousMachine rdf:ID="_a92b1c9ed2e547bb82d7e53214378897">
	<cim:IdentifiedObject.name>Gen 1</cim:IdentifiedObject.name>
	<cim:IdentifiedObject.description>Gen 1</cim:IdentifiedObject.description>
	<cim:GeneratingUnit.UniqueNumber>1</cim:GeneratingUnit.UniqueNumber>
	<cim:GeneratingUnit.Voltage>10.000</cim:GeneratingUnit.Voltage>
	<cim:SynchronousMachine.qPercent>0.0</cim:SynchronousMachine.qPercent>
	<cim:SynchronousMachine.maxQ>30.000</cim:SynchronousMachine.maxQ>
	<cim:SynchronousMachine.minQ>-20.000</cim:SynchronousMachine.minQ>
	<cim:SynchronousMachine.ratedS>50.000000</cim:SynchronousMachine.ratedS>
	<cim:SynchronousMachine.Nmb_of_RVC_Node>-1</cim:SynchronousMachine.Nmb_of_RVC_Node>
	<cim:SynchronousMachine.RVC_Node_Voltage>0.000000</cim:SynchronousMachine.RVC_Node_Voltage>
	<cim:SynchronousMachine.RVC_Node_Voltage_Lower>0.000000</cim:SynchronousMachine.RVC_Node_Voltage_Lower>
	<cim:SynchronousMachine.RVC_Node_Voltage_Upper>0.000000</cim:SynchronousMachine.RVC_Node_Voltage_Upper>
	<cim:SynchronousMachine.r>0.002000</cim:SynchronousMachine.r>
	<cim:SynchronousMachine.x>0.320000</cim:SynchronousMachine.x>
	<cim:SynchronousMachine.r0>0.002000</cim:SynchronousMachine.r0>
	<cim:SynchronousMachine.x0>0.320000</cim:SynchronousMachine.x0>
	<cim:SynchronousMachine.r2>0.002000</cim:SynchronousMachine.r2>
	<cim:SynchronousMachine.x2>0.320000</cim:SynchronousMachine.x2>
	<cim:SynchronousMachine.xground>0.000000</cim:SynchronousMachine.xground>
	<cim:SynchronousMachine.rground>0.000000</cim:SynchronousMachine.rground>
	<cim:Equipment.equivalent>FALSE</cim:Equipment.equivalent>
	<cim:SynchronousMachine.SystemSwing>0</cim:SynchronousMachine.SystemSwing>
	<cim:Machine.Type>0</cim:Machine.Type>
	<cim:SynchronousMachine.SalientPole>TRUE</cim:SynchronousMachine.SalientPole>
	<cim:SynchronousMachine.InertiaConstant>3.5000</cim:SynchronousMachine.InertiaConstant>
	<cim:SynchronousMachine.Tdo_subtransient>0.0500</cim:SynchronousMachine.Tdo_subtransient>
	<cim:SynchronousMachine.Tqo_subtransient>0.0800</cim:SynchronousMachine.Tqo_subtransient>
	<cim:SynchronousMachine.Tdo_transient>8.0000</cim:SynchronousMachine.Tdo_transient>
	<cim:SynchronousMachine.Tqo_transient>5.0000</cim:SynchronousMachine.Tqo_transient>
	<cim:SynchronousMachine.Xl>0.200000</cim:SynchronousMachine.Xl>
	<cim:SynchronousMachine.Xd_subtransient>0.320000</cim:SynchronousMachine.Xd_subtransient>
	<cim:SynchronousMachine.Xq_subtransient>0.300000</cim:SynchronousMachine.Xq_subtransient>
	<cim:SynchronousMachine.Xd_transient>0.520000</cim:SynchronousMachine.Xd_transient>
	<cim:SynchronousMachine.Xq_transient>1.400000</cim:SynchronousMachine.Xq_transient>
	<cim:SynchronousMachine.Xd_steady_state>2.400000</cim:SynchronousMachine.Xd_steady_state>
	<cim:SynchronousMachine.Xq_steady_state>1.400000</cim:SynchronousMachine.Xq_steady_state>
	<cim:SynchronousMachine.considerSaturation>1</cim:SynchronousMachine.considerSaturation>
	<cim:SynchronousMachine.SG10>0.30100</cim:SynchronousMachine.SG10>
	<cim:SynchronousMachine.SG12>0.91740</cim:SynchronousMachine.SG12>
	<cim:SynchronousMachine.Statism>10000.0000</cim:SynchronousMachine.Statism>
	<cim:SynchronousMachine.minOperVolt>0.100</cim:SynchronousMachine.minOperVolt>
	<cim:SynchronousMachine.minVoltForRet>0.105</cim:SynchronousMachine.minVoltForRet>
	<cim:StaticGenerator.maxOperVolt>1.2000</cim:StaticGenerator.maxOperVolt>
	<cim:StaticGenerator.lowOperVolt>0.5000</cim:StaticGenerator.lowOperVolt>
	<cim:StaticGenerator.Kp_APR>1.0000</cim:StaticGenerator.Kp_APR>
	<cim:StaticGenerator.Ki_APR>1.0000</cim:StaticGenerator.Ki_APR>
	<cim:StaticGenerator.minLimit_APR>0.0000</cim:StaticGenerator.minLimit_APR>
	<cim:StaticGenerator.maxLimit_APR>1.0000</cim:StaticGenerator.maxLimit_APR>
	<cim:StaticGenerator.Kp_AVR>1.0000</cim:StaticGenerator.Kp_AVR>
	<cim:StaticGenerator.Ki_AVR>1.0000</cim:StaticGenerator.Ki_AVR>
	<cim:StaticGenerator.minLimit_AVR>-1.0000</cim:StaticGenerator.minLimit_AVR>
	<cim:StaticGenerator.maxLimit_AVR>1.0000</cim:StaticGenerator.maxLimit_AVR>
	<cim:SynchronousMachine.DFIM>-1</cim:SynchronousMachine.DFIM>
	<cim:AsynchronousMachine.DoubleCage>FALSE</cim:AsynchronousMachine.DoubleCage>
	<cim:AsynchronousMachine.Xm>0.000000</cim:AsynchronousMachine.Xm>
	<cim:AsynchronousMachine.Rs>0.000000</cim:AsynchronousMachine.Rs>
	<cim:AsynchronousMachine.Xs>0.000000</cim:AsynchronousMachine.Xs>
	<cim:AsynchronousMachine.Rr1>0.000000</cim:AsynchronousMachine.Rr1>
	<cim:AsynchronousMachine.Xr1>0.000000</cim:AsynchronousMachine.Xr1>
	<cim:AsynchronousMachine.Rr2>0.000000</cim:AsynchronousMachine.Rr2>
	<cim:AsynchronousMachine.Xr2>0.000000</cim:AsynchronousMachine.Xr2>
	<cim:SynchronousMachine.operatingMode rdf:resource="http://iec.ch/TC57/2009/CIM-schema-cim14#SynchronousMachineOperatingMode.generator"/>
	<cim:SynchronousMachine.type rdf:resource="http://iec.ch/TC57/2009/CIM-schema-cim14#SynchronousMachineType.generator"/>
	<cim:Equipment.MemberOf_EquipmentContainer rdf:resource="#_bf9ee237061a43fbb3f100a3c0378ed8"/>
	<cim:RegulatingCondEq.RegulatingControl rdf:resource="#_d7f57270acdd4a84b736ba61e68ae38a"/>
	<cim:RegulatingCondEq.ExcitationSystem rdf:resource="#_ddbab40d19ee4b9daba590b701cb034a"/>
	<cim:RegulatingCondEq.PSS rdf:resource="#_cf4f730d2b00440dafd40ee8cb6313b4"/>
	<cim:RegulatingCondEq.TurbineSystem rdf:resource="#_56f4df5b7c6d4f0d98bf1c6addd790c8"/>
	<cim:SynchronousMachine.MemberOf_GeneratingUnit rdf:resource="#_00089ef7a3ce4062a799d59297ce2d75"/>
	<cim:SynchronousMachine.connectionType rdf:resource="http://iec.ch/TC57/2009/CIM-schema-cim14#WindingConnection.YG"/>
</cim:SynchronousMachine>
<cim:ACLineSegment rdf:ID="_7b481a29ac364e70bcad1ba9eac2f66f">
	<cim:Line.UniqueNumber>0</cim:Line.UniqueNumber>
	<cim:IdentifiedObject.name>1</cim:IdentifiedObject.name>
	<cim:IdentifiedObject.description>Node 1 - 110 kV Node 2 - 110 kV '1'</cim:IdentifiedObject.description>
	<cim:ACLineSegment.r>0.600000</cim:ACLineSegment.r>
	<cim:ACLineSegment.x>1.400000</cim:ACLineSegment.x>
	<cim:ACLineSegment.bch>5.000000e-05</cim:ACLineSegment.bch>
	<cim:ACLineSegment.gch>0.000000e+00</cim:ACLineSegment.gch>
	<cim:ACLineSegment.r0>1.800000</cim:ACLineSegment.r0>
	<cim:ACLineSegment.x0>4.200000</cim:ACLineSegment.x0>
	<cim:ACLineSegment.b0ch>4.000000e-05</cim:ACLineSegment.b0ch>
	<cim:ACLineSegment.g0ch>0.000000e+00</cim:ACLineSegment.g0ch>
	<cim:ACLineSegment.length>20.000000</cim:ACLineSegment.length>
	<cim:ConductingEquipment.BaseVoltage rdf:resource="#"/>
</cim:ACLineSegment>
<cim:ACLineSegment rdf:ID="_7616b1903eff42219764b13b6a5ea554">
	<cim:Line.UniqueNumber>1</cim:Line.UniqueNumber>
	<cim:IdentifiedObject.name>2</cim:IdentifiedObject.name>
	<cim:IdentifiedObject.description>Node 1 - 110 kV Node 2 - 110 kV '2'</cim:IdentifiedObject.description>
	<cim:ACLineSegment.r>0.600000</cim:ACLineSegment.r>
	<cim:ACLineSegment.x>1.400000</cim:ACLineSegment.x>
	<cim:ACLineSegment.bch>5.000000e-05</cim:ACLineSegment.bch>
	<cim:ACLineSegment.gch>0.000000e+00</cim:ACLineSegment.gch>
	<cim:ACLineSegment.r0>1.800000</cim:ACLineSegment.r0>
	<cim:ACLineSegment.x0>4.200000</cim:ACLineSegment.x0>
	<cim:ACLineSegment.b0ch>4.000000e-05</cim:ACLineSegment.b0ch>
	<cim:ACLineSegment.g0ch>0.000000e+00</cim:ACLineSegment.g0ch>
	<cim:ACLineSegment.length>20.000000</cim:ACLineSegment.length>
	<cim:ConductingEquipment.BaseVoltage rdf:resource="#"/>
</cim:ACLineSegment>
<cim:ACLineSegment rdf:ID="_0fbc7152794c4a40a704a4297a3c62ab">
	<cim:Line.UniqueNumber>2</cim:Line.UniqueNumber>
	<cim:IdentifiedObject.name>3</cim:IdentifiedObject.name>
	<cim:IdentifiedObject.description>Node 3 Node 2 - 110 kV '1'</cim:IdentifiedObject.description>
	<cim:ACLineSegment.r>0.600000</cim:ACLineSegment.r>
	<cim:ACLineSegment.x>1.400000</cim:ACLineSegment.x>
	<cim:ACLineSegment.bch>5.000000e-05</cim:ACLineSegment.bch>
	<cim:ACLineSegment.gch>0.000000e+00</cim:ACLineSegment.gch>
	<cim:ACLineSegment.r0>1.800000</cim:ACLineSegment.r0>
	<cim:ACLineSegment.x0>4.200000</cim:ACLineSegment.x0>
	<cim:ACLineSegment.b0ch>4.000000e-05</cim:ACLineSegment.b0ch>
	<cim:ACLineSegment.g0ch>0.000000e+00</cim:ACLineSegment.g0ch>
	<cim:ACLineSegment.length>20.000000</cim:ACLineSegment.length>
	<cim:ConductingEquipment.BaseVoltage rdf:resource="#"/>
</cim:ACLineSegment>
<cim:PowerTransformer rdf:ID="_c170a58aeff54f4c822d02a1837f0d80">
	<cim:Tran.UniqueNumber>0</cim:Tran.UniqueNumber>
	<cim:IdentifiedObject.name></cim:IdentifiedObject.name>
	<cim:IdentifiedObject.description></cim:IdentifiedObject.description>
	<cim:Equipment.equivalent>FALSE</cim:Equipment.equivalent>
	<cim:PowerTransformer.transformerType rdf:resource="http://iec.ch/TC57/2009/CIM-schema-cim14#TransformerType.fix"/>
	<cim:Tran.EnableVoltageRegulation>0</cim:Tran.EnableVoltageRegulation>
	<cim:Tran.nmb_of_regulated_winding>0</cim:Tran.nmb_of_regulated_winding>
	<cim:Tran.RegulatedVoltage>1.000000</cim:Tran.RegulatedVoltage>
	<cim:Tran.RegulatedVoltageLower>0.990000</cim:Tran.RegulatedVoltageLower>
	<cim:Tran.RegulatedVoltageUpper>1.010000</cim:Tran.RegulatedVoltageUpper>
</cim:PowerTransformer>
<cim:PowerTransformer rdf:ID="_9fe248c2514a47cb99e2b11778b4554f">
	<cim:Tran.UniqueNumber>0</cim:Tran.UniqueNumber>
	<cim:IdentifiedObject.name></cim:IdentifiedObject.name>
	<cim:IdentifiedObject.description></cim:IdentifiedObject.description>
	<cim:Equipment.equivalent>FALSE</cim:Equipment.equivalent>
	<cim:PowerTransformer.transformerType rdf:resource="http://iec.ch/TC57/2009/CIM-schema-cim14#TransformerType.fix"/>
	<cim:Tran.EnableVoltageRegulation>0</cim:Tran.EnableVoltageRegulation>
	<cim:Tran.nmb_of_regulated_winding>0</cim:Tran.nmb_of_regulated_winding>
	<cim:Tran.RegulatedVoltage>1.000000</cim:Tran.RegulatedVoltage>
	<cim:Tran.RegulatedVoltageLower>0.990000</cim:Tran.RegulatedVoltageLower>
	<cim:Tran.RegulatedVoltageUpper>1.010000</cim:Tran.RegulatedVoltageUpper>
</cim:PowerTransformer>
<cim:TransformerWinding rdf:ID="_3302ad2766d34d90af475425bae5fda1">
	<cim:IdentifiedObject.name>Node 1 - 110 kV_Swing_0_1</cim:IdentifiedObject.name>
	<cim:IdentifiedObject.description>Node 1 - 110 kV_Swing_0_1 Primary Winding</cim:IdentifiedObject.description>
	<cim:TransformerWinding.r>0.12099999</cim:TransformerWinding.r>
	<cim:TransformerWinding.x>14.51949596</cim:TransformerWinding.x>
	<cim:TransformerWinding.b>0.0000000000</cim:TransformerWinding.b>
	<cim:TransformerWinding.g>0.0000000000</cim:TransformerWinding.g>
	<cim:TransformerWinding.r0>0.12099999</cim:TransformerWinding.r0>
	<cim:TransformerWinding.x0>14.51949596</cim:TransformerWinding.x0>
	<cim:TransformerWinding.b0>0.0000000000</cim:TransformerWinding.b0>
	<cim:TransformerWinding.g0>0.0000000000</cim:TransformerWinding.g0>
	<cim:TransformerWinding.rground>0.00000000</cim:TransformerWinding.rground>
	<cim:TransformerWinding.xground>0.00000000</cim:TransformerWinding.xground>
	<cim:TransformerWinding.ratedS>100.00</cim:TransformerWinding.ratedS>
	<cim:TransformerWinding.shortTermS>0.00</cim:TransformerWinding.shortTermS>
	<cim:TransformerWinding.emergencyS>0.00</cim:TransformerWinding.emergencyS>
	<cim:TransformerWinding.ratedU>110.000</cim:TransformerWinding.ratedU>
	<cim:TransformerWinding.windingType rdf:resource="http://iec.ch/TC57/2009/CIM-schema-cim14#WindingType.primary"/>
	<cim:TransformerWinding.connectionType rdf:resource="http://iec.ch/TC57/2009/CIM-schema-cim14#WindingConnection.YG"/>
	<cim:ConductingEquipment.BaseVoltage rdf:resource="#_74c90fe8b1e74caab34671f301aa1d90"/>
	<cim:TransformerWinding.HourNumber>0</cim:TransformerWinding.HourNumber>
	<cim:TransformerWinding.MemberOf_PowerTransformer rdf:resource="#_c170a58aeff54f4c822d02a1837f0d80"/>
</cim:TransformerWinding>
<cim:TransformerWinding rdf:ID="_1db8d73f12974f52bf8f8566577d035b">
	<cim:IdentifiedObject.name>Node 1 - 110 kV_Swing_0_1</cim:IdentifiedObject.name>
	<cim:IdentifiedObject.description>Node 1 - 110 kV_Swing_0_1 Secondary Winding</cim:IdentifiedObject.description>
	<cim:TransformerWinding.r>0.00000000</cim:TransformerWinding.r>
	<cim:TransformerWinding.x>0.00000000</cim:TransformerWinding.x>
	<cim:TransformerWinding.b>0.0000000000</cim:TransformerWinding.b>
	<cim:TransformerWinding.g>0.0000000000</cim:TransformerWinding.g>
	<cim:TransformerWinding.r0>0.00000000</cim:TransformerWinding.r0>
	<cim:TransformerWinding.x0>0.00000000</cim:TransformerWinding.x0>
	<cim:TransformerWinding.b0>0.0000000000</cim:TransformerWinding.b0>
	<cim:TransformerWinding.g0>0.0000000000</cim:TransformerWinding.g0>
	<cim:TransformerWinding.rground>0.00000000</cim:TransformerWinding.rground>
	<cim:TransformerWinding.xground>0.00000000</cim:TransformerWinding.xground>
	<cim:TransformerWinding.ratedS>100.00</cim:TransformerWinding.ratedS>
	<cim:TransformerWinding.shortTermS>0.00</cim:TransformerWinding.shortTermS>
	<cim:TransformerWinding.emergencyS>0.00</cim:TransformerWinding.emergencyS>
	<cim:TransformerWinding.ratedU>10.000</cim:TransformerWinding.ratedU>
	<cim:TransformerWinding.windingType rdf:resource="http://iec.ch/TC57/2009/CIM-schema-cim14#WindingType.secondary"/>
	<cim:TransformerWinding.connectionType rdf:resource="http://iec.ch/TC57/2009/CIM-schema-cim14#WindingConnection.YG"/>
	<cim:TransformerWinding.HourNumber>0</cim:TransformerWinding.HourNumber>
	<cim:ConductingEquipment.BaseVoltage rdf:resource="#_2bbf3404663340c99bea0dc49458b0d9"/>
	<cim:TransformerWinding.MemberOf_PowerTransformer rdf:resource="#_c170a58aeff54f4c822d02a1837f0d80"/>
</cim:TransformerWinding>
<cim:TransformerWinding rdf:ID="_68cce2ec988f489cbf2ad6dda3988c0c">
	<cim:IdentifiedObject.name>Node 3_Gen 1_0_1</cim:IdentifiedObject.name>
	<cim:IdentifiedObject.description>Node 3_Gen 1_0_1 Primary Winding</cim:IdentifiedObject.description>
	<cim:TransformerWinding.r>0.12099999</cim:TransformerWinding.r>
	<cim:TransformerWinding.x>14.51949596</cim:TransformerWinding.x>
	<cim:TransformerWinding.b>0.0000000000</cim:TransformerWinding.b>
	<cim:TransformerWinding.g>0.0000000000</cim:TransformerWinding.g>
	<cim:TransformerWinding.r0>0.12099999</cim:TransformerWinding.r0>
	<cim:TransformerWinding.x0>14.51949596</cim:TransformerWinding.x0>
	<cim:TransformerWinding.b0>0.0000000000</cim:TransformerWinding.b0>
	<cim:TransformerWinding.g0>0.0000000000</cim:TransformerWinding.g0>
	<cim:TransformerWinding.rground>0.00000000</cim:TransformerWinding.rground>
	<cim:TransformerWinding.xground>0.00000000</cim:TransformerWinding.xground>
	<cim:TransformerWinding.ratedS>100.00</cim:TransformerWinding.ratedS>
	<cim:TransformerWinding.shortTermS>0.00</cim:TransformerWinding.shortTermS>
	<cim:TransformerWinding.emergencyS>0.00</cim:TransformerWinding.emergencyS>
	<cim:TransformerWinding.ratedU>110.000</cim:TransformerWinding.ratedU>
	<cim:TransformerWinding.windingType rdf:resource="http://iec.ch/TC57/2009/CIM-schema-cim14#WindingType.primary"/>
	<cim:TransformerWinding.connectionType rdf:resource="http://iec.ch/TC57/2009/CIM-schema-cim14#WindingConnection.YG"/>
	<cim:ConductingEquipment.BaseVoltage rdf:resource="#_74c90fe8b1e74caab34671f301aa1d90"/>
	<cim:TransformerWinding.HourNumber>0</cim:TransformerWinding.HourNumber>
	<cim:TransformerWinding.MemberOf_PowerTransformer rdf:resource="#_9fe248c2514a47cb99e2b11778b4554f"/>
</cim:TransformerWinding>
<cim:TransformerWinding rdf:ID="_17774b0585fd4877986f256f272c5833">
	<cim:IdentifiedObject.name>Node 3_Gen 1_0_1</cim:IdentifiedObject.name>
	<cim:IdentifiedObject.description>Node 3_Gen 1_0_1 Secondary Winding</cim:IdentifiedObject.description>
	<cim:TransformerWinding.r>0.00000000</cim:TransformerWinding.r>
	<cim:TransformerWinding.x>0.00000000</cim:TransformerWinding.x>
	<cim:TransformerWinding.b>0.0000000000</cim:TransformerWinding.b>
	<cim:TransformerWinding.g>0.0000000000</cim:TransformerWinding.g>
	<cim:TransformerWinding.r0>0.00000000</cim:TransformerWinding.r0>
	<cim:TransformerWinding.x0>0.00000000</cim:TransformerWinding.x0>
	<cim:TransformerWinding.b0>0.0000000000</cim:TransformerWinding.b0>
	<cim:TransformerWinding.g0>0.0000000000</cim:TransformerWinding.g0>
	<cim:TransformerWinding.rground>0.00000000</cim:TransformerWinding.rground>
	<cim:TransformerWinding.xground>0.00000000</cim:TransformerWinding.xground>
	<cim:TransformerWinding.ratedS>100.00</cim:TransformerWinding.ratedS>
	<cim:TransformerWinding.shortTermS>0.00</cim:TransformerWinding.shortTermS>
	<cim:TransformerWinding.emergencyS>0.00</cim:TransformerWinding.emergencyS>
	<cim:TransformerWinding.ratedU>10.000</cim:TransformerWinding.ratedU>
	<cim:TransformerWinding.windingType rdf:resource="http://iec.ch/TC57/2009/CIM-schema-cim14#WindingType.secondary"/>
	<cim:TransformerWinding.connectionType rdf:resource="http://iec.ch/TC57/2009/CIM-schema-cim14#WindingConnection.YG"/>
	<cim:TransformerWinding.HourNumber>0</cim:TransformerWinding.HourNumber>
	<cim:ConductingEquipment.BaseVoltage rdf:resource="#_2bbf3404663340c99bea0dc49458b0d9"/>
	<cim:TransformerWinding.MemberOf_PowerTransformer rdf:resource="#_9fe248c2514a47cb99e2b11778b4554f"/>
</cim:TransformerWinding>
<cim:EnergyConsumer rdf:ID="_e1a4a2a43d6549afabf758dfaaf16189">
	<cim:EnergyConsumer.UniqueNumber>0</cim:EnergyConsumer.UniqueNumber>
	<cim:IdentifiedObject.name>L1</cim:IdentifiedObject.name>
	<cim:IdentifiedObject.description>L1</cim:IdentifiedObject.description>
	<cim:Equipment.equivalent>FALSE</cim:Equipment.equivalent>
	<cim:Equipment.MemberOf_EquipmentContainer rdf:resource="#_323bce9fbe99473f8ef9fab0d501d25c"/>
	<cim:EnergyConsumer.LoadResponse rdf:resource="#_d2a8fc1beb4d43e8ad80b14dac6ffe61"/>
</cim:EnergyConsumer>
<cim:LoadResponseCharacteristic rdf:ID="_d2a8fc1beb4d43e8ad80b14dac6ffe61">
	<cim:LoadResponseCharacteristic.exponentModel>FALSE</cim:LoadResponseCharacteristic.exponentModel>
	<cim:LoadResponseCharacteristic.pConstantPower>0.679509</cim:LoadResponseCharacteristic.pConstantPower>
	<cim:LoadResponseCharacteristic.qConstantPower>0.679509</cim:LoadResponseCharacteristic.qConstantPower>
	<cim:LoadResponseCharacteristic.pConstantImpedance>0.320491</cim:LoadResponseCharacteristic.pConstantImpedance>
	<cim:LoadResponseCharacteristic.qConstantImpedance>0.320491</cim:LoadResponseCharacteristic.qConstantImpedance>
	<cim:LoadResponseCharacteristic.pConstantCurrent>272.727295</cim:LoadResponseCharacteristic.pConstantCurrent>
	<cim:LoadResponseCharacteristic.qConstantCurrent>-90.909096</cim:LoadResponseCharacteristic.qConstantCurrent>
	<cim:LoadResponseCharacteristic.pVoltageExponentPower>0.000000</cim:LoadResponseCharacteristic.pVoltageExponentPower>
	<cim:LoadResponseCharacteristic.pVoltageExponent>0.000000</cim:LoadResponseCharacteristic.pVoltageExponent>
	<cim:LoadResponseCharacteristic.qVoltageExponentPower>0.000000</cim:LoadResponseCharacteristic.qVoltageExponentPower>
	<cim:LoadResponseCharacteristic.qVoltageExponent>0.000000</cim:LoadResponseCharacteristic.qVoltageExponent>
</cim:LoadResponseCharacteristic>
<cim:Terminal rdf:ID="_e5ddaf7c8353460c9680394b99d9b9be">
	<cim:Line.UniqueNumber>0</cim:Line.UniqueNumber>
	<cim:IdentifiedObject.name>1</cim:IdentifiedObject.name>
	<cim:IdentifiedObject.name>1</cim:IdentifiedObject.name>
	<cim:Terminal.ConductingEquipment rdf:resource="#_7b481a29ac364e70bcad1ba9eac2f66f"/>
</cim:Terminal>
<cim:Terminal rdf:ID="_c9eea992a1ed4499bd7951cf49f5202b">
	<cim:IdentifiedObject.name>1</cim:IdentifiedObject.name>
	<cim:Terminal.ConductingEquipment rdf:resource="#_7b481a29ac364e70bcad1ba9eac2f66f"/>
</cim:Terminal>
<cim:Terminal rdf:ID="_aa02d405f97b4b959f051a1fc736e815">
	<cim:Line.UniqueNumber>1</cim:Line.UniqueNumber>
	<cim:IdentifiedObject.name>1</cim:IdentifiedObject.name>
	<cim:IdentifiedObject.name>1</cim:IdentifiedObject.name>
	<cim:Terminal.ConductingEquipment rdf:resource="#_7616b1903eff42219764b13b6a5ea554"/>
</cim:Terminal>
<cim:Terminal rdf:ID="_f7e94c9120fb4dbbaab35023fc7fb6ba">
	<cim:IdentifiedObject.name>1</cim:IdentifiedObject.name>
	<cim:Terminal.ConductingEquipment rdf:resource="#_7616b1903eff42219764b13b6a5ea554"/>
</cim:Terminal>
<cim:Terminal rdf:ID="_be9737d505e740a8beb5ec3470e9d6de">
	<cim:Line.UniqueNumber>2</cim:Line.UniqueNumber>
	<cim:IdentifiedObject.name>1</cim:IdentifiedObject.name>
	<cim:IdentifiedObject.name>1</cim:IdentifiedObject.name>
	<cim:Terminal.ConductingEquipment rdf:resource="#_0fbc7152794c4a40a704a4297a3c62ab"/>
</cim:Terminal>
<cim:Terminal rdf:ID="_ac820bf08f8143b9afb7fe5fd01ea9e8">
	<cim:IdentifiedObject.name>1</cim:IdentifiedObject.name>
	<cim:Terminal.ConductingEquipment rdf:resource="#_0fbc7152794c4a40a704a4297a3c62ab"/>
</cim:Terminal>
<cim:Terminal rdf:ID="_dc5732c93cd74e70839e192776edf4ef">
	<cim:IdentifiedObject.name>Node 2 - 110 kV</cim:IdentifiedObject.name>
	<cim:Terminal.ConductingEquipment rdf:resource="#_e1a4a2a43d6549afabf758dfaaf16189"/>
</cim:Terminal>
<cim:Terminal rdf:ID="_d7ab82c715fa4e2ebdb5872d7b464eb7">
	<cim:IdentifiedObject.name>Node 1 - 110 kV_Swing_0_1</cim:IdentifiedObject.name>
	<cim:Terminal.ConductingEquipment rdf:resource="#_3302ad2766d34d90af475425bae5fda1"/>
</cim:Terminal>
<cim:Terminal rdf:ID="_017a585cfc064661b1abd8e62453eabc">
	<cim:IdentifiedObject.name>Node 1 - 110 kV_Swing_0_1</cim:IdentifiedObject.name>
	<cim:Terminal.ConductingEquipment rdf:resource="#_1db8d73f12974f52bf8f8566577d035b"/>
</cim:Terminal>
<cim:Terminal rdf:ID="_41883f6f146f4201a7e01e6e5aabc799">
	<cim:IdentifiedObject.name>Node 3_Gen 1_0_1</cim:IdentifiedObject.name>
	<cim:Terminal.ConductingEquipment rdf:resource="#_68cce2ec988f489cbf2ad6dda3988c0c"/>
</cim:Terminal>
<cim:Terminal rdf:ID="_4c1c0d8f3c4c421c9c6bc7335c8b1580">
	<cim:IdentifiedObject.name>Node 3_Gen 1_0_1</cim:IdentifiedObject.name>
	<cim:Terminal.ConductingEquipment rdf:resource="#_17774b0585fd4877986f256f272c5833"/>
</cim:Terminal>
<cim:Terminal rdf:ID="_582a3f5738804a11a2a35ac9deadaaf3">
	<cim:IdentifiedObject.name>Swing</cim:IdentifiedObject.name>
	<cim:Terminal.ConductingEquipment rdf:resource="#_4df3e252b33a4438a309ec841b80affe"/>
</cim:Terminal>
<cim:Terminal rdf:ID="_89f8e981b09a4e5fbffcbf5fc42d2914">
	<cim:IdentifiedObject.name>Gen 1</cim:IdentifiedObject.name>
	<cim:Terminal.ConductingEquipment rdf:resource="#_a92b1c9ed2e547bb82d7e53214378897"/>
</cim:Terminal>
<cim:OperationalLimitSet rdf:ID="_3723170562b84d8ebe5c93d12c71febf">
	<cim:IdentifiedObject.name>Voltage limits for node Node 1 - 110 kV</cim:IdentifiedObject.name>
</cim:OperationalLimitSet>
<cim:OperationalLimitSet rdf:ID="_42ff9cbcc9c34b2f8a826baba3f69afc">
	<cim:IdentifiedObject.name>Voltage limits for node Node 2 - 110 kV</cim:IdentifiedObject.name>
</cim:OperationalLimitSet>
<cim:OperationalLimitSet rdf:ID="_e461d25668f54fdf967a7e9833a96c6c">
	<cim:IdentifiedObject.name>Voltage limits for node Swing</cim:IdentifiedObject.name>
</cim:OperationalLimitSet>
<cim:OperationalLimitSet rdf:ID="_2c16d7f77a534863bd6bcd65beee3055">
	<cim:IdentifiedObject.name>Voltage limits for node Node 3</cim:IdentifiedObject.name>
</cim:OperationalLimitSet>
<cim:OperationalLimitSet rdf:ID="_77c48eaf07ab4cad893d51cb1cd4b3f9">
	<cim:IdentifiedObject.name>Voltage limits for node Gen 1</cim:IdentifiedObject.name>
</cim:OperationalLimitSet>
<cim:OperationalLimitSet rdf:ID="_79a0921ba5ae4c72b8bd786ac92a619a">
	<cim:IdentifiedObject.name>Ratings</cim:IdentifiedObject.name>
	<cim:IdentifiedObject.description>Ratings for BranchNode 1 - 110 kVNode 2 - 110 kV1</cim:IdentifiedObject.description>
	<cim:OperationalLimitSet.Terminal rdf:resource="#_e5ddaf7c8353460c9680394b99d9b9be"/>
</cim:OperationalLimitSet>
<cim:OperationalLimitSet rdf:ID="_948d95790c354cf6ae23c13628217d64">
	<cim:IdentifiedObject.name>Ratings</cim:IdentifiedObject.name>
	<cim:IdentifiedObject.description>Ratings for BranchNode 1 - 110 kVNode 2 - 110 kV2</cim:IdentifiedObject.description>
	<cim:OperationalLimitSet.Terminal rdf:resource="#_aa02d405f97b4b959f051a1fc736e815"/>
</cim:OperationalLimitSet>
<cim:OperationalLimitSet rdf:ID="_2f2ff237dae343abb3539b5bb8b7f2d7">
	<cim:IdentifiedObject.name>Ratings</cim:IdentifiedObject.name>
	<cim:IdentifiedObject.description>Ratings for BranchNode 3Node 2 - 110 kV1</cim:IdentifiedObject.description>
	<cim:OperationalLimitSet.Terminal rdf:resource="#_be9737d505e740a8beb5ec3470e9d6de"/>
</cim:OperationalLimitSet>
<cim:OperationalLimitSet rdf:ID="_9c1b997b25094a62820175df9a5b4d33">
	<cim:IdentifiedObject.name>Ratings</cim:IdentifiedObject.name>
	<cim:IdentifiedObject.description>Ratings for Branch Node 1 - 110 kV_Swing_1</cim:IdentifiedObject.description>
	<cim:OperationalLimitSet.Terminal rdf:resource="#_3302ad2766d34d90af475425bae5fda1"/>
</cim:OperationalLimitSet>
<cim:OperationalLimitSet rdf:ID="_01de594d8ce9486f9c0ea7399e83876c">
	<cim:IdentifiedObject.name>Ratings</cim:IdentifiedObject.name>
	<cim:IdentifiedObject.description>Ratings for Branch Node 1 - 110 kV_Swing_1</cim:IdentifiedObject.description>
	<cim:OperationalLimitSet.Terminal rdf:resource="#_1db8d73f12974f52bf8f8566577d035b"/>
</cim:OperationalLimitSet>
<cim:OperationalLimitSet rdf:ID="_01f0aea5ed904820bbf5498a3c881552">
	<cim:IdentifiedObject.name>Ratings</cim:IdentifiedObject.name>
	<cim:IdentifiedObject.description>Ratings for Branch Node 3_Gen 1_1</cim:IdentifiedObject.description>
	<cim:OperationalLimitSet.Terminal rdf:resource="#_68cce2ec988f489cbf2ad6dda3988c0c"/>
</cim:OperationalLimitSet>
<cim:OperationalLimitSet rdf:ID="_2d1cfddaa1bf497fa51f27ff2a92a106">
	<cim:IdentifiedObject.name>Ratings</cim:IdentifiedObject.name>
	<cim:IdentifiedObject.description>Ratings for Branch Node 3_Gen 1_1</cim:IdentifiedObject.description>
	<cim:OperationalLimitSet.Terminal rdf:resource="#_17774b0585fd4877986f256f272c5833"/>
</cim:OperationalLimitSet>
<cim:OperationalLimitType rdf:ID="_36e1187df75c469ea90c69db37d10b57">
	<cim:IdentifiedObject.name>Alarm</cim:IdentifiedObject.name>
	<cim:OperationalLimitType.direction rdf:resource="http://iec.ch/TC57/2009/CIM-schema-cim14#OperationalLimitDirectionKind.absoluteValue"/>
	<cim:OperationalLimitType.acceptableDuration>0</cim:OperationalLimitType.acceptableDuration>
</cim:OperationalLimitType>
<cim:OperationalLimitType rdf:ID="_a51273071b294bfa9216a47ed6056c23">
	<cim:IdentifiedObject.name>TrippingCurrent</cim:IdentifiedObject.name>
	<cim:OperationalLimitType.direction rdf:resource="http://iec.ch/TC57/2009/CIM-schema-cim14#OperationalLimitDirectionKind.absoluteValue"/>
	<cim:OperationalLimitType.acceptableDuration>0</cim:OperationalLimitType.acceptableDuration>
</cim:OperationalLimitType>
<cim:OperationalLimitType rdf:ID="_484275f274244ceb8eafe7fe2a7ea8a0">
	<cim:IdentifiedObject.name>WarningTrippingCurrent</cim:IdentifiedObject.name>
	<cim:OperationalLimitType.direction rdf:resource="http://iec.ch/TC57/2009/CIM-schema-cim14#OperationalLimitDirectionKind.absoluteValue"/>
	<cim:OperationalLimitType.acceptableDuration>0</cim:OperationalLimitType.acceptableDuration>
</cim:OperationalLimitType>
<cim:OperationalLimitType rdf:ID="_7952c21ae460485aa41c16abcc35ed82">
	<cim:IdentifiedObject.name>LowVoltage</cim:IdentifiedObject.name>
	<cim:OperationalLimitType.direction rdf:resource="http://iec.ch/TC57/2009/CIM-schema-cim14#OperationalLimitDirectionKind.low"/>
	<cim:OperationalLimitType.acceptableDuration>0</cim:OperationalLimitType.acceptableDuration>
</cim:OperationalLimitType>
<cim:OperationalLimitType rdf:ID="_eea5acde24744aa1939b7ee6b6556586">
	<cim:IdentifiedObject.name>HighVoltage</cim:IdentifiedObject.name>
	<cim:OperationalLimitType.direction rdf:resource="http://iec.ch/TC57/2009/CIM-schema-cim14#OperationalLimitDirectionKind.high"/>
	<cim:OperationalLimitType.acceptableDuration>0</cim:OperationalLimitType.acceptableDuration>
</cim:OperationalLimitType>
<cim:CurrentLimit rdf:ID="_225ea1c8aa14476aa8916793d6845663">
	<cim:IdentifiedObject.name>Normal</cim:IdentifiedObject.name>
	<cim:IdentifiedObject.description>Ratings for Branch Node 1 - 110 kV_Node 2 - 110 kV_1 - Normal</cim:IdentifiedObject.description>
	<cim:CurrentLimit.value>720.000</cim:CurrentLimit.value>
	<cim:OperationalLimit.OperationalLimitSet rdf:resource="#_79a0921ba5ae4c72b8bd786ac92a619a"/>
	<cim:OperationalLimit.OperationalLimitType rdf:resource="#_36e1187df75c469ea90c69db37d10b57"/>
</cim:CurrentLimit>
<cim:CurrentLimit rdf:ID="_225ea1c8aa14476aa8916793d6845663">
	<cim:IdentifiedObject.name>Emergency</cim:IdentifiedObject.name>
	<cim:IdentifiedObject.description>Ratings for Branch Node 1 - 110 kV_Node 2 - 110 kV_1 - Emergency</cim:IdentifiedObject.description>
	<cim:CurrentLimit.value>0.000</cim:CurrentLimit.value>
	<cim:OperationalLimit.OperationalLimitSet rdf:resource="#_79a0921ba5ae4c72b8bd786ac92a619a"/>
	<cim:OperationalLimit.OperationalLimitType rdf:resource="#_a51273071b294bfa9216a47ed6056c23"/>
</cim:CurrentLimit>
<cim:CurrentLimit rdf:ID="_225ea1c8aa14476aa8916793d6845663">
	<cim:IdentifiedObject.name>ShortTerm</cim:IdentifiedObject.name>
	<cim:IdentifiedObject.description>Ratings for Branch Node 1 - 110 kV_Node 2 - 110 kV_1 - ShortTerm</cim:IdentifiedObject.description>
	<cim:CurrentLimit.value>0.000</cim:CurrentLimit.value>
	<cim:OperationalLimit.OperationalLimitSet rdf:resource="#_79a0921ba5ae4c72b8bd786ac92a619a"/>
	<cim:OperationalLimit.OperationalLimitType rdf:resource="#_484275f274244ceb8eafe7fe2a7ea8a0"/>
</cim:CurrentLimit>
<cim:CurrentLimit rdf:ID="_519c6b5d7f3343e3a9c1df3caeff2f30">
	<cim:IdentifiedObject.name>Normal</cim:IdentifiedObject.name>
	<cim:IdentifiedObject.description>Ratings for Branch Node 1 - 110 kV_Node 2 - 110 kV_2 - Normal</cim:IdentifiedObject.description>
	<cim:CurrentLimit.value>720.000</cim:CurrentLimit.value>
	<cim:OperationalLimit.OperationalLimitSet rdf:resource="#_948d95790c354cf6ae23c13628217d64"/>
	<cim:OperationalLimit.OperationalLimitType rdf:resource="#_36e1187df75c469ea90c69db37d10b57"/>
</cim:CurrentLimit>
<cim:CurrentLimit rdf:ID="_519c6b5d7f3343e3a9c1df3caeff2f30">
	<cim:IdentifiedObject.name>Emergency</cim:IdentifiedObject.name>
	<cim:IdentifiedObject.description>Ratings for Branch Node 1 - 110 kV_Node 2 - 110 kV_2 - Emergency</cim:IdentifiedObject.description>
	<cim:CurrentLimit.value>0.000</cim:CurrentLimit.value>
	<cim:OperationalLimit.OperationalLimitSet rdf:resource="#_948d95790c354cf6ae23c13628217d64"/>
	<cim:OperationalLimit.OperationalLimitType rdf:resource="#_a51273071b294bfa9216a47ed6056c23"/>
</cim:CurrentLimit>
<cim:CurrentLimit rdf:ID="_519c6b5d7f3343e3a9c1df3caeff2f30">
	<cim:IdentifiedObject.name>ShortTerm</cim:IdentifiedObject.name>
	<cim:IdentifiedObject.description>Ratings for Branch Node 1 - 110 kV_Node 2 - 110 kV_2 - ShortTerm</cim:IdentifiedObject.description>
	<cim:CurrentLimit.value>0.000</cim:CurrentLimit.value>
	<cim:OperationalLimit.OperationalLimitSet rdf:resource="#_948d95790c354cf6ae23c13628217d64"/>
	<cim:OperationalLimit.OperationalLimitType rdf:resource="#_484275f274244ceb8eafe7fe2a7ea8a0"/>
</cim:CurrentLimit>
<cim:CurrentLimit rdf:ID="_3aa41748ed0e4e028a10add0075b81be">
	<cim:IdentifiedObject.name>Normal</cim:IdentifiedObject.name>
	<cim:IdentifiedObject.description>Ratings for Branch Node 3_Node 2 - 110 kV_1 - Normal</cim:IdentifiedObject.description>
	<cim:CurrentLimit.value>720.000</cim:CurrentLimit.value>
	<cim:OperationalLimit.OperationalLimitSet rdf:resource="#_2f2ff237dae343abb3539b5bb8b7f2d7"/>
	<cim:OperationalLimit.OperationalLimitType rdf:resource="#_36e1187df75c469ea90c69db37d10b57"/>
</cim:CurrentLimit>
<cim:CurrentLimit rdf:ID="_3aa41748ed0e4e028a10add0075b81be">
	<cim:IdentifiedObject.name>Emergency</cim:IdentifiedObject.name>
	<cim:IdentifiedObject.description>Ratings for Branch Node 3_Node 2 - 110 kV_1 - Emergency</cim:IdentifiedObject.description>
	<cim:CurrentLimit.value>0.000</cim:CurrentLimit.value>
	<cim:OperationalLimit.OperationalLimitSet rdf:resource="#_2f2ff237dae343abb3539b5bb8b7f2d7"/>
	<cim:OperationalLimit.OperationalLimitType rdf:resource="#_a51273071b294bfa9216a47ed6056c23"/>
</cim:CurrentLimit>
<cim:CurrentLimit rdf:ID="_3aa41748ed0e4e028a10add0075b81be">
	<cim:IdentifiedObject.name>ShortTerm</cim:IdentifiedObject.name>
	<cim:IdentifiedObject.description>Ratings for Branch Node 3_Node 2 - 110 kV_1 - ShortTerm</cim:IdentifiedObject.description>
	<cim:CurrentLimit.value>0.000</cim:CurrentLimit.value>
	<cim:OperationalLimit.OperationalLimitSet rdf:resource="#_2f2ff237dae343abb3539b5bb8b7f2d7"/>
	<cim:OperationalLimit.OperationalLimitType rdf:resource="#_484275f274244ceb8eafe7fe2a7ea8a0"/>
</cim:CurrentLimit>
<cim:CurrentLimit rdf:ID="_2e0f232855ea4b09aa7ecaf7a292b64a">
	<cim:IdentifiedObject.name>Emergency</cim:IdentifiedObject.name>
	<cim:IdentifiedObject.description>Ratings for Branch Node 1 - 110 kV_Swing_1 - Normal</cim:IdentifiedObject.description>
	<cim:CurrentLimit.value>0.525</cim:CurrentLimit.value>
	<cim:OperationalLimit.OperationalLimitSet rdf:resource="#_9c1b997b25094a62820175df9a5b4d33"/>
	<cim:OperationalLimit.OperationalLimitType rdf:resource="#_36e1187df75c469ea90c69db37d10b57"/>
</cim:CurrentLimit>
<cim:CurrentLimit rdf:ID="_882b9f01a26240a396c65f3cbc10d7e5">
	<cim:IdentifiedObject.name>Normal</cim:IdentifiedObject.name>
	<cim:IdentifiedObject.description>Ratings for Branch Node 1 - 110 kV_Swing_1 - Emergency</cim:IdentifiedObject.description>
	<cim:CurrentLimit.value>0.000</cim:CurrentLimit.value>
	<cim:OperationalLimit.OperationalLimitSet rdf:resource="#_9c1b997b25094a62820175df9a5b4d33"/>
	<cim:OperationalLimit.OperationalLimitType rdf:resource="#_a51273071b294bfa9216a47ed6056c23"/>
</cim:CurrentLimit>
<cim:CurrentLimit rdf:ID="_54a8ab7067854283af379c04fa5f8ae5">
	<cim:IdentifiedObject.name>ShortTerm</cim:IdentifiedObject.name>
	<cim:IdentifiedObject.description>Ratings for Branch Node 1 - 110 kV_Swing_1 - ShortTerm</cim:IdentifiedObject.description>
	<cim:CurrentLimit.value>0.000</cim:CurrentLimit.value>
	<cim:OperationalLimit.OperationalLimitSet rdf:resource="#_9c1b997b25094a62820175df9a5b4d33"/>
	<cim:OperationalLimit.OperationalLimitType rdf:resource="#_484275f274244ceb8eafe7fe2a7ea8a0"/>
</cim:CurrentLimit>
<cim:CurrentLimit rdf:ID="_a00132971e13403da28be75d7c67a188">
	<cim:IdentifiedObject.name>Emergency</cim:IdentifiedObject.name>
	<cim:IdentifiedObject.description>Ratings for Branch Node 1 - 110 kV_Swing_1 - Normal</cim:IdentifiedObject.description>
	<cim:CurrentLimit.value>5.774</cim:CurrentLimit.value>
	<cim:OperationalLimit.OperationalLimitSet rdf:resource="#_01de594d8ce9486f9c0ea7399e83876c"/>
	<cim:OperationalLimit.OperationalLimitType rdf:resource="#_36e1187df75c469ea90c69db37d10b57"/>
</cim:CurrentLimit>
<cim:CurrentLimit rdf:ID="_fe168373557947d2a109a90c1ad6d96d">
	<cim:IdentifiedObject.name>Normal</cim:IdentifiedObject.name>
	<cim:IdentifiedObject.description>Ratings for Branch Node 1 - 110 kV_Swing_1 - Emergency</cim:IdentifiedObject.description>
	<cim:CurrentLimit.value>0.000</cim:CurrentLimit.value>
	<cim:OperationalLimit.OperationalLimitSet rdf:resource="#_01de594d8ce9486f9c0ea7399e83876c"/>
	<cim:OperationalLimit.OperationalLimitType rdf:resource="#_a51273071b294bfa9216a47ed6056c23"/>
</cim:CurrentLimit>
<cim:CurrentLimit rdf:ID="_818899675c6a4b7f82c7405f91e6b3ab">
	<cim:IdentifiedObject.name>ShortTerm</cim:IdentifiedObject.name>
	<cim:IdentifiedObject.description>Ratings for Branch Node 1 - 110 kV_Swing_1 - ShortTerm</cim:IdentifiedObject.description>
	<cim:CurrentLimit.value>0.000</cim:CurrentLimit.value>
	<cim:OperationalLimit.OperationalLimitSet rdf:resource="#_01de594d8ce9486f9c0ea7399e83876c"/>
	<cim:OperationalLimit.OperationalLimitType rdf:resource="#_484275f274244ceb8eafe7fe2a7ea8a0"/>
</cim:CurrentLimit>
<cim:CurrentLimit rdf:ID="_7f53e1e35cf148b9a245e9a14dcece09">
	<cim:IdentifiedObject.name>Emergency</cim:IdentifiedObject.name>
	<cim:IdentifiedObject.description>Ratings for Branch Node 3_Gen 1_1 - Normal</cim:IdentifiedObject.description>
	<cim:CurrentLimit.value>0.525</cim:CurrentLimit.value>
	<cim:OperationalLimit.OperationalLimitSet rdf:resource="#_01f0aea5ed904820bbf5498a3c881552"/>
	<cim:OperationalLimit.OperationalLimitType rdf:resource="#_36e1187df75c469ea90c69db37d10b57"/>
</cim:CurrentLimit>
<cim:CurrentLimit rdf:ID="_46ff9fda6f22489282970de342ddb607">
	<cim:IdentifiedObject.name>Normal</cim:IdentifiedObject.name>
	<cim:IdentifiedObject.description>Ratings for Branch Node 3_Gen 1_1 - Emergency</cim:IdentifiedObject.description>
	<cim:CurrentLimit.value>0.000</cim:CurrentLimit.value>
	<cim:OperationalLimit.OperationalLimitSet rdf:resource="#_01f0aea5ed904820bbf5498a3c881552"/>
	<cim:OperationalLimit.OperationalLimitType rdf:resource="#_a51273071b294bfa9216a47ed6056c23"/>
</cim:CurrentLimit>
<cim:CurrentLimit rdf:ID="_61e92a72a09e4807bc8f2e76c5cdf1d5">
	<cim:IdentifiedObject.name>ShortTerm</cim:IdentifiedObject.name>
	<cim:IdentifiedObject.description>Ratings for Branch Node 3_Gen 1_1 - ShortTerm</cim:IdentifiedObject.description>
	<cim:CurrentLimit.value>0.000</cim:CurrentLimit.value>
	<cim:OperationalLimit.OperationalLimitSet rdf:resource="#_01f0aea5ed904820bbf5498a3c881552"/>
	<cim:OperationalLimit.OperationalLimitType rdf:resource="#_484275f274244ceb8eafe7fe2a7ea8a0"/>
</cim:CurrentLimit>
<cim:CurrentLimit rdf:ID="_336902dbdfae4e318e39d4010a96cb99">
	<cim:IdentifiedObject.name>Emergency</cim:IdentifiedObject.name>
	<cim:IdentifiedObject.description>Ratings for Branch Node 3_Gen 1_1 - Normal</cim:IdentifiedObject.description>
	<cim:CurrentLimit.value>5.774</cim:CurrentLimit.value>
	<cim:OperationalLimit.OperationalLimitSet rdf:resource="#_2d1cfddaa1bf497fa51f27ff2a92a106"/>
	<cim:OperationalLimit.OperationalLimitType rdf:resource="#_36e1187df75c469ea90c69db37d10b57"/>
</cim:CurrentLimit>
<cim:CurrentLimit rdf:ID="_a75ef416e8db46118f8fc28725c2e008">
	<cim:IdentifiedObject.name>Normal</cim:IdentifiedObject.name>
	<cim:IdentifiedObject.description>Ratings for Branch Node 3_Gen 1_1 - Emergency</cim:IdentifiedObject.description>
	<cim:CurrentLimit.value>0.000</cim:CurrentLimit.value>
	<cim:OperationalLimit.OperationalLimitSet rdf:resource="#_2d1cfddaa1bf497fa51f27ff2a92a106"/>
	<cim:OperationalLimit.OperationalLimitType rdf:resource="#_a51273071b294bfa9216a47ed6056c23"/>
</cim:CurrentLimit>
<cim:CurrentLimit rdf:ID="_15126b0fe4794c8d9188e94327544e64">
	<cim:IdentifiedObject.name>ShortTerm</cim:IdentifiedObject.name>
	<cim:IdentifiedObject.description>Ratings for Branch Node 3_Gen 1_1 - ShortTerm</cim:IdentifiedObject.description>
	<cim:CurrentLimit.value>0.000</cim:CurrentLimit.value>
	<cim:OperationalLimit.OperationalLimitSet rdf:resource="#_2d1cfddaa1bf497fa51f27ff2a92a106"/>
	<cim:OperationalLimit.OperationalLimitType rdf:resource="#_484275f274244ceb8eafe7fe2a7ea8a0"/>
</cim:CurrentLimit>
<cim:RegulatingControl rdf:ID="_7459c8ccdf834d2fa586396319ba9130">
	<cim:IdentifiedObject.name>1</cim:IdentifiedObject.name>
	<cim:RegulatingControl.discrete>false</cim:RegulatingControl.discrete>
	<cim:RegulatingControl.mode rdf:resource="http://iec.ch/TC57/2009/CIM-schema-cim14#RegulatingControlModeKind.voltage"/>
	<cim:RegulatingControl.targetValue>10.000</cim:RegulatingControl.targetValue>
	<cim:RegulatingControl.targetRange>0.0</cim:RegulatingControl.targetRange>
	<cim:RegulatingControl.Terminal rdf:resource="#_582a3f5738804a11a2a35ac9deadaaf3"/>
</cim:RegulatingControl>
<cim:RegulatingControl rdf:ID="_d7f57270acdd4a84b736ba61e68ae38a">
	<cim:IdentifiedObject.name>1</cim:IdentifiedObject.name>
	<cim:RegulatingControl.discrete>false</cim:RegulatingControl.discrete>
	<cim:RegulatingControl.mode rdf:resource="http://iec.ch/TC57/2009/CIM-schema-cim14#RegulatingControlModeKind.voltage"/>
	<cim:RegulatingControl.targetValue>10.000</cim:RegulatingControl.targetValue>
	<cim:RegulatingControl.targetRange>0.0</cim:RegulatingControl.targetRange>
	<cim:RegulatingControl.Terminal rdf:resource="#_89f8e981b09a4e5fbffcbf5fc42d2914"/>
</cim:RegulatingControl>
<cim:ExcitationSystem rdf:ID="_a87d05e0718e4936897662fc86369ef0">
	<cim:ExcitationSystem.name>ST1A</cim:ExcitationSystem.name>
	<cim:ExcitationSystem.TA>0.150000</cim:ExcitationSystem.TA>
	<cim:ExcitationSystem.TB>0.500000</cim:ExcitationSystem.TB>
	<cim:ExcitationSystem.TC>0.050000</cim:ExcitationSystem.TC>
	<cim:ExcitationSystem.TB1>0.500000</cim:ExcitationSystem.TB1>
	<cim:ExcitationSystem.TC1>0.050000</cim:ExcitationSystem.TC1>
	<cim:ExcitationSystem.TF>0.200000</cim:ExcitationSystem.TF>
	<cim:ExcitationSystem.TR>0.020000</cim:ExcitationSystem.TR>
	<cim:ExcitationSystem.VRMIN>-3.500000</cim:ExcitationSystem.VRMIN>
	<cim:ExcitationSystem.VRMAX>3.500000</cim:ExcitationSystem.VRMAX>
	<cim:ExcitationSystem.VAMIN>-6.000000</cim:ExcitationSystem.VAMIN>
	<cim:ExcitationSystem.VAMAX>6.000000</cim:ExcitationSystem.VAMAX>
	<cim:ExcitationSystem.VIMIN>-0.150000</cim:ExcitationSystem.VIMIN>
	<cim:ExcitationSystem.VIMAX>0.150000</cim:ExcitationSystem.VIMAX>
	<cim:ExcitationSystem.ILR>4.400000</cim:ExcitationSystem.ILR>
	<cim:ExcitationSystem.KA>5.000000</cim:ExcitationSystem.KA>
	<cim:ExcitationSystem.KC>0.038000</cim:ExcitationSystem.KC>
	<cim:ExcitationSystem.KF>0.000000</cim:ExcitationSystem.KF>
	<cim:ExcitationSystem.KLR>4.540000</cim:ExcitationSystem.KLR>
</cim:ExcitationSystem>
<cim:ExcitationSystem rdf:ID="_ddbab40d19ee4b9daba590b701cb034a">
	<cim:ExcitationSystem.name>ST1A</cim:ExcitationSystem.name>
	<cim:ExcitationSystem.TA>0.150000</cim:ExcitationSystem.TA>
	<cim:ExcitationSystem.TB>0.500000</cim:ExcitationSystem.TB>
	<cim:ExcitationSystem.TC>0.050000</cim:ExcitationSystem.TC>
	<cim:ExcitationSystem.TB1>0.500000</cim:ExcitationSystem.TB1>
	<cim:ExcitationSystem.TC1>0.050000</cim:ExcitationSystem.TC1>
	<cim:ExcitationSystem.TF>0.200000</cim:ExcitationSystem.TF>
	<cim:ExcitationSystem.TR>0.020000</cim:ExcitationSystem.TR>
	<cim:ExcitationSystem.VRMIN>-4.000000</cim:ExcitationSystem.VRMIN>
	<cim:ExcitationSystem.VRMAX>4.000000</cim:ExcitationSystem.VRMAX>
	<cim:ExcitationSystem.VAMIN>-6.000000</cim:ExcitationSystem.VAMIN>
	<cim:ExcitationSystem.VAMAX>6.000000</cim:ExcitationSystem.VAMAX>
	<cim:ExcitationSystem.VIMIN>-0.150000</cim:ExcitationSystem.VIMIN>
	<cim:ExcitationSystem.VIMAX>0.150000</cim:ExcitationSystem.VIMAX>
	<cim:ExcitationSystem.ILR>4.400000</cim:ExcitationSystem.ILR>
	<cim:ExcitationSystem.KA>5.000000</cim:ExcitationSystem.KA>
	<cim:ExcitationSystem.KC>0.038000</cim:ExcitationSystem.KC>
	<cim:ExcitationSystem.KF>0.000000</cim:ExcitationSystem.KF>
	<cim:ExcitationSystem.KLR>4.540000</cim:ExcitationSystem.KLR>
</cim:ExcitationSystem>
<cim:TurbineSystem rdf:ID="_2b24902960f846a1bdf0a1d279a8ea30">
	<cim:TurbineSystem.TypeOfTurbine>0</cim:TurbineSystem.TypeOfTurbine>
	<cim:TurbineSystem.TypeOfTurbineGovernor>0</cim:TurbineSystem.TypeOfTurbineGovernor>
	<cim:TurbineSystem.TurbineGovernor rdf:resource="_516c8bf98f0c4d9f86cd061577a828d4">
	<cim:TurbineSystem.Prated>90.000000</cim:TurbineSystem.Prated>
	<cim:TurbineSystem.qnL>0.160000</cim:TurbineSystem.qnL>
	<cim:TurbineSystem.fp>0.000300</cim:TurbineSystem.fp>
	<cim:TurbineSystem.Zo>1.400000</cim:TurbineSystem.Zo>
	<cim:TurbineSystem.Te>2.000000</cim:TurbineSystem.Te>
	<cim:TurbineSystem.D>0.400000</cim:TurbineSystem.D>
</cim:TurbineSystem>
<cim:TurbineSystem rdf:ID="_56f4df5b7c6d4f0d98bf1c6addd790c8">
	<cim:TurbineSystem.TypeOfTurbine>0</cim:TurbineSystem.TypeOfTurbine>
	<cim:TurbineSystem.TypeOfTurbineGovernor>0</cim:TurbineSystem.TypeOfTurbineGovernor>
	<cim:TurbineSystem.TurbineGovernor rdf:resource="_c172b358ab364eb1be26d7d5d34179c6">
	<cim:TurbineSystem.Prated>40.000000</cim:TurbineSystem.Prated>
	<cim:TurbineSystem.qnL>0.160000</cim:TurbineSystem.qnL>
	<cim:TurbineSystem.fp>0.000300</cim:TurbineSystem.fp>
	<cim:TurbineSystem.Zo>1.400000</cim:TurbineSystem.Zo>
	<cim:TurbineSystem.Te>2.000000</cim:TurbineSystem.Te>
	<cim:TurbineSystem.D>0.400000</cim:TurbineSystem.D>
</cim:TurbineSystem>
<cim:TurbineGovernor rdf:ID="_516c8bf98f0c4d9f86cd061577a828d4">
	<cim:TurbineGovernor.TypeOfTurbineGovernor>0</cim:ExcitationSystem.TurbineGovernor.TypeOfTurbineGovernor>
	<cim:TurbineGovernor.Tg>0.100000</cim:TurbineGovernor.Tg>
	<cim:TurbineGovernor.Tp>0.020000</cim:TurbineGovernor.Tp>
	<cim:TurbineGovernor.TR>1.000000</cim:TurbineGovernor.TR>
	<cim:TurbineGovernor.Q>10.000000</cim:TurbineGovernor.Q>
	<cim:TurbineGovernor.Rt>0.450000</cim:TurbineGovernor.Rt>
	<cim:TurbineGovernor.Rp>0.450000</cim:TurbineGovernor.Rp>
	<cim:TurbineGovernor.OPEN>0.100000</cim:TurbineGovernor.OPEN>
	<cim:TurbineGovernor.CLOSE>-0.100000</cim:TurbineGovernor.CLOSE>
	<cim:TurbineGovernor.GMIN>0.000000</cim:TurbineGovernor.GMIN>
	<cim:TurbineGovernor.GMAX>1.000000</cim:TurbineGovernor.GMAX>
</cim:TurbineGovernor>
<cim:TurbineGovernor rdf:ID="_c172b358ab364eb1be26d7d5d34179c6">
	<cim:TurbineGovernor.TypeOfTurbineGovernor>0</cim:ExcitationSystem.TurbineGovernor.TypeOfTurbineGovernor>
	<cim:TurbineGovernor.Tg>0.100000</cim:TurbineGovernor.Tg>
	<cim:TurbineGovernor.Tp>0.020000</cim:TurbineGovernor.Tp>
	<cim:TurbineGovernor.TR>1.000000</cim:TurbineGovernor.TR>
	<cim:TurbineGovernor.Q>10.000000</cim:TurbineGovernor.Q>
	<cim:TurbineGovernor.Rt>0.450000</cim:TurbineGovernor.Rt>
	<cim:TurbineGovernor.Rp>0.450000</cim:TurbineGovernor.Rp>
	<cim:TurbineGovernor.OPEN>0.100000</cim:TurbineGovernor.OPEN>
	<cim:TurbineGovernor.CLOSE>-0.100000</cim:TurbineGovernor.CLOSE>
	<cim:TurbineGovernor.GMIN>0.000000</cim:TurbineGovernor.GMIN>
	<cim:TurbineGovernor.GMAX>1.000000</cim:TurbineGovernor.GMAX>
</cim:TurbineGovernor>
<cim:PSS rdf:ID="_80c86869b0e94a7b8118f91d41485ff6">
</cim:PSS>
<cim:PSS rdf:ID="_cf4f730d2b00440dafd40ee8cb6313b4">
</cim:PSS>
<cim:RegulatingControl rdf:ID="(null)">
	<cim:IdentifiedObject.name>1</cim:IdentifiedObject.name>
	<cim:RegulatingControl.discrete>true</cim:RegulatingControl.discrete>
	<cim:RegulatingControl.mode rdf:resource="http://iec.ch/TC57/2009/CIM-schema-cim14#RegulatingControlModeKind.voltage"/>
	<cim:RegulatingControl.targetValue>110.000</cim:RegulatingControl.targetValue>
	<cim:RegulatingControl.targetRange>2.200</cim:RegulatingControl.targetRange>
	<cim:RegulatingControl.Terminal rdf:resource="#_d7ab82c715fa4e2ebdb5872d7b464eb7"/>
</cim:RegulatingControl>
<cim:RegulatingControl rdf:ID="(null)">
	<cim:IdentifiedObject.name>1</cim:IdentifiedObject.name>
	<cim:RegulatingControl.discrete>true</cim:RegulatingControl.discrete>
	<cim:RegulatingControl.mode rdf:resource="http://iec.ch/TC57/2009/CIM-schema-cim14#RegulatingControlModeKind.voltage"/>
	<cim:RegulatingControl.targetValue>110.000</cim:RegulatingControl.targetValue>
	<cim:RegulatingControl.targetRange>2.200</cim:RegulatingControl.targetRange>
	<cim:RegulatingControl.Terminal rdf:resource="#_41883f6f146f4201a7e01e6e5aabc799"/>
</cim:RegulatingControl>
<cim:VoltageStabilitySettings rdf:ID="_82836329fc754952995863745c6380c0">
	<cim:VoltageStabilitySettings.nmbOfIterations>256</cim:VoltageStabilitySettings.nmbOfIterations>
	<cim:VoltageStabilitySettings.nmbOfDrawingNodes>0</cim:VoltageStabilitySettings.nmbOfDrawingNodes>
	<cim:VoltageStabilitySettings.loadShiftCoefficient>1.050000</cim:VoltageStabilitySettings.loadShiftCoefficient>
	<cim:VoltageStabilitySettings.xScaleRatio>1.000000</cim:VoltageStabilitySettings.xScaleRatio>
	<cim:VoltageStabilitySettings.yScaleRatio>1.000000</cim:VoltageStabilitySettings.yScaleRatio>
	<cim:VoltageStabilitySettings.nmbNodesTakingPartInVoltageStability>0</cim:VoltageStabilitySettings.nmbNodesTakingPartInVoltageStability>
	<cim:VoltageStabilitySettings.nmbGensTakingPartInVoltageStability>0</cim:VoltageStabilitySettings.nmbGensTakingPartInVoltageStability>
</cim:VoltageStabilitySettings>
</rdf:RDF>