<?xml version="1.0" encoding="UTF-8"?>
<rdf:RDF xmlns:rdf="http://www.w3.org/1999/02/22-rdf-syntax-ns#" xmlns:cim="http://iec.ch/TC57/2009/CIM-schema-cim14#">
<md:FullModel xmlns:md="http://www.casepowersoftware.com/2020/Five Node.xml_EQ/1">
	<md:Model.created>2025-10-26-22</md:Model.created>
	<md:Model.Version>
		<md:Description>
			<md:Description.name>Five Node.xml_EQ</md:Description.name>
			<md:Description.version>1</md:Description.version>
		</md:Description>
	</md:Model.Version>
	<md:Model.ModelingAuthoritySet>
		<md:Description>
			<md:Description.name>Five Node.xml</md:Description.name>
		</md:Description>
	</md:Model.ModelingAuthoritySet>
	<md:Model.Profile>
		<md:Description>
			<md:Description.uri>http://iec.ch/TC57/61970-452/Equipment/1</md:Description.uri>
			<md:Description.name>IEC61970-452-Equipment_Model</md:Description.name>
			<md:Description.version>1</md:Description.version>
		</md:Description>
	</md:Model.Profile>
	<md:Model.Creator>
		<md:Description>
			<md:Description.name>CASE 1.0</md:Description.name>
		</md:Description>
	</md:Model.Creator>
</md:FullModel>
<cim:IEC61970CIMVersion rdf:ID="_8f62addc6d5e49e3bbf4979ddaa945ef">
	<cim:IEC61970CIMVersion.version>CASE XML Format 1.0</cim:IEC61970CIMVersion.version>
	<cim:IEC61970CIMVersion.date>2020-04-04</cim:IEC61970CIMVersion.date>
</cim:IEC61970CIMVersion>
<cim:TopologicalIsland rdf:ID="_62fcad53b11c43b9814eefa819299a74">
	<cim:IdentifiedObject.name>System</cim:IdentifiedObject.name>
	<cim:IdentifiedObject.description>Main system topological island</cim:IdentifiedObject.description>
	<cim:TopologicalIsland.AngleRef_TopologicalNode rdf:resource="#_9ef8e98a7e6f47579a064f86068bbc93"/>
</cim:TopologicalIsland>
<cim:BaseVoltage rdf:ID="_f66051a8aae34ae0ad6ba5ee1735ff5b">
	<cim:BaseVoltage.nominalVoltage>110.000000</cim:BaseVoltage.nominalVoltage>
	<cim:BaseVoltage.isDC>"FALSE"</cim:BaseVoltage.isDC>
</cim:BaseVoltage>
<cim:BaseVoltage rdf:ID="_637d81359b4c41348718dec883250a3b">
	<cim:BaseVoltage.nominalVoltage>10.000000</cim:BaseVoltage.nominalVoltage>
	<cim:BaseVoltage.isDC>"FALSE"</cim:BaseVoltage.isDC>
</cim:BaseVoltage>
<cim:VoltageLevel rdf:ID="_c13dae943b994645af4a57ff67a2be9d">
	<cim:IdentifiedObject.name>110.0</cim:IdentifiedObject.name>
	<cim:VoltageLevel.highVoltageLimit>121.00</cim:VoltageLevel.highVoltageLimit>
	<cim:VoltageLevel.lowVoltageLimit>99.00</cim:VoltageLevel.lowVoltageLimit>
	<cim:VoltageLevel.BaseVoltage rdf:resource="#_f66051a8aae34ae0ad6ba5ee1735ff5b"/>
</cim:VoltageLevel>
<cim:VoltageLevel rdf:ID="_706b3844b91c490e83c2f02e0c4f1213">
	<cim:IdentifiedObject.name>110.0</cim:IdentifiedObject.name>
	<cim:VoltageLevel.highVoltageLimit>121.00</cim:VoltageLevel.highVoltageLimit>
	<cim:VoltageLevel.lowVoltageLimit>99.00</cim:VoltageLevel.lowVoltageLimit>
	<cim:VoltageLevel.BaseVoltage rdf:resource="#_f66051a8aae34ae0ad6ba5ee1735ff5b"/>
</cim:VoltageLevel>
<cim:VoltageLevel rdf:ID="_4126bb76d8c3430f999cbab6b863f1b0">
	<cim:IdentifiedObject.name>10.0</cim:IdentifiedObject.name>
	<cim:VoltageLevel.highVoltageLimit>11.00</cim:VoltageLevel.highVoltageLimit>
	<cim:VoltageLevel.lowVoltageLimit>9.00</cim:VoltageLevel.lowVoltageLimit>
	<cim:VoltageLevel.BaseVoltage rdf:resource="#_637d81359b4c41348718dec883250a3b"/>
</cim:VoltageLevel>
<cim:VoltageLevel rdf:ID="_4fb6ff10f90c46e793bc5f06b3a88cb9">
	<cim:IdentifiedObject.name>110.0</cim:IdentifiedObject.name>
	<cim:VoltageLevel.highVoltageLimit>121.00</cim:VoltageLevel.highVoltageLimit>
	<cim:VoltageLevel.lowVoltageLimit>99.00</cim:VoltageLevel.lowVoltageLimit>
	<cim:VoltageLevel.BaseVoltage rdf:resource="#_f66051a8aae34ae0ad6ba5ee1735ff5b"/>
</cim:VoltageLevel>
<cim:VoltageLevel rdf:ID="_c2297187cc9d422abe892070dd866c57">
	<cim:IdentifiedObject.name>10.0</cim:IdentifiedObject.name>
	<cim:VoltageLevel.highVoltageLimit>11.00</cim:VoltageLevel.highVoltageLimit>
	<cim:VoltageLevel.lowVoltageLimit>9.00</cim:VoltageLevel.lowVoltageLimit>
	<cim:VoltageLevel.BaseVoltage rdf:resource="#_637d81359b4c41348718dec883250a3b"/>
</cim:VoltageLevel>
<cim:GeneratingUnit rdf:ID="_8efe79f5ef30443da16df63b6a85f972">
	<cim:IdentifiedObject.name>Swing</cim:IdentifiedObject.name>
	<cim:IdentifiedObject.description>Swing</cim:IdentifiedObject.description>
	<cim:GeneratingUnit.nominalP>100.000</cim:GeneratingUnit.nominalP>
	<cim:GeneratingUnit.normalPF>0.800</cim:GeneratingUnit.normalPF>
	<cim:GeneratingUnit.maxOperatingP>0.000</cim:GeneratingUnit.maxOperatingP>
	<cim:GeneratingUnit.minOperatingP>0.000</cim:GeneratingUnit.minOperatingP>
	<cim:Equipment.equivalent>FALSE</cim:Equipment.equivalent>
	<cim:Equipment.externalsystem>0</cim:Equipment.externalsystem>
	<cim:Equipment.MemberOf_EquipmentContainer rdf:resource="#_4126bb76d8c3430f999cbab6b863f1b0"/>
</cim:GeneratingUnit>
<cim:GeneratingUnit rdf:ID="_b4ab4061f9a44238b6c196ea766b9fb7">
	<cim:IdentifiedObject.name>Gen 1</cim:IdentifiedObject.name>
	<cim:IdentifiedObject.description>Gen 1</cim:IdentifiedObject.description>
	<cim:GeneratingUnit.nominalP>40.000</cim:GeneratingUnit.nominalP>
	<cim:GeneratingUnit.normalPF>0.800</cim:GeneratingUnit.normalPF>
	<cim:GeneratingUnit.maxOperatingP>50.000</cim:GeneratingUnit.maxOperatingP>
	<cim:GeneratingUnit.minOperatingP>0.000</cim:GeneratingUnit.minOperatingP>
	<cim:Equipment.equivalent>FALSE</cim:Equipment.equivalent>
	<cim:Equipment.externalsystem>0</cim:Equipment.externalsystem>
	<cim:Equipment.MemberOf_EquipmentContainer rdf:resource="#_c2297187cc9d422abe892070dd866c57"/>
</cim:GeneratingUnit>
<cim:SynchronousMachine rdf:ID="_86584551134748858d6c36902cea9fe7">
	<cim:IdentifiedObject.name>Swing</cim:IdentifiedObject.name>
	<cim:IdentifiedObject.description>Swing</cim:IdentifiedObject.description>
	<cim:GeneratingUnit.UniqueNumber>0</cim:GeneratingUnit.UniqueNumber>
	<cim:GeneratingUnit.Voltage>10.000</cim:GeneratingUnit.Voltage>
	<cim:SynchronousMachine.qPercent>0.0</cim:SynchronousMachine.qPercent>
	<cim:SynchronousMachine.maxQ>60.000</cim:SynchronousMachine.maxQ>
	<cim:SynchronousMachine.minQ>-60.000</cim:SynchronousMachine.minQ>
	<cim:SynchronousMachine.ratedS>100.000000</cim:SynchronousMachine.ratedS>
	<cim:SynchronousMachine.Nmb_of_RVC_Node>-1</cim:SynchronousMachine.Nmb_of_RVC_Node>
	<cim:SynchronousMachine.RVC_Node_Voltage>0.000000</cim:SynchronousMachine.RVC_Node_Voltage>
	<cim:SynchronousMachine.RVC_Node_Voltage_Lower>0.000000</cim:SynchronousMachine.RVC_Node_Voltage_Lower>
	<cim:SynchronousMachine.RVC_Node_Voltage_Upper>0.000000</cim:SynchronousMachine.RVC_Node_Voltage_Upper>
	<cim:SynchronousMachine.r>0.001000</cim:SynchronousMachine.r>
	<cim:SynchronousMachine.x>0.160000</cim:SynchronousMachine.x>
	<cim:SynchronousMachine.r0>0.001000</cim:SynchronousMachine.r0>
	<cim:SynchronousMachine.x0>0.160000</cim:SynchronousMachine.x0>
	<cim:SynchronousMachine.r2>0.001000</cim:SynchronousMachine.r2>
	<cim:SynchronousMachine.x2>0.160000</cim:SynchronousMachine.x2>
	<cim:SynchronousMachine.xground>0.000000</cim:SynchronousMachine.xground>
	<cim:SynchronousMachine.rground>0.000000</cim:SynchronousMachine.rground>
	<cim:Equipment.equivalent>FALSE</cim:Equipment.equivalent>
	<cim:SynchronousMachine.SystemSwing>1</cim:SynchronousMachine.SystemSwing>
	<cim:Machine.Type>0</cim:Machine.Type>
	<cim:SynchronousMachine.SalientPole>TRUE</cim:SynchronousMachine.SalientPole>
	<cim:SynchronousMachine.InertiaConstant>4.5000</cim:SynchronousMachine.InertiaConstant>
	<cim:SynchronousMachine.Tdo_subtransient>0.0500</cim:SynchronousMachine.Tdo_subtransient>
	<cim:SynchronousMachine.Tqo_subtransient>0.0800</cim:SynchronousMachine.Tqo_subtransient>
	<cim:SynchronousMachine.Tdo_transient>8.0000</cim:SynchronousMachine.Tdo_transient>
	<cim:SynchronousMachine.Tqo_transient>5.0000</cim:SynchronousMachine.Tqo_transient>
	<cim:SynchronousMachine.Xl>0.100000</cim:SynchronousMachine.Xl>
	<cim:SynchronousMachine.Xd_subtransient>0.160000</cim:SynchronousMachine.Xd_subtransient>
	<cim:SynchronousMachine.Xq_subtransient>0.150000</cim:SynchronousMachine.Xq_subtransient>
	<cim:SynchronousMachine.Xd_transient>0.250000</cim:SynchronousMachine.Xd_transient>
	<cim:SynchronousMachine.Xq_transient>0.800000</cim:SynchronousMachine.Xq_transient>
	<cim:SynchronousMachine.Xd_steady_state>1.200000</cim:SynchronousMachine.Xd_steady_state>
	<cim:SynchronousMachine.Xq_steady_state>0.800000</cim:SynchronousMachine.Xq_steady_state>
	<cim:SynchronousMachine.considerSaturation>1</cim:SynchronousMachine.considerSaturation>
	<cim:SynchronousMachine.SG10>0.30100</cim:SynchronousMachine.SG10>
	<cim:SynchronousMachine.SG12>0.91740</cim:SynchronousMachine.SG12>
	<cim:SynchronousMachine.Statism>10000.0000</cim:SynchronousMachine.Statism>
	<cim:SynchronousMachine.minOperVolt>0.100</cim:SynchronousMachine.minOperVolt>
	<cim:SynchronousMachine.minVoltForRet>0.105</cim:SynchronousMachine.minVoltForRet>
	<cim:StaticGenerator.maxOperVolt>1.2000</cim:StaticGenerator.maxOperVolt>
	<cim:StaticGenerator.lowOperVolt>0.5000</cim:StaticGenerator.lowOperVolt>
	<cim:StaticGenerator.Kp_APR>1.0000</cim:StaticGenerator.Kp_APR>
	<cim:StaticGenerator.Ki_APR>1.0000</cim:StaticGenerator.Ki_APR>
	<cim:StaticGenerator.minLimit_APR>0.0000</cim:StaticGenerator.minLimit_APR>
	<cim:StaticGenerator.maxLimit_APR>1.0000</cim:StaticGenerator.maxLimit_APR>
	<cim:StaticGenerator.Kp_AVR>1.0000</cim:StaticGenerator.Kp_AVR>
	<cim:StaticGenerator.Ki_AVR>1.0000</cim:StaticGenerator.Ki_AVR>
	<cim:StaticGenerator.minLimit_AVR>-1.0000</cim:StaticGenerator.minLimit_AVR>
	<cim:StaticGenerator.maxLimit_AVR>1.0000</cim:StaticGenerator.maxLimit_AVR>
	<cim:SynchronousMachine.DFIM>-1</cim:SynchronousMachine.DFIM>
	<cim:AsynchronousMachine.DoubleCage>FALSE</cim:AsynchronousMachine.DoubleCage>
	<cim:AsynchronousMachine.Xm>0.000000</cim:AsynchronousMachine.Xm>
	<cim:AsynchronousMachine.Rs>0.000000</cim:AsynchronousMachine.Rs>
	<cim:AsynchronousMachine.Xs>0.000000</cim:AsynchronousMachine.Xs>
	<cim:AsynchronousMachine.Rr1>0.000000</cim:AsynchronousMachine.Rr1>
	<cim:AsynchronousMachine.Xr1>0.000000</cim:AsynchronousMachine.Xr1>
	<cim:AsynchronousMachine.Rr2>0.000000</cim:AsynchronousMachine.Rr2>
	<cim:AsynchronousMachine.Xr2>0.000000</cim:AsynchronousMachine.Xr2>
	<cim:SynchronousMachine.operatingMode rdf:resource="http://iec.ch/TC57/2009/CIM-schema-cim14#SynchronousMachineOperatingMode.generator"/>
	<cim:SynchronousMachine.type rdf:resource="http://iec.ch/TC57/2009/CIM-schema-cim14#SynchronousMachineType.generator"/>
	<cim:Equipment.MemberOf_EquipmentContainer rdf:resource="#_4126bb76d8c3430f999cbab6b863f1b0"/>
	<cim:RegulatingCondEq.RegulatingControl rdf:resource="#_d8cbbed237ac4325b0840a65f04ab9b0"/>
	<cim:RegulatingCondEq.ExcitationSystem rdf:resource="#_f0e65ab60a8943058a12b20a60e60da1"/>
	<cim:RegulatingCondEq.PSS rdf:resource="#_41124b25021d4c028d49b71d56efee7a"/>
	<cim:RegulatingCondEq.TurbineSystem rdf:resource="#_acd8649b11444a5db1643105ff34c7f4"/>
	<cim:SynchronousMachine.MemberOf_GeneratingUnit rdf:resource="#_8efe79f5ef30443da16df63b6a85f972"/>
	<cim:SynchronousMachine.connectionType rdf:resource="http://iec.ch/TC57/2009/CIM-schema-cim14#WindingConnection.YG"/>
</cim:SynchronousMachine>
<cim:SynchronousMachine rdf:ID="_ee5aa3d9f01f44d68bb2fc4d48254d59">
	<cim:IdentifiedObject.name>Gen 1</cim:IdentifiedObject.name>
	<cim:IdentifiedObject.description>Gen 1</cim:IdentifiedObject.description>
	<cim:GeneratingUnit.UniqueNumber>1</cim:GeneratingUnit.UniqueNumber>
	<cim:GeneratingUnit.Voltage>10.000</cim:GeneratingUnit.Voltage>
	<cim:SynchronousMachine.qPercent>0.0</cim:SynchronousMachine.qPercent>
	<cim:SynchronousMachine.maxQ>30.000</cim:SynchronousMachine.maxQ>
	<cim:SynchronousMachine.minQ>-20.000</cim:SynchronousMachine.minQ>
	<cim:SynchronousMachine.ratedS>50.000000</cim:SynchronousMachine.ratedS>
	<cim:SynchronousMachine.Nmb_of_RVC_Node>-1</cim:SynchronousMachine.Nmb_of_RVC_Node>
	<cim:SynchronousMachine.RVC_Node_Voltage>0.000000</cim:SynchronousMachine.RVC_Node_Voltage>
	<cim:SynchronousMachine.RVC_Node_Voltage_Lower>0.000000</cim:SynchronousMachine.RVC_Node_Voltage_Lower>
	<cim:SynchronousMachine.RVC_Node_Voltage_Upper>0.000000</cim:SynchronousMachine.RVC_Node_Voltage_Upper>
	<cim:SynchronousMachine.r>0.002000</cim:SynchronousMachine.r>
	<cim:SynchronousMachine.x>0.320000</cim:SynchronousMachine.x>
	<cim:SynchronousMachine.r0>0.002000</cim:SynchronousMachine.r0>
	<cim:SynchronousMachine.x0>0.320000</cim:SynchronousMachine.x0>
	<cim:SynchronousMachine.r2>0.002000</cim:SynchronousMachine.r2>
	<cim:SynchronousMachine.x2>0.320000</cim:SynchronousMachine.x2>
	<cim:SynchronousMachine.xground>0.000000</cim:SynchronousMachine.xground>
	<cim:SynchronousMachine.rground>0.000000</cim:SynchronousMachine.rground>
	<cim:Equipment.equivalent>FALSE</cim:Equipment.equivalent>
	<cim:SynchronousMachine.SystemSwing>0</cim:SynchronousMachine.SystemSwing>
	<cim:Machine.Type>0</cim:Machine.Type>
	<cim:SynchronousMachine.SalientPole>TRUE</cim:SynchronousMachine.SalientPole>
	<cim:SynchronousMachine.InertiaConstant>2.5000</cim:SynchronousMachine.InertiaConstant>
	<cim:SynchronousMachine.Tdo_subtransient>0.0500</cim:SynchronousMachine.Tdo_subtransient>
	<cim:SynchronousMachine.Tqo_subtransient>0.0800</cim:SynchronousMachine.Tqo_subtransient>
	<cim:SynchronousMachine.Tdo_transient>8.0000</cim:SynchronousMachine.Tdo_transient>
	<cim:SynchronousMachine.Tqo_transient>5.0000</cim:SynchronousMachine.Tqo_transient>
	<cim:SynchronousMachine.Xl>0.200000</cim:SynchronousMachine.Xl>
	<cim:SynchronousMachine.Xd_subtransient>0.320000</cim:SynchronousMachine.Xd_subtransient>
	<cim:SynchronousMachine.Xq_subtransient>0.300000</cim:SynchronousMachine.Xq_subtransient>
	<cim:SynchronousMachine.Xd_transient>0.520000</cim:SynchronousMachine.Xd_transient>
	<cim:SynchronousMachine.Xq_transient>1.400000</cim:SynchronousMachine.Xq_transient>
	<cim:SynchronousMachine.Xd_steady_state>2.400000</cim:SynchronousMachine.Xd_steady_state>
	<cim:SynchronousMachine.Xq_steady_state>1.400000</cim:SynchronousMachine.Xq_steady_state>
	<cim:SynchronousMachine.considerSaturation>1</cim:SynchronousMachine.considerSaturation>
	<cim:SynchronousMachine.SG10>0.30100</cim:SynchronousMachine.SG10>
	<cim:SynchronousMachine.SG12>0.91740</cim:SynchronousMachine.SG12>
	<cim:SynchronousMachine.Statism>10000.0000</cim:SynchronousMachine.Statism>
	<cim:SynchronousMachine.minOperVolt>0.100</cim:SynchronousMachine.minOperVolt>
	<cim:SynchronousMachine.minVoltForRet>0.105</cim:SynchronousMachine.minVoltForRet>
	<cim:StaticGenerator.maxOperVolt>1.2000</cim:StaticGenerator.maxOperVolt>
	<cim:StaticGenerator.lowOperVolt>0.5000</cim:StaticGenerator.lowOperVolt>
	<cim:StaticGenerator.Kp_APR>1.0000</cim:StaticGenerator.Kp_APR>
	<cim:StaticGenerator.Ki_APR>1.0000</cim:StaticGenerator.Ki_APR>
	<cim:StaticGenerator.minLimit_APR>0.0000</cim:StaticGenerator.minLimit_APR>
	<cim:StaticGenerator.maxLimit_APR>1.0000</cim:StaticGenerator.maxLimit_APR>
	<cim:StaticGenerator.Kp_AVR>1.0000</cim:StaticGenerator.Kp_AVR>
	<cim:StaticGenerator.Ki_AVR>1.0000</cim:StaticGenerator.Ki_AVR>
	<cim:StaticGenerator.minLimit_AVR>-1.0000</cim:StaticGenerator.minLimit_AVR>
	<cim:StaticGenerator.maxLimit_AVR>1.0000</cim:StaticGenerator.maxLimit_AVR>
	<cim:SynchronousMachine.DFIM>-1</cim:SynchronousMachine.DFIM>
	<cim:AsynchronousMachine.DoubleCage>FALSE</cim:AsynchronousMachine.DoubleCage>
	<cim:AsynchronousMachine.Xm>0.000000</cim:AsynchronousMachine.Xm>
	<cim:AsynchronousMachine.Rs>0.000000</cim:AsynchronousMachine.Rs>
	<cim:AsynchronousMachine.Xs>0.000000</cim:AsynchronousMachine.Xs>
	<cim:AsynchronousMachine.Rr1>0.000000</cim:AsynchronousMachine.Rr1>
	<cim:AsynchronousMachine.Xr1>0.000000</cim:AsynchronousMachine.Xr1>
	<cim:AsynchronousMachine.Rr2>0.000000</cim:AsynchronousMachine.Rr2>
	<cim:AsynchronousMachine.Xr2>0.000000</cim:AsynchronousMachine.Xr2>
	<cim:SynchronousMachine.operatingMode rdf:resource="http://iec.ch/TC57/2009/CIM-schema-cim14#SynchronousMachineOperatingMode.generator"/>
	<cim:SynchronousMachine.type rdf:resource="http://iec.ch/TC57/2009/CIM-schema-cim14#SynchronousMachineType.generator"/>
	<cim:Equipment.MemberOf_EquipmentContainer rdf:resource="#_c2297187cc9d422abe892070dd866c57"/>
	<cim:RegulatingCondEq.RegulatingControl rdf:resource="#_cf2e51f0f561419b8d89da872135974d"/>
	<cim:RegulatingCondEq.ExcitationSystem rdf:resource="#_2ffc18a7b8744d9e8819c47d69f05263"/>
	<cim:RegulatingCondEq.PSS rdf:resource="#_0c4fa056435b4fbda62205eb553741c6"/>
	<cim:RegulatingCondEq.TurbineSystem rdf:resource="#_d8d72797cd3d41a0ac470c532d87ba1f"/>
	<cim:SynchronousMachine.MemberOf_GeneratingUnit rdf:resource="#_b4ab4061f9a44238b6c196ea766b9fb7"/>
	<cim:SynchronousMachine.connectionType rdf:resource="http://iec.ch/TC57/2009/CIM-schema-cim14#WindingConnection.YG"/>
</cim:SynchronousMachine>
<cim:ACLineSegment rdf:ID="_cf0cce14ffe742b1af7cfca4ece9ef20">
	<cim:Line.UniqueNumber>0</cim:Line.UniqueNumber>
	<cim:IdentifiedObject.name>1</cim:IdentifiedObject.name>
	<cim:IdentifiedObject.description>Node 1 - 110 kV Node 2 - 110 kV '1'</cim:IdentifiedObject.description>
	<cim:ACLineSegment.r>0.600000</cim:ACLineSegment.r>
	<cim:ACLineSegment.x>1.400000</cim:ACLineSegment.x>
	<cim:ACLineSegment.bch>5.000000e-05</cim:ACLineSegment.bch>
	<cim:ACLineSegment.gch>0.000000e+00</cim:ACLineSegment.gch>
	<cim:ACLineSegment.r0>1.800000</cim:ACLineSegment.r0>
	<cim:ACLineSegment.x0>4.200000</cim:ACLineSegment.x0>
	<cim:ACLineSegment.b0ch>4.000000e-05</cim:ACLineSegment.b0ch>
	<cim:ACLineSegment.g0ch>0.000000e+00</cim:ACLineSegment.g0ch>
	<cim:ACLineSegment.length>20.000000</cim:ACLineSegment.length>
	<cim:ConductingEquipment.BaseVoltage rdf:resource="#"/>
</cim:ACLineSegment>
<cim:ACLineSegment rdf:ID="_523f6c4bdafc4907add0e6ac0d19bae8">
	<cim:Line.UniqueNumber>1</cim:Line.UniqueNumber>
	<cim:IdentifiedObject.name>2</cim:IdentifiedObject.name>
	<cim:IdentifiedObject.description>Node 1 - 110 kV Node 2 - 110 kV '2'</cim:IdentifiedObject.description>
	<cim:ACLineSegment.r>0.600000</cim:ACLineSegment.r>
	<cim:ACLineSegment.x>1.400000</cim:ACLineSegment.x>
	<cim:ACLineSegment.bch>5.000000e-05</cim:ACLineSegment.bch>
	<cim:ACLineSegment.gch>0.000000e+00</cim:ACLineSegment.gch>
	<cim:ACLineSegment.r0>1.800000</cim:ACLineSegment.r0>
	<cim:ACLineSegment.x0>4.200000</cim:ACLineSegment.x0>
	<cim:ACLineSegment.b0ch>4.000000e-05</cim:ACLineSegment.b0ch>
	<cim:ACLineSegment.g0ch>0.000000e+00</cim:ACLineSegment.g0ch>
	<cim:ACLineSegment.length>20.000000</cim:ACLineSegment.length>
	<cim:ConductingEquipment.BaseVoltage rdf:resource="#"/>
</cim:ACLineSegment>
<cim:ACLineSegment rdf:ID="_d8f7e763e610495bb01a666500f982ef">
	<cim:Line.UniqueNumber>2</cim:Line.UniqueNumber>
	<cim:IdentifiedObject.name>3</cim:IdentifiedObject.name>
	<cim:IdentifiedObject.description>Node 3 Node 2 - 110 kV '1'</cim:IdentifiedObject.description>
	<cim:ACLineSegment.r>0.600000</cim:ACLineSegment.r>
	<cim:ACLineSegment.x>1.400000</cim:ACLineSegment.x>
	<cim:ACLineSegment.bch>5.000000e-05</cim:ACLineSegment.bch>
	<cim:ACLineSegment.gch>0.000000e+00</cim:ACLineSegment.gch>
	<cim:ACLineSegment.r0>1.800000</cim:ACLineSegment.r0>
	<cim:ACLineSegment.x0>4.200000</cim:ACLineSegment.x0>
	<cim:ACLineSegment.b0ch>4.000000e-05</cim:ACLineSegment.b0ch>
	<cim:ACLineSegment.g0ch>0.000000e+00</cim:ACLineSegment.g0ch>
	<cim:ACLineSegment.length>20.000000</cim:ACLineSegment.length>
	<cim:ConductingEquipment.BaseVoltage rdf:resource="#"/>
</cim:ACLineSegment>
<cim:PowerTransformer rdf:ID="_d18aba4a4bdc4b4794cfdca9f6986746">
	<cim:Tran.UniqueNumber>0</cim:Tran.UniqueNumber>
	<cim:IdentifiedObject.name></cim:IdentifiedObject.name>
	<cim:IdentifiedObject.description></cim:IdentifiedObject.description>
	<cim:Equipment.equivalent>FALSE</cim:Equipment.equivalent>
	<cim:PowerTransformer.transformerType rdf:resource="http://iec.ch/TC57/2009/CIM-schema-cim14#TransformerType.fix"/>
	<cim:Tran.EnableVoltageRegulation>0</cim:Tran.EnableVoltageRegulation>
	<cim:Tran.nmb_of_regulated_winding>0</cim:Tran.nmb_of_regulated_winding>
	<cim:Tran.RegulatedVoltage>1.000000</cim:Tran.RegulatedVoltage>
	<cim:Tran.RegulatedVoltageLower>0.990000</cim:Tran.RegulatedVoltageLower>
	<cim:Tran.RegulatedVoltageUpper>1.010000</cim:Tran.RegulatedVoltageUpper>
</cim:PowerTransformer>
<cim:PowerTransformer rdf:ID="_70a2ef110b98458b844a93c4170d5ec6">
	<cim:Tran.UniqueNumber>0</cim:Tran.UniqueNumber>
	<cim:IdentifiedObject.name></cim:IdentifiedObject.name>
	<cim:IdentifiedObject.description></cim:IdentifiedObject.description>
	<cim:Equipment.equivalent>FALSE</cim:Equipment.equivalent>
	<cim:PowerTransformer.transformerType rdf:resource="http://iec.ch/TC57/2009/CIM-schema-cim14#TransformerType.fix"/>
	<cim:Tran.EnableVoltageRegulation>0</cim:Tran.EnableVoltageRegulation>
	<cim:Tran.nmb_of_regulated_winding>0</cim:Tran.nmb_of_regulated_winding>
	<cim:Tran.RegulatedVoltage>1.000000</cim:Tran.RegulatedVoltage>
	<cim:Tran.RegulatedVoltageLower>0.990000</cim:Tran.RegulatedVoltageLower>
	<cim:Tran.RegulatedVoltageUpper>1.010000</cim:Tran.RegulatedVoltageUpper>
</cim:PowerTransformer>
<cim:TransformerWinding rdf:ID="_2d86ca1a38e640e7b8fcabadf7fb47fc">
	<cim:IdentifiedObject.name>Node 1 - 110 kV_Swing_0_1</cim:IdentifiedObject.name>
	<cim:IdentifiedObject.description>Node 1 - 110 kV_Swing_0_1 Primary Winding</cim:IdentifiedObject.description>
	<cim:TransformerWinding.r>0.12099999</cim:TransformerWinding.r>
	<cim:TransformerWinding.x>14.51949596</cim:TransformerWinding.x>
	<cim:TransformerWinding.b>-0.0000000000</cim:TransformerWinding.b>
	<cim:TransformerWinding.g>0.0000000000</cim:TransformerWinding.g>
	<cim:TransformerWinding.r0>0.12099999</cim:TransformerWinding.r0>
	<cim:TransformerWinding.x0>14.51949596</cim:TransformerWinding.x0>
	<cim:TransformerWinding.b0>-0.0000000000</cim:TransformerWinding.b0>
	<cim:TransformerWinding.g0>0.0000000000</cim:TransformerWinding.g0>
	<cim:TransformerWinding.rground>0.00000000</cim:TransformerWinding.rground>
	<cim:TransformerWinding.xground>0.00000000</cim:TransformerWinding.xground>
	<cim:TransformerWinding.ratedS>100.00</cim:TransformerWinding.ratedS>
	<cim:TransformerWinding.shortTermS>0.00</cim:TransformerWinding.shortTermS>
	<cim:TransformerWinding.emergencyS>0.00</cim:TransformerWinding.emergencyS>
	<cim:TransformerWinding.ratedU>110.000</cim:TransformerWinding.ratedU>
	<cim:TransformerWinding.windingType rdf:resource="http://iec.ch/TC57/2009/CIM-schema-cim14#WindingType.primary"/>
	<cim:TransformerWinding.connectionType rdf:resource="http://iec.ch/TC57/2009/CIM-schema-cim14#WindingConnection.YG"/>
	<cim:ConductingEquipment.BaseVoltage rdf:resource="#_f66051a8aae34ae0ad6ba5ee1735ff5b"/>
	<cim:TransformerWinding.HourNumber>0</cim:TransformerWinding.HourNumber>
	<cim:TransformerWinding.MemberOf_PowerTransformer rdf:resource="#_d18aba4a4bdc4b4794cfdca9f6986746"/>
</cim:TransformerWinding>
<cim:TransformerWinding rdf:ID="_873051f975524c88b938b523973a93b9">
	<cim:IdentifiedObject.name>Node 1 - 110 kV_Swing_0_1</cim:IdentifiedObject.name>
	<cim:IdentifiedObject.description>Node 1 - 110 kV_Swing_0_1 Secondary Winding</cim:IdentifiedObject.description>
	<cim:TransformerWinding.r>0.00000000</cim:TransformerWinding.r>
	<cim:TransformerWinding.x>0.00000000</cim:TransformerWinding.x>
	<cim:TransformerWinding.b>0.0000000000</cim:TransformerWinding.b>
	<cim:TransformerWinding.g>0.0000000000</cim:TransformerWinding.g>
	<cim:TransformerWinding.r0>0.00000000</cim:TransformerWinding.r0>
	<cim:TransformerWinding.x0>0.00000000</cim:TransformerWinding.x0>
	<cim:TransformerWinding.b0>0.0000000000</cim:TransformerWinding.b0>
	<cim:TransformerWinding.g0>0.0000000000</cim:TransformerWinding.g0>
	<cim:TransformerWinding.rground>0.00000000</cim:TransformerWinding.rground>
	<cim:TransformerWinding.xground>0.00000000</cim:TransformerWinding.xground>
	<cim:TransformerWinding.ratedS>100.00</cim:TransformerWinding.ratedS>
	<cim:TransformerWinding.shortTermS>0.00</cim:TransformerWinding.shortTermS>
	<cim:TransformerWinding.emergencyS>0.00</cim:TransformerWinding.emergencyS>
	<cim:TransformerWinding.ratedU>10.000</cim:TransformerWinding.ratedU>
	<cim:TransformerWinding.windingType rdf:resource="http://iec.ch/TC57/2009/CIM-schema-cim14#WindingType.secondary"/>
	<cim:TransformerWinding.connectionType rdf:resource="http://iec.ch/TC57/2009/CIM-schema-cim14#WindingConnection.YG"/>
	<cim:TransformerWinding.HourNumber>0</cim:TransformerWinding.HourNumber>
	<cim:ConductingEquipment.BaseVoltage rdf:resource="#_637d81359b4c41348718dec883250a3b"/>
	<cim:TransformerWinding.MemberOf_PowerTransformer rdf:resource="#_d18aba4a4bdc4b4794cfdca9f6986746"/>
</cim:TransformerWinding>
<cim:TransformerWinding rdf:ID="_1ce1908be6ca4d72b24f67497e9f5f91">
	<cim:IdentifiedObject.name>Node 3_Gen 1_0_1</cim:IdentifiedObject.name>
	<cim:IdentifiedObject.description>Node 3_Gen 1_0_1 Primary Winding</cim:IdentifiedObject.description>
	<cim:TransformerWinding.r>0.12099999</cim:TransformerWinding.r>
	<cim:TransformerWinding.x>14.51949596</cim:TransformerWinding.x>
	<cim:TransformerWinding.b>-0.0000000000</cim:TransformerWinding.b>
	<cim:TransformerWinding.g>0.0000000000</cim:TransformerWinding.g>
	<cim:TransformerWinding.r0>0.12099999</cim:TransformerWinding.r0>
	<cim:TransformerWinding.x0>14.51949596</cim:TransformerWinding.x0>
	<cim:TransformerWinding.b0>-0.0000000000</cim:TransformerWinding.b0>
	<cim:TransformerWinding.g0>0.0000000000</cim:TransformerWinding.g0>
	<cim:TransformerWinding.rground>0.00000000</cim:TransformerWinding.rground>
	<cim:TransformerWinding.xground>0.00000000</cim:TransformerWinding.xground>
	<cim:TransformerWinding.ratedS>100.00</cim:TransformerWinding.ratedS>
	<cim:TransformerWinding.shortTermS>0.00</cim:TransformerWinding.shortTermS>
	<cim:TransformerWinding.emergencyS>0.00</cim:TransformerWinding.emergencyS>
	<cim:TransformerWinding.ratedU>110.000</cim:TransformerWinding.ratedU>
	<cim:TransformerWinding.windingType rdf:resource="http://iec.ch/TC57/2009/CIM-schema-cim14#WindingType.primary"/>
	<cim:TransformerWinding.connectionType rdf:resource="http://iec.ch/TC57/2009/CIM-schema-cim14#WindingConnection.YG"/>
	<cim:ConductingEquipment.BaseVoltage rdf:resource="#_f66051a8aae34ae0ad6ba5ee1735ff5b"/>
	<cim:TransformerWinding.HourNumber>0</cim:TransformerWinding.HourNumber>
	<cim:TransformerWinding.MemberOf_PowerTransformer rdf:resource="#_70a2ef110b98458b844a93c4170d5ec6"/>
</cim:TransformerWinding>
<cim:TransformerWinding rdf:ID="_02d618fca0e34f1498dea0a7deaf783d">
	<cim:IdentifiedObject.name>Node 3_Gen 1_0_1</cim:IdentifiedObject.name>
	<cim:IdentifiedObject.description>Node 3_Gen 1_0_1 Secondary Winding</cim:IdentifiedObject.description>
	<cim:TransformerWinding.r>0.00000000</cim:TransformerWinding.r>
	<cim:TransformerWinding.x>0.00000000</cim:TransformerWinding.x>
	<cim:TransformerWinding.b>0.0000000000</cim:TransformerWinding.b>
	<cim:TransformerWinding.g>0.0000000000</cim:TransformerWinding.g>
	<cim:TransformerWinding.r0>0.00000000</cim:TransformerWinding.r0>
	<cim:TransformerWinding.x0>0.00000000</cim:TransformerWinding.x0>
	<cim:TransformerWinding.b0>0.0000000000</cim:TransformerWinding.b0>
	<cim:TransformerWinding.g0>0.0000000000</cim:TransformerWinding.g0>
	<cim:TransformerWinding.rground>0.00000000</cim:TransformerWinding.rground>
	<cim:TransformerWinding.xground>0.00000000</cim:TransformerWinding.xground>
	<cim:TransformerWinding.ratedS>100.00</cim:TransformerWinding.ratedS>
	<cim:TransformerWinding.shortTermS>0.00</cim:TransformerWinding.shortTermS>
	<cim:TransformerWinding.emergencyS>0.00</cim:TransformerWinding.emergencyS>
	<cim:TransformerWinding.ratedU>10.000</cim:TransformerWinding.ratedU>
	<cim:TransformerWinding.windingType rdf:resource="http://iec.ch/TC57/2009/CIM-schema-cim14#WindingType.secondary"/>
	<cim:TransformerWinding.connectionType rdf:resource="http://iec.ch/TC57/2009/CIM-schema-cim14#WindingConnection.YG"/>
	<cim:TransformerWinding.HourNumber>0</cim:TransformerWinding.HourNumber>
	<cim:ConductingEquipment.BaseVoltage rdf:resource="#_637d81359b4c41348718dec883250a3b"/>
	<cim:TransformerWinding.MemberOf_PowerTransformer rdf:resource="#_70a2ef110b98458b844a93c4170d5ec6"/>
</cim:TransformerWinding>
<cim:EnergyConsumer rdf:ID="_f30c3b3d44ed4615b4d6478a34f9a749">
	<cim:EnergyConsumer.UniqueNumber>0</cim:EnergyConsumer.UniqueNumber>
	<cim:IdentifiedObject.name>L1</cim:IdentifiedObject.name>
	<cim:IdentifiedObject.description>L1</cim:IdentifiedObject.description>
	<cim:Equipment.equivalent>FALSE</cim:Equipment.equivalent>
	<cim:Equipment.MemberOf_EquipmentContainer rdf:resource="#_706b3844b91c490e83c2f02e0c4f1213"/>
	<cim:EnergyConsumer.LoadResponse rdf:resource="#_e3ee6df1a32c4e0bbab5afd6d6dab892"/>
</cim:EnergyConsumer>
<cim:LoadResponseCharacteristic rdf:ID="_e3ee6df1a32c4e0bbab5afd6d6dab892">
	<cim:LoadResponseCharacteristic.exponentModel>FALSE</cim:LoadResponseCharacteristic.exponentModel>
	<cim:LoadResponseCharacteristic.pConstantPower>1.000000</cim:LoadResponseCharacteristic.pConstantPower>
	<cim:LoadResponseCharacteristic.qConstantPower>1.000000</cim:LoadResponseCharacteristic.qConstantPower>
	<cim:LoadResponseCharacteristic.pConstantImpedance>0.000000</cim:LoadResponseCharacteristic.pConstantImpedance>
	<cim:LoadResponseCharacteristic.qConstantImpedance>-0.000000</cim:LoadResponseCharacteristic.qConstantImpedance>
	<cim:LoadResponseCharacteristic.pConstantCurrent>0.000000</cim:LoadResponseCharacteristic.pConstantCurrent>
	<cim:LoadResponseCharacteristic.qConstantCurrent>0.000000</cim:LoadResponseCharacteristic.qConstantCurrent>
	<cim:LoadResponseCharacteristic.pVoltageExponentPower>0.000000</cim:LoadResponseCharacteristic.pVoltageExponentPower>
	<cim:LoadResponseCharacteristic.pVoltageExponent>0.000000</cim:LoadResponseCharacteristic.pVoltageExponent>
	<cim:LoadResponseCharacteristic.qVoltageExponentPower>0.000000</cim:LoadResponseCharacteristic.qVoltageExponentPower>
	<cim:LoadResponseCharacteristic.qVoltageExponent>0.000000</cim:LoadResponseCharacteristic.qVoltageExponent>
</cim:LoadResponseCharacteristic>
<cim:Terminal rdf:ID="_9b59f74cd9274ebaa1fc0e63187b0178">
	<cim:Line.UniqueNumber>0</cim:Line.UniqueNumber>
	<cim:IdentifiedObject.name>1</cim:IdentifiedObject.name>
	<cim:IdentifiedObject.name>1</cim:IdentifiedObject.name>
	<cim:Terminal.ConductingEquipment rdf:resource="#_cf0cce14ffe742b1af7cfca4ece9ef20"/>
</cim:Terminal>
<cim:Terminal rdf:ID="_f2df7df5c8a143eda9c663224be1e508">
	<cim:IdentifiedObject.name>1</cim:IdentifiedObject.name>
	<cim:Terminal.ConductingEquipment rdf:resource="#_cf0cce14ffe742b1af7cfca4ece9ef20"/>
</cim:Terminal>
<cim:Terminal rdf:ID="_4feb83861b044f8c895696768f725169">
	<cim:Line.UniqueNumber>1</cim:Line.UniqueNumber>
	<cim:IdentifiedObject.name>1</cim:IdentifiedObject.name>
	<cim:IdentifiedObject.name>1</cim:IdentifiedObject.name>
	<cim:Terminal.ConductingEquipment rdf:resource="#_523f6c4bdafc4907add0e6ac0d19bae8"/>
</cim:Terminal>
<cim:Terminal rdf:ID="_c1df5e78870f4d77bad55cb3d57fa2d3">
	<cim:IdentifiedObject.name>1</cim:IdentifiedObject.name>
	<cim:Terminal.ConductingEquipment rdf:resource="#_523f6c4bdafc4907add0e6ac0d19bae8"/>
</cim:Terminal>
<cim:Terminal rdf:ID="_237af1c2f9ac4c6b874d6f637ca77310">
	<cim:Line.UniqueNumber>2</cim:Line.UniqueNumber>
	<cim:IdentifiedObject.name>1</cim:IdentifiedObject.name>
	<cim:IdentifiedObject.name>1</cim:IdentifiedObject.name>
	<cim:Terminal.ConductingEquipment rdf:resource="#_d8f7e763e610495bb01a666500f982ef"/>
</cim:Terminal>
<cim:Terminal rdf:ID="_3ecc79f68c6d405a8ae4c10e032d1ea8">
	<cim:IdentifiedObject.name>1</cim:IdentifiedObject.name>
	<cim:Terminal.ConductingEquipment rdf:resource="#_d8f7e763e610495bb01a666500f982ef"/>
</cim:Terminal>
<cim:Terminal rdf:ID="_b70b6d2ae9b5442ab8279ed6bdb1f80f">
	<cim:IdentifiedObject.name>Node 2 - 110 kV</cim:IdentifiedObject.name>
	<cim:Terminal.ConductingEquipment rdf:resource="#_f30c3b3d44ed4615b4d6478a34f9a749"/>
</cim:Terminal>
<cim:Terminal rdf:ID="_034fcfb415a848da80ea9ceecde84658">
	<cim:IdentifiedObject.name>Node 1 - 110 kV_Swing_0_1</cim:IdentifiedObject.name>
	<cim:Terminal.ConductingEquipment rdf:resource="#_2d86ca1a38e640e7b8fcabadf7fb47fc"/>
</cim:Terminal>
<cim:Terminal rdf:ID="_e9a953f93b72485b91eb059aade9ebfe">
	<cim:IdentifiedObject.name>Node 1 - 110 kV_Swing_0_1</cim:IdentifiedObject.name>
	<cim:Terminal.ConductingEquipment rdf:resource="#_873051f975524c88b938b523973a93b9"/>
</cim:Terminal>
<cim:Terminal rdf:ID="_e22adfa879a944d5bb6f647632c99db0">
	<cim:IdentifiedObject.name>Node 3_Gen 1_0_1</cim:IdentifiedObject.name>
	<cim:Terminal.ConductingEquipment rdf:resource="#_1ce1908be6ca4d72b24f67497e9f5f91"/>
</cim:Terminal>
<cim:Terminal rdf:ID="_8fb24e36729f42d59428f27e02a38a66">
	<cim:IdentifiedObject.name>Node 3_Gen 1_0_1</cim:IdentifiedObject.name>
	<cim:Terminal.ConductingEquipment rdf:resource="#_02d618fca0e34f1498dea0a7deaf783d"/>
</cim:Terminal>
<cim:Terminal rdf:ID="_f1ed867b26dd42e0aad14fb7a6ae2ef2">
	<cim:IdentifiedObject.name>Swing</cim:IdentifiedObject.name>
	<cim:Terminal.ConductingEquipment rdf:resource="#_86584551134748858d6c36902cea9fe7"/>
</cim:Terminal>
<cim:Terminal rdf:ID="_260ec7228ce44850a3549114994113da">
	<cim:IdentifiedObject.name>Gen 1</cim:IdentifiedObject.name>
	<cim:Terminal.ConductingEquipment rdf:resource="#_ee5aa3d9f01f44d68bb2fc4d48254d59"/>
</cim:Terminal>
<cim:OperationalLimitSet rdf:ID="_fcb154c01a9d4b1fbdac6aa3b77c9768">
	<cim:IdentifiedObject.name>Voltage limits for node Node 1 - 110 kV</cim:IdentifiedObject.name>
</cim:OperationalLimitSet>
<cim:OperationalLimitSet rdf:ID="_2909757f10c7417dacb496c731bc3106">
	<cim:IdentifiedObject.name>Voltage limits for node Node 2 - 110 kV</cim:IdentifiedObject.name>
</cim:OperationalLimitSet>
<cim:OperationalLimitSet rdf:ID="_917935dbcb8a4793af114051e4aa5f6c">
	<cim:IdentifiedObject.name>Voltage limits for node Swing</cim:IdentifiedObject.name>
</cim:OperationalLimitSet>
<cim:OperationalLimitSet rdf:ID="_2ac3fd52269a4ffd92662c97a2703c14">
	<cim:IdentifiedObject.name>Voltage limits for node Node 3</cim:IdentifiedObject.name>
</cim:OperationalLimitSet>
<cim:OperationalLimitSet rdf:ID="_983fc3583b0244118a3f5a7273dbab76">
	<cim:IdentifiedObject.name>Voltage limits for node Gen 1</cim:IdentifiedObject.name>
</cim:OperationalLimitSet>
<cim:OperationalLimitSet rdf:ID="_4f7d7280fc8f4ed3821b5fc26d4365d9">
	<cim:IdentifiedObject.name>Ratings</cim:IdentifiedObject.name>
	<cim:IdentifiedObject.description>Ratings for BranchNode 1 - 110 kVNode 2 - 110 kV1</cim:IdentifiedObject.description>
	<cim:OperationalLimitSet.Terminal rdf:resource="#_9b59f74cd9274ebaa1fc0e63187b0178"/>
</cim:OperationalLimitSet>
<cim:OperationalLimitSet rdf:ID="_8a54445a210f49379f1a560ec31fac57">
	<cim:IdentifiedObject.name>Ratings</cim:IdentifiedObject.name>
	<cim:IdentifiedObject.description>Ratings for BranchNode 1 - 110 kVNode 2 - 110 kV2</cim:IdentifiedObject.description>
	<cim:OperationalLimitSet.Terminal rdf:resource="#_4feb83861b044f8c895696768f725169"/>
</cim:OperationalLimitSet>
<cim:OperationalLimitSet rdf:ID="_9751acba1cfe459b8ef86e01d48d369e">
	<cim:IdentifiedObject.name>Ratings</cim:IdentifiedObject.name>
	<cim:IdentifiedObject.description>Ratings for BranchNode 3Node 2 - 110 kV1</cim:IdentifiedObject.description>
	<cim:OperationalLimitSet.Terminal rdf:resource="#_237af1c2f9ac4c6b874d6f637ca77310"/>
</cim:OperationalLimitSet>
<cim:OperationalLimitSet rdf:ID="_74d9948c3c25442bbfe5223fb69a02b0">
	<cim:IdentifiedObject.name>Ratings</cim:IdentifiedObject.name>
	<cim:IdentifiedObject.description>Ratings for Branch Node 1 - 110 kV_Swing_1</cim:IdentifiedObject.description>
	<cim:OperationalLimitSet.Terminal rdf:resource="#_2d86ca1a38e640e7b8fcabadf7fb47fc"/>
</cim:OperationalLimitSet>
<cim:OperationalLimitSet rdf:ID="_92212717d3eb4e4ca20cabbfed57a729">
	<cim:IdentifiedObject.name>Ratings</cim:IdentifiedObject.name>
	<cim:IdentifiedObject.description>Ratings for Branch Node 1 - 110 kV_Swing_1</cim:IdentifiedObject.description>
	<cim:OperationalLimitSet.Terminal rdf:resource="#_873051f975524c88b938b523973a93b9"/>
</cim:OperationalLimitSet>
<cim:OperationalLimitSet rdf:ID="_bbc89314f83e41e693839eb272613986">
	<cim:IdentifiedObject.name>Ratings</cim:IdentifiedObject.name>
	<cim:IdentifiedObject.description>Ratings for Branch Node 3_Gen 1_1</cim:IdentifiedObject.description>
	<cim:OperationalLimitSet.Terminal rdf:resource="#_1ce1908be6ca4d72b24f67497e9f5f91"/>
</cim:OperationalLimitSet>
<cim:OperationalLimitSet rdf:ID="_ac41d04f643244ffab74d33c7f7456e3">
	<cim:IdentifiedObject.name>Ratings</cim:IdentifiedObject.name>
	<cim:IdentifiedObject.description>Ratings for Branch Node 3_Gen 1_1</cim:IdentifiedObject.description>
	<cim:OperationalLimitSet.Terminal rdf:resource="#_02d618fca0e34f1498dea0a7deaf783d"/>
</cim:OperationalLimitSet>
<cim:OperationalLimitType rdf:ID="_06d1d53a31374a64a6346ceafeea2283">
	<cim:IdentifiedObject.name>Alarm</cim:IdentifiedObject.name>
	<cim:OperationalLimitType.direction rdf:resource="http://iec.ch/TC57/2009/CIM-schema-cim14#OperationalLimitDirectionKind.absoluteValue"/>
	<cim:OperationalLimitType.acceptableDuration>0</cim:OperationalLimitType.acceptableDuration>
</cim:OperationalLimitType>
<cim:OperationalLimitType rdf:ID="_db86c6aeab744ac2b9f4c513b6e305db">
	<cim:IdentifiedObject.name>TrippingCurrent</cim:IdentifiedObject.name>
	<cim:OperationalLimitType.direction rdf:resource="http://iec.ch/TC57/2009/CIM-schema-cim14#OperationalLimitDirectionKind.absoluteValue"/>
	<cim:OperationalLimitType.acceptableDuration>0</cim:OperationalLimitType.acceptableDuration>
</cim:OperationalLimitType>
<cim:OperationalLimitType rdf:ID="_1357be752e754b8496389c3223a774e0">
	<cim:IdentifiedObject.name>WarningTrippingCurrent</cim:IdentifiedObject.name>
	<cim:OperationalLimitType.direction rdf:resource="http://iec.ch/TC57/2009/CIM-schema-cim14#OperationalLimitDirectionKind.absoluteValue"/>
	<cim:OperationalLimitType.acceptableDuration>0</cim:OperationalLimitType.acceptableDuration>
</cim:OperationalLimitType>
<cim:OperationalLimitType rdf:ID="_d9fb4476b95340e59d3224bd4c722fc8">
	<cim:IdentifiedObject.name>LowVoltage</cim:IdentifiedObject.name>
	<cim:OperationalLimitType.direction rdf:resource="http://iec.ch/TC57/2009/CIM-schema-cim14#OperationalLimitDirectionKind.low"/>
	<cim:OperationalLimitType.acceptableDuration>0</cim:OperationalLimitType.acceptableDuration>
</cim:OperationalLimitType>
<cim:OperationalLimitType rdf:ID="_57e1f2b26cd048ef91858a7ea30210c3">
	<cim:IdentifiedObject.name>HighVoltage</cim:IdentifiedObject.name>
	<cim:OperationalLimitType.direction rdf:resource="http://iec.ch/TC57/2009/CIM-schema-cim14#OperationalLimitDirectionKind.high"/>
	<cim:OperationalLimitType.acceptableDuration>0</cim:OperationalLimitType.acceptableDuration>
</cim:OperationalLimitType>
<cim:CurrentLimit rdf:ID="_9f5c58118f5e4703bfbd5f19e5da4f5f">
	<cim:IdentifiedObject.name>Normal</cim:IdentifiedObject.name>
	<cim:IdentifiedObject.description>Ratings for Branch Node 1 - 110 kV_Node 2 - 110 kV_1 - Normal</cim:IdentifiedObject.description>
	<cim:CurrentLimit.value>720.000</cim:CurrentLimit.value>
	<cim:OperationalLimit.OperationalLimitSet rdf:resource="#_4f7d7280fc8f4ed3821b5fc26d4365d9"/>
	<cim:OperationalLimit.OperationalLimitType rdf:resource="#_06d1d53a31374a64a6346ceafeea2283"/>
</cim:CurrentLimit>
<cim:CurrentLimit rdf:ID="_9f5c58118f5e4703bfbd5f19e5da4f5f">
	<cim:IdentifiedObject.name>Emergency</cim:IdentifiedObject.name>
	<cim:IdentifiedObject.description>Ratings for Branch Node 1 - 110 kV_Node 2 - 110 kV_1 - Emergency</cim:IdentifiedObject.description>
	<cim:CurrentLimit.value>0.000</cim:CurrentLimit.value>
	<cim:OperationalLimit.OperationalLimitSet rdf:resource="#_4f7d7280fc8f4ed3821b5fc26d4365d9"/>
	<cim:OperationalLimit.OperationalLimitType rdf:resource="#_db86c6aeab744ac2b9f4c513b6e305db"/>
</cim:CurrentLimit>
<cim:CurrentLimit rdf:ID="_9f5c58118f5e4703bfbd5f19e5da4f5f">
	<cim:IdentifiedObject.name>ShortTerm</cim:IdentifiedObject.name>
	<cim:IdentifiedObject.description>Ratings for Branch Node 1 - 110 kV_Node 2 - 110 kV_1 - ShortTerm</cim:IdentifiedObject.description>
	<cim:CurrentLimit.value>0.000</cim:CurrentLimit.value>
	<cim:OperationalLimit.OperationalLimitSet rdf:resource="#_4f7d7280fc8f4ed3821b5fc26d4365d9"/>
	<cim:OperationalLimit.OperationalLimitType rdf:resource="#_1357be752e754b8496389c3223a774e0"/>
</cim:CurrentLimit>
<cim:CurrentLimit rdf:ID="_381a6a73c2a3417dbbc01df6da1cf133">
	<cim:IdentifiedObject.name>Normal</cim:IdentifiedObject.name>
	<cim:IdentifiedObject.description>Ratings for Branch Node 1 - 110 kV_Node 2 - 110 kV_2 - Normal</cim:IdentifiedObject.description>
	<cim:CurrentLimit.value>720.000</cim:CurrentLimit.value>
	<cim:OperationalLimit.OperationalLimitSet rdf:resource="#_8a54445a210f49379f1a560ec31fac57"/>
	<cim:OperationalLimit.OperationalLimitType rdf:resource="#_06d1d53a31374a64a6346ceafeea2283"/>
</cim:CurrentLimit>
<cim:CurrentLimit rdf:ID="_381a6a73c2a3417dbbc01df6da1cf133">
	<cim:IdentifiedObject.name>Emergency</cim:IdentifiedObject.name>
	<cim:IdentifiedObject.description>Ratings for Branch Node 1 - 110 kV_Node 2 - 110 kV_2 - Emergency</cim:IdentifiedObject.description>
	<cim:CurrentLimit.value>0.000</cim:CurrentLimit.value>
	<cim:OperationalLimit.OperationalLimitSet rdf:resource="#_8a54445a210f49379f1a560ec31fac57"/>
	<cim:OperationalLimit.OperationalLimitType rdf:resource="#_db86c6aeab744ac2b9f4c513b6e305db"/>
</cim:CurrentLimit>
<cim:CurrentLimit rdf:ID="_381a6a73c2a3417dbbc01df6da1cf133">
	<cim:IdentifiedObject.name>ShortTerm</cim:IdentifiedObject.name>
	<cim:IdentifiedObject.description>Ratings for Branch Node 1 - 110 kV_Node 2 - 110 kV_2 - ShortTerm</cim:IdentifiedObject.description>
	<cim:CurrentLimit.value>0.000</cim:CurrentLimit.value>
	<cim:OperationalLimit.OperationalLimitSet rdf:resource="#_8a54445a210f49379f1a560ec31fac57"/>
	<cim:OperationalLimit.OperationalLimitType rdf:resource="#_1357be752e754b8496389c3223a774e0"/>
</cim:CurrentLimit>
<cim:CurrentLimit rdf:ID="_529155bcd9cd416783c94e6ee5a526ce">
	<cim:IdentifiedObject.name>Normal</cim:IdentifiedObject.name>
	<cim:IdentifiedObject.description>Ratings for Branch Node 3_Node 2 - 110 kV_1 - Normal</cim:IdentifiedObject.description>
	<cim:CurrentLimit.value>720.000</cim:CurrentLimit.value>
	<cim:OperationalLimit.OperationalLimitSet rdf:resource="#_9751acba1cfe459b8ef86e01d48d369e"/>
	<cim:OperationalLimit.OperationalLimitType rdf:resource="#_06d1d53a31374a64a6346ceafeea2283"/>
</cim:CurrentLimit>
<cim:CurrentLimit rdf:ID="_529155bcd9cd416783c94e6ee5a526ce">
	<cim:IdentifiedObject.name>Emergency</cim:IdentifiedObject.name>
	<cim:IdentifiedObject.description>Ratings for Branch Node 3_Node 2 - 110 kV_1 - Emergency</cim:IdentifiedObject.description>
	<cim:CurrentLimit.value>0.000</cim:CurrentLimit.value>
	<cim:OperationalLimit.OperationalLimitSet rdf:resource="#_9751acba1cfe459b8ef86e01d48d369e"/>
	<cim:OperationalLimit.OperationalLimitType rdf:resource="#_db86c6aeab744ac2b9f4c513b6e305db"/>
</cim:CurrentLimit>
<cim:CurrentLimit rdf:ID="_529155bcd9cd416783c94e6ee5a526ce">
	<cim:IdentifiedObject.name>ShortTerm</cim:IdentifiedObject.name>
	<cim:IdentifiedObject.description>Ratings for Branch Node 3_Node 2 - 110 kV_1 - ShortTerm</cim:IdentifiedObject.description>
	<cim:CurrentLimit.value>0.000</cim:CurrentLimit.value>
	<cim:OperationalLimit.OperationalLimitSet rdf:resource="#_9751acba1cfe459b8ef86e01d48d369e"/>
	<cim:OperationalLimit.OperationalLimitType rdf:resource="#_1357be752e754b8496389c3223a774e0"/>
</cim:CurrentLimit>
<cim:CurrentLimit rdf:ID="_160c656c890e45c480c427f532ce7d9e">
	<cim:IdentifiedObject.name>Emergency</cim:IdentifiedObject.name>
	<cim:IdentifiedObject.description>Ratings for Branch Node 1 - 110 kV_Swing_1 - Normal</cim:IdentifiedObject.description>
	<cim:CurrentLimit.value>0.525</cim:CurrentLimit.value>
	<cim:OperationalLimit.OperationalLimitSet rdf:resource="#_74d9948c3c25442bbfe5223fb69a02b0"/>
	<cim:OperationalLimit.OperationalLimitType rdf:resource="#_06d1d53a31374a64a6346ceafeea2283"/>
</cim:CurrentLimit>
<cim:CurrentLimit rdf:ID="_c09e4cf875f0456dbcc6aad51b5b650e">
	<cim:IdentifiedObject.name>Normal</cim:IdentifiedObject.name>
	<cim:IdentifiedObject.description>Ratings for Branch Node 1 - 110 kV_Swing_1 - Emergency</cim:IdentifiedObject.description>
	<cim:CurrentLimit.value>0.000</cim:CurrentLimit.value>
	<cim:OperationalLimit.OperationalLimitSet rdf:resource="#_74d9948c3c25442bbfe5223fb69a02b0"/>
	<cim:OperationalLimit.OperationalLimitType rdf:resource="#_db86c6aeab744ac2b9f4c513b6e305db"/>
</cim:CurrentLimit>
<cim:CurrentLimit rdf:ID="_203cdb20fc91425dbc5a4b8187bc786f">
	<cim:IdentifiedObject.name>ShortTerm</cim:IdentifiedObject.name>
	<cim:IdentifiedObject.description>Ratings for Branch Node 1 - 110 kV_Swing_1 - ShortTerm</cim:IdentifiedObject.description>
	<cim:CurrentLimit.value>0.000</cim:CurrentLimit.value>
	<cim:OperationalLimit.OperationalLimitSet rdf:resource="#_74d9948c3c25442bbfe5223fb69a02b0"/>
	<cim:OperationalLimit.OperationalLimitType rdf:resource="#_1357be752e754b8496389c3223a774e0"/>
</cim:CurrentLimit>
<cim:CurrentLimit rdf:ID="_7885cde06a8e41da8eee2f626e53c462">
	<cim:IdentifiedObject.name>Emergency</cim:IdentifiedObject.name>
	<cim:IdentifiedObject.description>Ratings for Branch Node 1 - 110 kV_Swing_1 - Normal</cim:IdentifiedObject.description>
	<cim:CurrentLimit.value>5.774</cim:CurrentLimit.value>
	<cim:OperationalLimit.OperationalLimitSet rdf:resource="#_92212717d3eb4e4ca20cabbfed57a729"/>
	<cim:OperationalLimit.OperationalLimitType rdf:resource="#_06d1d53a31374a64a6346ceafeea2283"/>
</cim:CurrentLimit>
<cim:CurrentLimit rdf:ID="_1b28e4a4c0954324aeff1a2bd12bcae2">
	<cim:IdentifiedObject.name>Normal</cim:IdentifiedObject.name>
	<cim:IdentifiedObject.description>Ratings for Branch Node 1 - 110 kV_Swing_1 - Emergency</cim:IdentifiedObject.description>
	<cim:CurrentLimit.value>0.000</cim:CurrentLimit.value>
	<cim:OperationalLimit.OperationalLimitSet rdf:resource="#_92212717d3eb4e4ca20cabbfed57a729"/>
	<cim:OperationalLimit.OperationalLimitType rdf:resource="#_db86c6aeab744ac2b9f4c513b6e305db"/>
</cim:CurrentLimit>
<cim:CurrentLimit rdf:ID="_40635512fc994094ad56c1d64e3436eb">
	<cim:IdentifiedObject.name>ShortTerm</cim:IdentifiedObject.name>
	<cim:IdentifiedObject.description>Ratings for Branch Node 1 - 110 kV_Swing_1 - ShortTerm</cim:IdentifiedObject.description>
	<cim:CurrentLimit.value>0.000</cim:CurrentLimit.value>
	<cim:OperationalLimit.OperationalLimitSet rdf:resource="#_92212717d3eb4e4ca20cabbfed57a729"/>
	<cim:OperationalLimit.OperationalLimitType rdf:resource="#_1357be752e754b8496389c3223a774e0"/>
</cim:CurrentLimit>
<cim:CurrentLimit rdf:ID="_d92891cddaf54987b36c10dfcd402347">
	<cim:IdentifiedObject.name>Emergency</cim:IdentifiedObject.name>
	<cim:IdentifiedObject.description>Ratings for Branch Node 3_Gen 1_1 - Normal</cim:IdentifiedObject.description>
	<cim:CurrentLimit.value>0.525</cim:CurrentLimit.value>
	<cim:OperationalLimit.OperationalLimitSet rdf:resource="#_bbc89314f83e41e693839eb272613986"/>
	<cim:OperationalLimit.OperationalLimitType rdf:resource="#_06d1d53a31374a64a6346ceafeea2283"/>
</cim:CurrentLimit>
<cim:CurrentLimit rdf:ID="_080403b4f15c4038a2514bd3e521a121">
	<cim:IdentifiedObject.name>Normal</cim:IdentifiedObject.name>
	<cim:IdentifiedObject.description>Ratings for Branch Node 3_Gen 1_1 - Emergency</cim:IdentifiedObject.description>
	<cim:CurrentLimit.value>0.000</cim:CurrentLimit.value>
	<cim:OperationalLimit.OperationalLimitSet rdf:resource="#_bbc89314f83e41e693839eb272613986"/>
	<cim:OperationalLimit.OperationalLimitType rdf:resource="#_db86c6aeab744ac2b9f4c513b6e305db"/>
</cim:CurrentLimit>
<cim:CurrentLimit rdf:ID="_d74ea534d3cc47bfb608f59176ebcc0b">
	<cim:IdentifiedObject.name>ShortTerm</cim:IdentifiedObject.name>
	<cim:IdentifiedObject.description>Ratings for Branch Node 3_Gen 1_1 - ShortTerm</cim:IdentifiedObject.description>
	<cim:CurrentLimit.value>0.000</cim:CurrentLimit.value>
	<cim:OperationalLimit.OperationalLimitSet rdf:resource="#_bbc89314f83e41e693839eb272613986"/>
	<cim:OperationalLimit.OperationalLimitType rdf:resource="#_1357be752e754b8496389c3223a774e0"/>
</cim:CurrentLimit>
<cim:CurrentLimit rdf:ID="_323bd720b3484b9aa719a6e36644a2a9">
	<cim:IdentifiedObject.name>Emergency</cim:IdentifiedObject.name>
	<cim:IdentifiedObject.description>Ratings for Branch Node 3_Gen 1_1 - Normal</cim:IdentifiedObject.description>
	<cim:CurrentLimit.value>5.774</cim:CurrentLimit.value>
	<cim:OperationalLimit.OperationalLimitSet rdf:resource="#_ac41d04f643244ffab74d33c7f7456e3"/>
	<cim:OperationalLimit.OperationalLimitType rdf:resource="#_06d1d53a31374a64a6346ceafeea2283"/>
</cim:CurrentLimit>
<cim:CurrentLimit rdf:ID="_4855cedb6a7e476c83f5f112f0a25617">
	<cim:IdentifiedObject.name>Normal</cim:IdentifiedObject.name>
	<cim:IdentifiedObject.description>Ratings for Branch Node 3_Gen 1_1 - Emergency</cim:IdentifiedObject.description>
	<cim:CurrentLimit.value>0.000</cim:CurrentLimit.value>
	<cim:OperationalLimit.OperationalLimitSet rdf:resource="#_ac41d04f643244ffab74d33c7f7456e3"/>
	<cim:OperationalLimit.OperationalLimitType rdf:resource="#_db86c6aeab744ac2b9f4c513b6e305db"/>
</cim:CurrentLimit>
<cim:CurrentLimit rdf:ID="_2f1d5e8e93e34913b79a0b34bdd94265">
	<cim:IdentifiedObject.name>ShortTerm</cim:IdentifiedObject.name>
	<cim:IdentifiedObject.description>Ratings for Branch Node 3_Gen 1_1 - ShortTerm</cim:IdentifiedObject.description>
	<cim:CurrentLimit.value>0.000</cim:CurrentLimit.value>
	<cim:OperationalLimit.OperationalLimitSet rdf:resource="#_ac41d04f643244ffab74d33c7f7456e3"/>
	<cim:OperationalLimit.OperationalLimitType rdf:resource="#_1357be752e754b8496389c3223a774e0"/>
</cim:CurrentLimit>
<cim:RegulatingControl rdf:ID="_d8cbbed237ac4325b0840a65f04ab9b0">
	<cim:IdentifiedObject.name>1</cim:IdentifiedObject.name>
	<cim:RegulatingControl.discrete>false</cim:RegulatingControl.discrete>
	<cim:RegulatingControl.mode rdf:resource="http://iec.ch/TC57/2009/CIM-schema-cim14#RegulatingControlModeKind.voltage"/>
	<cim:RegulatingControl.targetValue>10.000</cim:RegulatingControl.targetValue>
	<cim:RegulatingControl.targetRange>0.0</cim:RegulatingControl.targetRange>
	<cim:RegulatingControl.Terminal rdf:resource="#_f1ed867b26dd42e0aad14fb7a6ae2ef2"/>
</cim:RegulatingControl>
<cim:RegulatingControl rdf:ID="_cf2e51f0f561419b8d89da872135974d">
	<cim:IdentifiedObject.name>1</cim:IdentifiedObject.name>
	<cim:RegulatingControl.discrete>false</cim:RegulatingControl.discrete>
	<cim:RegulatingControl.mode rdf:resource="http://iec.ch/TC57/2009/CIM-schema-cim14#RegulatingControlModeKind.voltage"/>
	<cim:RegulatingControl.targetValue>10.000</cim:RegulatingControl.targetValue>
	<cim:RegulatingControl.targetRange>0.0</cim:RegulatingControl.targetRange>
	<cim:RegulatingControl.Terminal rdf:resource="#_260ec7228ce44850a3549114994113da"/>
</cim:RegulatingControl>
<cim:ExcitationSystem rdf:ID="_f0e65ab60a8943058a12b20a60e60da1">
	<cim:ExcitationSystem.name>ST1A</cim:ExcitationSystem.name>
	<cim:ExcitationSystem.TA>0.150000</cim:ExcitationSystem.TA>
	<cim:ExcitationSystem.TB>0.500000</cim:ExcitationSystem.TB>
	<cim:ExcitationSystem.TC>0.050000</cim:ExcitationSystem.TC>
	<cim:ExcitationSystem.TB1>0.500000</cim:ExcitationSystem.TB1>
	<cim:ExcitationSystem.TC1>0.050000</cim:ExcitationSystem.TC1>
	<cim:ExcitationSystem.TF>0.200000</cim:ExcitationSystem.TF>
	<cim:ExcitationSystem.TR>0.020000</cim:ExcitationSystem.TR>
	<cim:ExcitationSystem.VRMIN>-3.500000</cim:ExcitationSystem.VRMIN>
	<cim:ExcitationSystem.VRMAX>3.500000</cim:ExcitationSystem.VRMAX>
	<cim:ExcitationSystem.VAMIN>-6.000000</cim:ExcitationSystem.VAMIN>
	<cim:ExcitationSystem.VAMAX>6.000000</cim:ExcitationSystem.VAMAX>
	<cim:ExcitationSystem.VIMIN>-0.150000</cim:ExcitationSystem.VIMIN>
	<cim:ExcitationSystem.VIMAX>0.150000</cim:ExcitationSystem.VIMAX>
	<cim:ExcitationSystem.ILR>4.400000</cim:ExcitationSystem.ILR>
	<cim:ExcitationSystem.KA>5.000000</cim:ExcitationSystem.KA>
	<cim:ExcitationSystem.KC>0.038000</cim:ExcitationSystem.KC>
	<cim:ExcitationSystem.KF>0.000000</cim:ExcitationSystem.KF>
	<cim:ExcitationSystem.KLR>4.540000</cim:ExcitationSystem.KLR>
</cim:ExcitationSystem>
<cim:ExcitationSystem rdf:ID="_2ffc18a7b8744d9e8819c47d69f05263">
	<cim:ExcitationSystem.name>ST1A</cim:ExcitationSystem.name>
	<cim:ExcitationSystem.TA>0.150000</cim:ExcitationSystem.TA>
	<cim:ExcitationSystem.TB>0.500000</cim:ExcitationSystem.TB>
	<cim:ExcitationSystem.TC>0.050000</cim:ExcitationSystem.TC>
	<cim:ExcitationSystem.TB1>0.500000</cim:ExcitationSystem.TB1>
	<cim:ExcitationSystem.TC1>0.050000</cim:ExcitationSystem.TC1>
	<cim:ExcitationSystem.TF>0.200000</cim:ExcitationSystem.TF>
	<cim:ExcitationSystem.TR>0.020000</cim:ExcitationSystem.TR>
	<cim:ExcitationSystem.VRMIN>-4.000000</cim:ExcitationSystem.VRMIN>
	<cim:ExcitationSystem.VRMAX>4.000000</cim:ExcitationSystem.VRMAX>
	<cim:ExcitationSystem.VAMIN>-6.000000</cim:ExcitationSystem.VAMIN>
	<cim:ExcitationSystem.VAMAX>6.000000</cim:ExcitationSystem.VAMAX>
	<cim:ExcitationSystem.VIMIN>-0.150000</cim:ExcitationSystem.VIMIN>
	<cim:ExcitationSystem.VIMAX>0.150000</cim:ExcitationSystem.VIMAX>
	<cim:ExcitationSystem.ILR>4.400000</cim:ExcitationSystem.ILR>
	<cim:ExcitationSystem.KA>5.000000</cim:ExcitationSystem.KA>
	<cim:ExcitationSystem.KC>0.038000</cim:ExcitationSystem.KC>
	<cim:ExcitationSystem.KF>0.000000</cim:ExcitationSystem.KF>
	<cim:ExcitationSystem.KLR>4.540000</cim:ExcitationSystem.KLR>
</cim:ExcitationSystem>
<cim:TurbineSystem rdf:ID="_acd8649b11444a5db1643105ff34c7f4">
	<cim:TurbineSystem.TypeOfTurbine>0</cim:TurbineSystem.TypeOfTurbine>
	<cim:TurbineSystem.TypeOfTurbineGovernor>0</cim:TurbineSystem.TypeOfTurbineGovernor>
	<cim:TurbineSystem.TurbineGovernor rdf:resource="_53901188461146e595fdbed86c20b5aa">
	<cim:TurbineSystem.Prated>80.000000</cim:TurbineSystem.Prated>
	<cim:TurbineSystem.qnL>0.160000</cim:TurbineSystem.qnL>
	<cim:TurbineSystem.fp>0.000300</cim:TurbineSystem.fp>
	<cim:TurbineSystem.Zo>1.400000</cim:TurbineSystem.Zo>
	<cim:TurbineSystem.Te>2.000000</cim:TurbineSystem.Te>
	<cim:TurbineSystem.D>0.400000</cim:TurbineSystem.D>
</cim:TurbineSystem>
<cim:TurbineSystem rdf:ID="_d8d72797cd3d41a0ac470c532d87ba1f">
	<cim:TurbineSystem.TypeOfTurbine>0</cim:TurbineSystem.TypeOfTurbine>
	<cim:TurbineSystem.TypeOfTurbineGovernor>0</cim:TurbineSystem.TypeOfTurbineGovernor>
	<cim:TurbineSystem.TurbineGovernor rdf:resource="_c6897b6cd98a4c668862e208ae5db3bf">
	<cim:TurbineSystem.Prated>40.000000</cim:TurbineSystem.Prated>
	<cim:TurbineSystem.qnL>0.160000</cim:TurbineSystem.qnL>
	<cim:TurbineSystem.fp>0.000300</cim:TurbineSystem.fp>
	<cim:TurbineSystem.Zo>1.400000</cim:TurbineSystem.Zo>
	<cim:TurbineSystem.Te>2.000000</cim:TurbineSystem.Te>
	<cim:TurbineSystem.D>0.400000</cim:TurbineSystem.D>
</cim:TurbineSystem>
<cim:TurbineGovernor rdf:ID="_53901188461146e595fdbed86c20b5aa">
	<cim:TurbineGovernor.TypeOfTurbineGovernor>0</cim:ExcitationSystem.TurbineGovernor.TypeOfTurbineGovernor>
	<cim:TurbineGovernor.Tg>0.100000</cim:TurbineGovernor.Tg>
	<cim:TurbineGovernor.Tp>0.020000</cim:TurbineGovernor.Tp>
	<cim:TurbineGovernor.TR>1.000000</cim:TurbineGovernor.TR>
	<cim:TurbineGovernor.Q>10.000000</cim:TurbineGovernor.Q>
	<cim:TurbineGovernor.Rt>0.450000</cim:TurbineGovernor.Rt>
	<cim:TurbineGovernor.Rp>0.450000</cim:TurbineGovernor.Rp>
	<cim:TurbineGovernor.OPEN>0.100000</cim:TurbineGovernor.OPEN>
	<cim:TurbineGovernor.CLOSE>-0.100000</cim:TurbineGovernor.CLOSE>
	<cim:TurbineGovernor.GMIN>0.000000</cim:TurbineGovernor.GMIN>
	<cim:TurbineGovernor.GMAX>1.000000</cim:TurbineGovernor.GMAX>
</cim:TurbineGovernor>
<cim:TurbineGovernor rdf:ID="_c6897b6cd98a4c668862e208ae5db3bf">
	<cim:TurbineGovernor.TypeOfTurbineGovernor>0</cim:ExcitationSystem.TurbineGovernor.TypeOfTurbineGovernor>
	<cim:TurbineGovernor.Tg>0.100000</cim:TurbineGovernor.Tg>
	<cim:TurbineGovernor.Tp>0.020000</cim:TurbineGovernor.Tp>
	<cim:TurbineGovernor.TR>1.000000</cim:TurbineGovernor.TR>
	<cim:TurbineGovernor.Q>10.000000</cim:TurbineGovernor.Q>
	<cim:TurbineGovernor.Rt>0.450000</cim:TurbineGovernor.Rt>
	<cim:TurbineGovernor.Rp>0.450000</cim:TurbineGovernor.Rp>
	<cim:TurbineGovernor.OPEN>0.100000</cim:TurbineGovernor.OPEN>
	<cim:TurbineGovernor.CLOSE>-0.100000</cim:TurbineGovernor.CLOSE>
	<cim:TurbineGovernor.GMIN>0.000000</cim:TurbineGovernor.GMIN>
	<cim:TurbineGovernor.GMAX>1.000000</cim:TurbineGovernor.GMAX>
</cim:TurbineGovernor>
<cim:PSS rdf:ID="_41124b25021d4c028d49b71d56efee7a">
</cim:PSS>
<cim:PSS rdf:ID="_0c4fa056435b4fbda62205eb553741c6">
</cim:PSS>
<cim:RegulatingControl rdf:ID="(null)">
	<cim:IdentifiedObject.name>1</cim:IdentifiedObject.name>
	<cim:RegulatingControl.discrete>true</cim:RegulatingControl.discrete>
	<cim:RegulatingControl.mode rdf:resource="http://iec.ch/TC57/2009/CIM-schema-cim14#RegulatingControlModeKind.voltage"/>
	<cim:RegulatingControl.targetValue>110.000</cim:RegulatingControl.targetValue>
	<cim:RegulatingControl.targetRange>2.200</cim:RegulatingControl.targetRange>
	<cim:RegulatingControl.Terminal rdf:resource="#_034fcfb415a848da80ea9ceecde84658"/>
</cim:RegulatingControl>
<cim:RegulatingControl rdf:ID="(null)">
	<cim:IdentifiedObject.name>1</cim:IdentifiedObject.name>
	<cim:RegulatingControl.discrete>true</cim:RegulatingControl.discrete>
	<cim:RegulatingControl.mode rdf:resource="http://iec.ch/TC57/2009/CIM-schema-cim14#RegulatingControlModeKind.voltage"/>
	<cim:RegulatingControl.targetValue>110.000</cim:RegulatingControl.targetValue>
	<cim:RegulatingControl.targetRange>2.200</cim:RegulatingControl.targetRange>
	<cim:RegulatingControl.Terminal rdf:resource="#_e22adfa879a944d5bb6f647632c99db0"/>
</cim:RegulatingControl>
<cim:VoltageStabilitySettings rdf:ID="_874abdda1e3d4a83aa25ec7c57e97a8b">
	<cim:VoltageStabilitySettings.nmbOfIterations>256</cim:VoltageStabilitySettings.nmbOfIterations>
	<cim:VoltageStabilitySettings.nmbOfDrawingNodes>0</cim:VoltageStabilitySettings.nmbOfDrawingNodes>
	<cim:VoltageStabilitySettings.loadShiftCoefficient>1.050000</cim:VoltageStabilitySettings.loadShiftCoefficient>
	<cim:VoltageStabilitySettings.xScaleRatio>1.000000</cim:VoltageStabilitySettings.xScaleRatio>
	<cim:VoltageStabilitySettings.yScaleRatio>1.000000</cim:VoltageStabilitySettings.yScaleRatio>
	<cim:VoltageStabilitySettings.nmbNodesTakingPartInVoltageStability>0</cim:VoltageStabilitySettings.nmbNodesTakingPartInVoltageStability>
	<cim:VoltageStabilitySettings.nmbGensTakingPartInVoltageStability>0</cim:VoltageStabilitySettings.nmbGensTakingPartInVoltageStability>
</cim:VoltageStabilitySettings>
</rdf:RDF>